// ============================================================
// Auto-generated icon data for ESP32 Audio Switcher
// Icon size: 56x56 px, RGB565, PROGMEM
// 0x0000 = transparent (replaced with tile background color)
// ============================================================

#pragma once
#include <pgmspace.h>

#define ICON_W 56
#define ICON_H 56

// Icon: input1 (56x56 px)
const uint16_t PROGMEM icon_input1[3136] = {
  0x0821, 0x0821, 0x0821, 0x0821, 0x0821, 0x0821, 0x0821, 0x0821,
  0x0821, 0x0821, 0x0821, 0x0821, 0x0821, 0x0821, 0x0821, 0x0821,
  0x0821, 0x0821, 0x0821, 0x0821, 0x0821, 0x0821, 0x0821, 0x0821,
  0x0821, 0x0821, 0x0821, 0x0821, 0x0821, 0x0821, 0x0821, 0x0821,
  0x0821, 0x0821, 0x0821, 0x0821, 0x0821, 0x0821, 0x0821, 0x0821,
  0x0821, 0x0821, 0x0821, 0x0821, 0x0821, 0x0821, 0x0821, 0x0821,
  0x0821, 0x0821, 0x0821, 0x0821, 0x0821, 0x0821, 0x0821, 0x0821,
  0x0821, 0x0821, 0x0821, 0x0821, 0x0821, 0x0821, 0x0821, 0x0821,
  0x0821, 0x0821, 0x0821, 0x0821, 0x0821, 0x0821, 0x0821, 0x0821,
  0x0821, 0x0821, 0x0821, 0x0821, 0x0821, 0x0821, 0x0821, 0x0821,
  0x0821, 0x0821, 0x0821, 0x0821, 0x0821, 0x0821, 0x0821, 0x0821,
  0x0821, 0x0821, 0x0821, 0x0821, 0x0821, 0x0821, 0x0821, 0x0821,
  0x0821, 0x0821, 0x0821, 0x0821, 0x0821, 0x0821, 0x0821, 0x0821,
  0x0821, 0x0821, 0x0821, 0x0821, 0x0821, 0x0821, 0x0821, 0x0821,
  0x0821, 0x0821, 0x0821, 0x0821, 0x0821, 0x0821, 0x0821, 0x0821,
  0x0821, 0x0821, 0x0821, 0x0821, 0x0821, 0x0821, 0x0020, 0x0020,
  0x0821, 0x0821, 0x0821, 0x0821, 0x0821, 0x0821, 0x0821, 0x0821,
  0x0821, 0x0821, 0x0821, 0x0821, 0x0821, 0x0821, 0x0821, 0x0821,
  0x0821, 0x0821, 0x0821, 0x0821, 0x0821, 0x0821, 0x0020, 0x0020,
  0x0821, 0x0821, 0x0821, 0x0821, 0x0821, 0x0821, 0x0821, 0x0821,
  0x0821, 0x0821, 0x0821, 0x0821, 0x0821, 0x0821, 0x0821, 0x0821,
  0x0821, 0x0821, 0x0821, 0x0821, 0x0821, 0x0821, 0x0821, 0x0821,
  0x0821, 0x0821, 0x0821, 0x0821, 0x0821, 0x0821, 0x0821, 0x1800,
  0x0821, 0x0821, 0x0821, 0x0821, 0x0821, 0x0821, 0x0821, 0x0821,
  0x0821, 0x0821, 0x0821, 0x0821, 0x0821, 0x0821, 0x0821, 0x0821,
  0x0821, 0x0821, 0x0821, 0x0821, 0x0821, 0x0821, 0x0821, 0x0800,
  0x0821, 0x0821, 0x0821, 0x0821, 0x0821, 0x0821, 0x0821, 0x0821,
  0x0821, 0x0821, 0x0821, 0x0821, 0x0821, 0x0821, 0x0821, 0x0821,
  0x0821, 0x0821, 0x0821, 0x0821, 0x0821, 0x0821, 0x0821, 0x0821,
  0x0821, 0x0821, 0x0821, 0x0821, 0x0821, 0x0800, 0x9349, 0xCCAE,
  0x61C4, 0x0821, 0x0821, 0x0821, 0x0821, 0x0821, 0x0821, 0x0821,
  0x0821, 0x0821, 0x0821, 0x0821, 0x0821, 0x0821, 0x0821, 0x0821,
  0x0821, 0x0821, 0x0821, 0x0821, 0x0821, 0x20A1, 0xAC0B, 0xB42A,
  0x3881, 0x0821, 0x0821, 0x0821, 0x0821, 0x0821, 0x0821, 0x0821,
  0x0821, 0x0821, 0x0821, 0x0821, 0x0821, 0x0821, 0x0821, 0x0821,
  0x0821, 0x0821, 0x0821, 0x0821, 0x0821, 0x0821, 0x0821, 0x0821,
  0x0821, 0x0821, 0x0821, 0x0821, 0x0821, 0x5000, 0xFD2D, 0xFF55,
  0xD388, 0x1800, 0x0821, 0x0821, 0x0821, 0x0821, 0x0821, 0x0821,
  0x0821, 0x0821, 0x0821, 0x0821, 0x0821, 0x0821, 0x0821, 0x0821,
  0x0821, 0x0821, 0x0821, 0x0020, 0x0821, 0x51A4, 0xFE0F, 0xFE0E,
  0xA1E4, 0x0821, 0x0821, 0x0821, 0x0821, 0x0821, 0x0821, 0x0821,
  0x0821, 0x0821, 0x0821, 0x0821, 0x0821, 0x0821, 0x0821, 0x0821,
  0x0821, 0x0821, 0x0821, 0x0821, 0x0821, 0x0821, 0x0821, 0x0821,
  0x0821, 0x0821, 0x0821, 0x0821, 0x0821, 0x2800, 0xD225, 0xF307,
  0xF449, 0x6A04, 0x0821, 0x0821, 0x0821, 0x0821, 0x0821, 0x0821,
  0x0821, 0x0821, 0x0821, 0x0821, 0x0821, 0x0821, 0x0821, 0x0821,
  0x0821, 0x0821, 0x0821, 0x0821, 0x1000, 0xAA45, 0xF3A8, 0xEB27,
  0x70E1, 0x0821, 0x0821, 0x0821, 0x0821, 0x0821, 0x0821, 0x0821,
  0x0821, 0x0821, 0x0821, 0x0821, 0x0821, 0x0821, 0x0821, 0x0821,
  0x0821, 0x0821, 0x0821, 0x0821, 0x0821, 0x0821, 0x0821, 0x0821,
  0x0821, 0x0821, 0x0821, 0x0821, 0x0821, 0x0821, 0x1800, 0x3800,
  0x8A44, 0xF5AC, 0x7A04, 0x0821, 0x0821, 0x0821, 0x0821, 0x0821,
  0x0821, 0x0821, 0x0821, 0x0821, 0x0821, 0x0821, 0x0821, 0x0821,
  0x0821, 0x0821, 0x0821, 0x1861, 0xC42A, 0xD409, 0x4080, 0x1800,
  0x0800, 0x0821, 0x0821, 0x0821, 0x0821, 0x0821, 0x0821, 0x0821,
  0x0821, 0x0821, 0x0821, 0x0821, 0x0821, 0x0821, 0x0821, 0x0821,
  0x0821, 0x0821, 0x0821, 0x0821, 0x0821, 0x0821, 0x0821, 0x0821,
  0x0821, 0x0821, 0x0821, 0x0821, 0x0821, 0x0821, 0x0821, 0x0821,
  0x0800, 0x8204, 0xFDAC, 0x9306, 0x0820, 0x0821, 0x0821, 0x0821,
  0x0821, 0x0821, 0x0821, 0x0821, 0x0821, 0x0821, 0x0821, 0x0821,
  0x0821, 0x0821, 0x30A1, 0xDD2C, 0xDCCA, 0x38C1, 0x0821, 0x0821,
  0x0821, 0x0821, 0x0821, 0x0821, 0x0821, 0x0821, 0x0821, 0x0821,
  0x0821, 0x0821, 0x0821, 0x0821, 0x0821, 0x0821, 0x0821, 0x0821,
  0x0821, 0x0821, 0x0821, 0x0821, 0x0821, 0x0821, 0x0821, 0x0821,
  0x0821, 0x0821, 0x0821, 0x0821, 0x0821, 0x0821, 0x0821, 0x0821,
  0x0821, 0x0821, 0x79C3, 0xFD6C, 0xAB87, 0x2060, 0x0821, 0x0821,
  0x0821, 0x0821, 0x0821, 0x0821, 0x0821, 0x0821, 0x0821, 0x0821,
  0x0821, 0x4942, 0xED6C, 0xDCA9, 0x30C1, 0x0821, 0x0821, 0x0821,
  0x0821, 0x0821, 0x0821, 0x0821, 0x0821, 0x0821, 0x0821, 0x0821,
  0x0821, 0x0821, 0x0821, 0x0821, 0x0821, 0x0821, 0x0821, 0x0821,
  0x0821, 0x0821, 0x0821, 0x0821, 0x0821, 0x0821, 0x0821, 0x0821,
  0x0821, 0x0821, 0x1020, 0x2860, 0x0821, 0x0821, 0x0821, 0x0821,
  0x0821, 0x0821, 0x0821, 0x7121, 0xFCCA, 0xCBC7, 0x28A1, 0x0821,
  0x0020, 0x0821, 0x0821, 0x0821, 0x0821, 0x0821, 0x0821, 0x0800,
  0x69C4, 0xF58B, 0xD3C7, 0x3080, 0x0821, 0x0821, 0x0821, 0x0821,
  0x0821, 0x0821, 0x0821, 0x0821, 0x0821, 0x0821, 0x0821, 0x0821,
  0x0821, 0x0821, 0x0821, 0x0821, 0x0821, 0x0821, 0x0821, 0x0821,
  0x0821, 0x0821, 0x0821, 0x0821, 0x0821, 0x0821, 0x0821, 0x0821,
  0x0821, 0x0821, 0x1020, 0x2040, 0x0821, 0x0821, 0x0821, 0x0821,
  0x0821, 0x0821, 0x0821, 0x0821, 0x60C1, 0xFCA9, 0xD408, 0x2860,
  0x0821, 0x0821, 0x0821, 0x0821, 0x0821, 0x0821, 0x0821, 0x7A03,
  0xFD6B, 0xC346, 0x2000, 0x0821, 0x0821, 0x0821, 0x0821, 0x0821,
  0x0821, 0x0821, 0x0821, 0x0821, 0x0821, 0x0821, 0x0821, 0x0821,
  0x0821, 0x0821, 0x0821, 0x0821, 0x0821, 0x0821, 0x0821, 0x0821,
  0x0821, 0x0821, 0x0821, 0x0821, 0x0821, 0x0821, 0x0821, 0x0821,
  0x0821, 0x0821, 0x0821, 0x0821, 0x0821, 0x0821, 0x0821, 0x0821,
  0x0821, 0x0821, 0x0821, 0x0821, 0x0821, 0x6102, 0xAAC5, 0x60E1,
  0xA306, 0xB306, 0xAAC5, 0xAAA5, 0xAAC5, 0xA2E6, 0xAAC5, 0xDB86,
  0xB2A4, 0x2020, 0x0821, 0x0821, 0x0821, 0x0821, 0x0821, 0x0821,
  0x0821, 0x0821, 0x0821, 0x0821, 0x0821, 0x0821, 0x0821, 0x0821,
  0x0821, 0x0821, 0x0821, 0x0821, 0x0821, 0x0821, 0x0821, 0x0821,
  0x0821, 0x0821, 0x0821, 0x0821, 0x0821, 0x0821, 0x0821, 0x0821,
  0x0821, 0x0821, 0x0821, 0x0821, 0x0821, 0x0821, 0x0821, 0x0821,
  0x0821, 0x0821, 0x0821, 0x0821, 0x0821, 0x0821, 0x50C1, 0xDC28,
  0xFB06, 0xE963, 0xD943, 0xD102, 0xC8E2, 0xC0A1, 0xC122, 0xDAC5,
  0x60C1, 0x0821, 0x0821, 0x0821, 0x0821, 0x0821, 0x0821, 0x0821,
  0x0821, 0x0821, 0x0821, 0x0821, 0x0821, 0x0821, 0x0821, 0x0821,
  0x0821, 0x0821, 0x0821, 0x0821, 0x0821, 0x0821, 0x0821, 0x0821,
  0x0821, 0x0821, 0x0821, 0x0821, 0x0821, 0x0821, 0x0820, 0x30A0,
  0x6101, 0x6962, 0x69A3, 0x71C3, 0x71E4, 0x7A04, 0x7204, 0x7A04,
  0x7A04, 0x71C4, 0x69A3, 0x69A3, 0x6983, 0x79A4, 0xDC4A, 0xF3A8,
  0xE245, 0xD1E5, 0xC9C4, 0xC163, 0xB963, 0xB963, 0xB923, 0xC9E4,
  0xD2C5, 0x6983, 0x4922, 0x4922, 0x5122, 0x5122, 0x5122, 0x5122,
  0x5122, 0x5122, 0x5122, 0x5122, 0x5122, 0x4922, 0x4922, 0x3902,
  0x1081, 0x0821, 0x0821, 0x0821, 0x0821, 0x0821, 0x0821, 0x0821,
  0x0821, 0x0821, 0x0821, 0x0821, 0x0821, 0x30A1, 0xC40A, 0xFE31,
  0xFEB4, 0xFF16, 0xFF57, 0xFF57, 0xFF56, 0xFF36, 0xFF36, 0xFF37,
  0xFF16, 0xFF16, 0xFEF5, 0xFEF4, 0xFED4, 0xFED4, 0xFEB3, 0xF693,
  0xFEB2, 0xF693, 0xF692, 0xFE91, 0xFE71, 0xF671, 0xF671, 0xF650,
  0xFE50, 0xFE50, 0xFE2F, 0xFE2F, 0xFE30, 0xFE30, 0xFE2F, 0xFE0F,
  0xF5EF, 0xF5EF, 0xF5EF, 0xF5CE, 0xF5EF, 0xF5EF, 0xF5EF, 0xFE11,
  0xEE11, 0x8B49, 0x1040, 0x0821, 0x0821, 0x0821, 0x0821, 0x0821,
  0x0821, 0x0821, 0x0821, 0x0821, 0x2040, 0xCC2B, 0xFEB5, 0xFF5A,
  0xFEB7, 0xFDF3, 0xFD71, 0xFD2F, 0xFCCE, 0xFCCE, 0xFCAE, 0xFC6D,
  0xFC4C, 0xFC2C, 0xFBEC, 0xFBCB, 0xFB8B, 0xFB8A, 0xFB6A, 0xFB09,
  0xFAC8, 0xFAA8, 0xFA88, 0xFA67, 0xF247, 0xF227, 0xF206, 0xF1C6,
  0xF1C5, 0xF1A5, 0xE985, 0xE965, 0xE964, 0xE964, 0xE985, 0xE984,
  0xE944, 0xE144, 0xE144, 0xD944, 0xD124, 0xD124, 0xD124, 0xD985,
  0xF40B, 0xFE51, 0x9328, 0x0821, 0x0821, 0x0821, 0x0821, 0x0821,
  0x0821, 0x0821, 0x0821, 0x0821, 0x69A3, 0xFC2A, 0xFED6, 0xFDD1,
  0xFD0F, 0xFD2F, 0xFDD0, 0xFDD0, 0xFDAF, 0xFD6F, 0xFD6E, 0xFD6F,
  0xFD4E, 0xFD2E, 0xFD0E, 0xFD0D, 0xFD0D, 0xFCCD, 0xFCAC, 0xFC8C,
  0xFC8C, 0xFC8C, 0xFC6B, 0xFC4B, 0xFC2B, 0xFC2B, 0xFC0B, 0xFBEA,
  0xFBCA, 0xFBCA, 0xFBA9, 0xFB89, 0xFB48, 0xFB08, 0xF1A5, 0xE104,
  0xE104, 0xD8E3, 0xD0E3, 0xC8C3, 0xC0C3, 0xB8A3, 0xB0A3, 0xB083,
  0xB8E3, 0xEB69, 0xE54E, 0x38A1, 0x0821, 0x0821, 0x0821, 0x0821,
  0x0821, 0x0821, 0x0821, 0x0821, 0x7A86, 0xFB48, 0xFDD1, 0xFC8D,
  0xFCED, 0xE44A, 0xBA25, 0xBA25, 0xBA25, 0xBA05, 0xC205, 0xBA25,
  0xBA25, 0xBA05, 0xBA05, 0xB205, 0xB205, 0xB1E5, 0xA9E5, 0xA9E4,
  0xA1E4, 0xA1E4, 0x99C4, 0x99C4, 0x99C4, 0x91C4, 0x91E4, 0x91C4,
  0x91C4, 0x91C4, 0x89C4, 0x89C4, 0x89A3, 0xA204, 0xEA86, 0xE124,
  0xD8C3, 0xD0C3, 0xC8A3, 0xB882, 0xB082, 0xB062, 0xA882, 0xA883,
  0x9862, 0xD266, 0xE46B, 0x6225, 0x0821, 0x0821, 0x0821, 0x0821,
  0x0821, 0x0821, 0x0020, 0x0821, 0x7AC6, 0xFB27, 0xFD0E, 0xFC4C,
  0xEC6A, 0x98A1, 0x8800, 0x8800, 0x8800, 0x9000, 0x9000, 0x9000,
  0x9000, 0x9000, 0x8800, 0x8800, 0x8000, 0x7800, 0x7000, 0x6800,
  0x6800, 0x6000, 0x6000, 0x5800, 0x5000, 0x5000, 0x5000, 0x4800,
  0x4800, 0x4800, 0x4000, 0x4000, 0x4800, 0x4800, 0xA9C4, 0xE9A5,
  0xC862, 0xC8A2, 0xC8C3, 0xC0E3, 0xB0E3, 0xB903, 0xB0A2, 0xA062,
  0xA062, 0xC9E5, 0xDB68, 0x6245, 0x0821, 0x0821, 0x0821, 0x0821,
  0x0821, 0x0821, 0x0821, 0x0821, 0x7AA7, 0xFB07, 0xFCCC, 0xFBEA,
  0xE3A8, 0x7800, 0xA902, 0xE285, 0xE285, 0xEAC5, 0xEB26, 0xEBA7,
  0xEBA7, 0xEBA7, 0xEB87, 0xEB67, 0xE306, 0xE286, 0xDA25, 0xD205,
  0xC9C5, 0xC1A4, 0xB984, 0xB164, 0xB144, 0xA943, 0xA123, 0x9903,
  0x98E3, 0x90E3, 0x90C2, 0x88A2, 0x8082, 0x5000, 0x91A3, 0xE1C4,
  0xC042, 0xC8A2, 0xB103, 0xA185, 0xC206, 0x9985, 0xA944, 0xA082,
  0x9841, 0xC9C5, 0xDB27, 0x6204, 0x0821, 0x0821, 0x0821, 0x0821,
  0x0821, 0x0821, 0x0821, 0x0821, 0x7AA6, 0xFAE7, 0xFC6B, 0xFB48,
  0xE327, 0x7800, 0xC942, 0xFA85, 0xFAC5, 0xFBC7, 0xFD8D, 0xFE70,
  0xFDED, 0xFD0A, 0xFC28, 0xFBA7, 0xFAE6, 0xFA45, 0xF205, 0xE9C5,
  0xD984, 0xD164, 0xC144, 0xB903, 0xB0E3, 0xA8E3, 0xA0E3, 0xA0C3,
  0x98A2, 0x90C3, 0x90A2, 0x88A2, 0x88A2, 0x6000, 0x99A4, 0xD984,
  0xC021, 0xC903, 0x9964, 0xC924, 0xB0C3, 0xB0E3, 0x88E3, 0xA0C2,
  0x9842, 0xC1A4, 0xDB07, 0x6204, 0x0821, 0x0821, 0x0821, 0x0821,
  0x0821, 0x0821, 0x0821, 0x0821, 0x7AA6, 0xFAA6, 0xFC4A, 0xFAE7,
  0xE306, 0x8000, 0xD142, 0xFA85, 0xFB87, 0xFCAA, 0xFF15, 0xFFFA,
  0xFEF4, 0xFD4B, 0xFC69, 0xFBC8, 0xFB47, 0xFAA6, 0xF266, 0xF225,
  0xE9C5, 0xD984, 0xD164, 0xC944, 0xC124, 0xB103, 0xA903, 0xA0E3,
  0x98C3, 0x90C3, 0x88A2, 0x88A2, 0x80A2, 0x6000, 0x99A4, 0xD184,
  0xB801, 0xB943, 0xB164, 0xB8A2, 0xB0A3, 0xA8C3, 0x8082, 0xA0C3,
  0xA041, 0xC1A4, 0xDAE6, 0x6204, 0x0821, 0x0821, 0x0821, 0x0821,
  0x0821, 0x0821, 0x0821, 0x0821, 0x7A85, 0xFA65, 0xFC29, 0xFA86,
  0xE306, 0x8800, 0xD142, 0xFAA5, 0xFBA7, 0xFCCA, 0xFEF4, 0xFF38,
  0xFDCF, 0xFCA9, 0xFC08, 0xFB67, 0xFAE6, 0xFA86, 0xFA25, 0xF205,
  0xE9C5, 0xD984, 0xD164, 0xC944, 0xC124, 0xB124, 0xA903, 0xA0E3,
  0x98C3, 0x90C3, 0x88A2, 0x80A2, 0x8082, 0x6000, 0x99A4, 0xD184,
  0xB001, 0xB923, 0x90C2, 0xB8C3, 0xB0E4, 0xB0E4, 0x7861, 0xA0C2,
  0xA041, 0xC984, 0xDAE6, 0x6204, 0x0821, 0x0821, 0x0821, 0x0821,
  0x0821, 0x0821, 0x0821, 0x0821, 0x7AA6, 0xFA65, 0xFBE9, 0xFA45,
  0xDAE6, 0x8000, 0xD122, 0xFA44, 0xFB25, 0xFBE7, 0xFC69, 0xFC69,
  0xFC08, 0xFB87, 0xFB06, 0xFAA6, 0xFA45, 0xF1E5, 0xF1C5, 0xE984,
  0xE164, 0xD144, 0xC924, 0xB924, 0xB103, 0xA903, 0xA0E3, 0x98C3,
  0x90C3, 0x88A2, 0x80A2, 0x7882, 0x7882, 0x5800, 0x99A3, 0xD184,
  0xB000, 0xB8A2, 0x9923, 0x88E3, 0x7862, 0x80C3, 0x9923, 0xA082,
  0xA021, 0xC9A4, 0xDB27, 0x6204, 0x0821, 0x0821, 0x0821, 0x0821,
  0x0821, 0x0821, 0x0821, 0x0821, 0x7AA6, 0xF245, 0xF3C9, 0xFA25,
  0xDAE5, 0x7800, 0xC8C1, 0xF983, 0xF9E3, 0xFA64, 0xFAA4, 0xFAC5,
  0xFAC5, 0xFA85, 0xFA25, 0xF9E5, 0xF1A4, 0xE984, 0xE164, 0xD944,
  0xD124, 0xC124, 0xB903, 0xB0E3, 0xA8E3, 0xA0C3, 0x98C3, 0x90A2,
  0x88A2, 0x80A2, 0x7882, 0x7062, 0x7061, 0x5800, 0x99A3, 0xD184,
  0xB001, 0xB021, 0xB8C2, 0xA164, 0x9923, 0x9923, 0xB0C2, 0xA821,
  0xA821, 0xC9A3, 0xDB27, 0x6A25, 0x0821, 0x0821, 0x0821, 0x0821,
  0x0821, 0x0821, 0x0821, 0x0821, 0x7AA5, 0xF245, 0xF3A8, 0xFA05,
  0xDAA5, 0x7000, 0xB881, 0xE8E2, 0xE902, 0xF983, 0xF9E4, 0xFA04,
  0xF9E4, 0xF1A4, 0xF184, 0xE964, 0xE144, 0xD924, 0xC924, 0xC123,
  0xC103, 0xB0E3, 0xA8E3, 0xA0C3, 0x98C3, 0x90C3, 0x88A2, 0x80A2,
  0x8082, 0x7882, 0x7082, 0x7061, 0x7061, 0x5000, 0x99A3, 0xD184,
  0xB000, 0xB041, 0xB001, 0xC061, 0xC8C2, 0xC082, 0xB001, 0xB021,
  0xB021, 0xD183, 0xDB27, 0x6A45, 0x0821, 0x0821, 0x0821, 0x0821,
  0x0821, 0x0821, 0x0821, 0x0821, 0x7AC5, 0xF204, 0xF3A8, 0xF1E5,
  0xD2A5, 0x6800, 0xA861, 0xD0A2, 0xC8C2, 0xE123, 0xE923, 0xE143,
  0xE144, 0xE143, 0xD923, 0xD124, 0xC923, 0xC103, 0xB903, 0xB8E3,
  0xB0E3, 0xA8C3, 0xA0C3, 0x98A3, 0x90A2, 0x80A2, 0x8082, 0x7882,
  0x7062, 0x7062, 0x6861, 0x6841, 0x6841, 0x5000, 0x99A3, 0xC964,
  0xB000, 0xB841, 0xC8A2, 0xB903, 0xB165, 0xB903, 0xC8C2, 0xB821,
  0xB021, 0xC943, 0xD306, 0x6A44, 0x0821, 0x0821, 0x0821, 0x0821,
  0x0821, 0x0821, 0x0821, 0x0821, 0x7A85, 0xF1E4, 0xF388, 0xF1A4,
  0xD2A5, 0x6800, 0x9841, 0xB082, 0xA882, 0xC0C2, 0xC8E3, 0xC903,
  0xC903, 0xC903, 0xC103, 0xB903, 0xB8E3, 0xB0E3, 0xA8E3, 0xA8E3,
  0xA0C3, 0x98C3, 0x90A2, 0x88A2, 0x8082, 0x7882, 0x7082, 0x6862,
  0x6861, 0x6841, 0x6041, 0x6041, 0x6041, 0x4800, 0x99A3, 0xC963,
  0xB000, 0xC882, 0xC206, 0xEDD3, 0xFE94, 0xE50D, 0xC205, 0xC041,
  0xB821, 0xD163, 0xDB47, 0x6A65, 0x0821, 0x0821, 0x0821, 0x0821,
  0x0821, 0x0821, 0x0821, 0x0821, 0x7A85, 0xE984, 0xEB67, 0xE984,
  0xD284, 0x6000, 0x8841, 0xA062, 0x9862, 0xA8A2, 0xB0C2, 0xB0C3,
  0xB0E3, 0xB0C3, 0xB0E3, 0xA8E3, 0xA8C3, 0xA0C3, 0xA0C3, 0x98A3,
  0x90A2, 0x90A2, 0x8082, 0x8082, 0x7862, 0x6862, 0x6841, 0x6041,
  0x6041, 0x6041, 0x5821, 0x5821, 0x5820, 0x4000, 0x9183, 0xC943,
  0xB000, 0xC923, 0xD42B, 0xFCAA, 0xFCCA, 0xFC88, 0xC345, 0xC0E2,
  0xC000, 0xD183, 0xDB67, 0x6A85, 0x0821, 0x0821, 0x0821, 0x0821,
  0x0821, 0x0821, 0x0821, 0x0821, 0x7A85, 0xE163, 0xEB27, 0xD943,
  0xCA44, 0x5800, 0x8041, 0x8861, 0x8062, 0x9082, 0xA0A2, 0xA0A2,
  0xA0C3, 0xA0A2, 0xA0A3, 0x98C3, 0x98A3, 0x90A2, 0x90A2, 0x88A2,
  0x8082, 0x8082, 0x7062, 0x7062, 0x6841, 0x6041, 0x5821, 0x5821,
  0x5821, 0x5021, 0x5021, 0x5000, 0x5020, 0x3800, 0x9183, 0xC943,
  0xB000, 0xC8C2, 0xC306, 0xFC28, 0xFBA6, 0xFBE5, 0xBAC4, 0xB8C2,
  0xC021, 0xD183, 0xDB68, 0x6A85, 0x0821, 0x0821, 0x0821, 0x0821,
  0x0821, 0x0821, 0x0821, 0x0821, 0x7A85, 0xE143, 0xEAE6, 0xD903,
  0xCA24, 0x5000, 0x7841, 0x7841, 0x7041, 0x8062, 0x8862, 0x8882,
  0x9082, 0x9082, 0x8882, 0x88A2, 0x8882, 0x8082, 0x8082, 0x7882,
  0x7062, 0x7061, 0x6841, 0x6041, 0x5821, 0x5021, 0x5021, 0x5021,
  0x5000, 0x4801, 0x4800, 0x4800, 0x4800, 0x3800, 0x9183, 0xC943,
  0xB000, 0xC041, 0xA943, 0xCAA3, 0xE303, 0xCA83, 0xB163, 0xB841,
  0xB800, 0xD163, 0xDB88, 0x6A85, 0x0821, 0x0821, 0x0821, 0x0821,
  0x0821, 0x0821, 0x0821, 0x0821, 0x7A44, 0xD923, 0xE2C6, 0xD0E2,
  0xC224, 0x5000, 0x6821, 0x7021, 0x6021, 0x7041, 0x7841, 0x7862,
  0x7862, 0x7862, 0x7862, 0x7882, 0x7862, 0x7062, 0x7062, 0x6842,
  0x6841, 0x6041, 0x5821, 0x5821, 0x5021, 0x5001, 0x5001, 0x5000,
  0x4800, 0x4800, 0x4800, 0x4000, 0x4800, 0x3800, 0x9183, 0xC923,
  0xB000, 0xB800, 0xC041, 0xB943, 0xC204, 0xB983, 0xC082, 0xC000,
  0xB800, 0xD142, 0xDB88, 0x6AA6, 0x0821, 0x0020, 0x0821, 0x0821,
  0x0821, 0x0821, 0x0821, 0x0821, 0x7A64, 0xD903, 0xE2A6, 0xC8C2,
  0xC1E3, 0x4800, 0x6021, 0x6001, 0x5801, 0x6021, 0x6021, 0x6041,
  0x6841, 0x6841, 0x6841, 0x6842, 0x6841, 0x6041, 0x6041, 0x6041,
  0x5821, 0x5801, 0x5801, 0x5801, 0x5000, 0x5000, 0x5000, 0x5000,
  0x7000, 0x6000, 0x4800, 0x4800, 0x4800, 0x3800, 0x9163, 0xC902,
  0xB000, 0xB800, 0xC000, 0xD061, 0xD8C2, 0xD8C2, 0xC000, 0xB800,
  0xB800, 0xD142, 0xDBA7, 0x6AC6, 0x0821, 0x0020, 0x0821, 0x0821,
  0x0821, 0x0821, 0x0821, 0x0821, 0x7A65, 0xD103, 0xDA85, 0xC0A2,
  0xB9C3, 0x4000, 0x5800, 0x5000, 0x4800, 0x5001, 0x5001, 0x5021,
  0x5821, 0x5821, 0x5821, 0x5821, 0x5821, 0x5821, 0x5821, 0x5821,
  0x5801, 0x5801, 0x5800, 0x5800, 0x5800, 0x5800, 0x6000, 0x6000,
  0x6800, 0x6000, 0x5800, 0x5000, 0x4800, 0x3800, 0x9163, 0xC902,
  0xB000, 0xB800, 0xC881, 0xB9C6, 0xBBEE, 0xAA07, 0xC082, 0xC021,
  0xB800, 0xD142, 0xDBC8, 0x6AC6, 0x0821, 0x0020, 0x0821, 0x0821,
  0x0821, 0x0821, 0x0821, 0x0821, 0x7A64, 0xD103, 0xDA85, 0xC0A2,
  0xB9A3, 0x4000, 0x4800, 0x4800, 0x4000, 0x4800, 0x4800, 0x4801,
  0x5001, 0x5000, 0x5001, 0x5001, 0x5001, 0x5800, 0x5801, 0x5800,
  0x5800, 0x6000, 0x6000, 0x6000, 0x6800, 0x7000, 0x8000, 0x7000,
  0x6800, 0x6800, 0x6000, 0x5800, 0x5000, 0x3800, 0x9943, 0xC902,
  0xB000, 0xC861, 0xAAA9, 0xF677, 0xFE57, 0xEE37, 0xBB4B, 0xB861,
  0xC000, 0xD142, 0xDBC8, 0x72C6, 0x0821, 0x0020, 0x0821, 0x0821,
  0x0821, 0x0821, 0x0821, 0x0821, 0x7A44, 0xC8E2, 0xD265, 0xB8A2,
  0xB963, 0x4800, 0x4020, 0x3800, 0x4000, 0x4000, 0x4800, 0x4800,
  0x4820, 0x5000, 0x5020, 0x5020, 0x5020, 0x5821, 0x6021, 0x6021,
  0x6820, 0x6820, 0x7020, 0x7020, 0x7020, 0x7020, 0x7020, 0x7820,
  0x7820, 0x7020, 0x6800, 0x6000, 0x5020, 0x3800, 0x90E2, 0xC8C2,
  0xB000, 0xC8A2, 0xC490, 0xFD93, 0xF5D5, 0xED12, 0xB44F, 0xB944,
  0xB800, 0xD163, 0xDBC8, 0x72C6, 0x0821, 0x0020, 0x0821, 0x0821,
  0x0821, 0x0821, 0x0821, 0x0821, 0x7A44, 0xC0C2, 0xD285, 0xB082,
  0xC183, 0x7061, 0x4000, 0x3000, 0x3000, 0x3000, 0x3800, 0x3800,
  0x3800, 0x4000, 0x4800, 0x4800, 0x5000, 0x5800, 0x6000, 0x6800,
  0x7000, 0x7800, 0x8000, 0x7800, 0x8000, 0x7800, 0x7800, 0x7000,
  0x6000, 0x5800, 0x5000, 0x5000, 0x5000, 0x5000, 0xA9A3, 0xD0E2,
  0xB000, 0xC0A2, 0xAB2B, 0xE4F2, 0xE4B1, 0xD4B1, 0x9B4B, 0xB0E2,
  0xB800, 0xD183, 0xDB87, 0x72A5, 0x0821, 0x0020, 0x0821, 0x0821,
  0x0821, 0x0821, 0x0821, 0x0821, 0x7A04, 0xB8A2, 0xD2C6, 0xA041,
  0xA8E2, 0xBA25, 0x9A05, 0x9A05, 0x9A25, 0xA225, 0xA245, 0xA266,
  0xA266, 0xAA66, 0xAA86, 0xAAA6, 0xB2C6, 0xBAE7, 0xC328, 0xCB68,
  0xD389, 0xD3A9, 0xDBAA, 0xDBCA, 0xD3A9, 0xD389, 0xCB68, 0xC327,
  0xBAE6, 0xB2A6, 0xAA65, 0xAA45, 0xB245, 0xBB07, 0xD2A6, 0xB861,
  0xB000, 0xB820, 0xB144, 0xAB0B, 0xA3AD, 0x9B2B, 0xA9A5, 0xB041,
  0xB000, 0xD9A3, 0xD326, 0x7265, 0x0821, 0x0821, 0x0821, 0x0821,
  0x0821, 0x0821, 0x0821, 0x0821, 0x79C3, 0xA8A1, 0xCA85, 0x9821,
  0x8801, 0xA0C2, 0xB184, 0xB984, 0xB9A5, 0xC1C5, 0xC1C5, 0xC9E5,
  0xC9E5, 0xC9E5, 0xD1E5, 0xD226, 0xDA26, 0xDA46, 0xDA87, 0xE2A7,
  0xE2C7, 0xE2C8, 0xE2E8, 0xEAE8, 0xEAE8, 0xEAC7, 0xE2A7, 0xEA86,
  0xE245, 0xE205, 0xE1E4, 0xD9C4, 0xD9C4, 0xD1E5, 0xB881, 0xB000,
  0xB000, 0xB000, 0xC061, 0xB903, 0xB206, 0xB164, 0xB861, 0xB000,
  0xB000, 0xD962, 0xCA64, 0x6A03, 0x0821, 0x0821, 0x0821, 0x0821,
  0x0821, 0x0821, 0x0821, 0x0821, 0x8183, 0xA081, 0xC9C4, 0x8821,
  0x8801, 0x8000, 0x7800, 0x8000, 0x8000, 0x8800, 0x9000, 0x9000,
  0x9000, 0x9800, 0x9800, 0xA000, 0xA800, 0xA800, 0xB000, 0xB800,
  0xB800, 0xC000, 0xC000, 0xC000, 0xC000, 0xC000, 0xC000, 0xC000,
  0xC000, 0xB800, 0xB800, 0xB000, 0xB000, 0xB000, 0xB000, 0xB000,
  0xB000, 0xB000, 0xB000, 0xC041, 0xC020, 0xB841, 0xB000, 0xA800,
  0xB000, 0xD942, 0xC1E2, 0x6962, 0x0821, 0x0821, 0x0821, 0x0821,
  0x0821, 0x0821, 0x0821, 0x0821, 0x6102, 0xA102, 0xB163, 0xB902,
  0x8800, 0x8800, 0x8800, 0x8800, 0x9000, 0x9000, 0x9800, 0x9800,
  0x9800, 0xA000, 0xA000, 0xA800, 0xA800, 0xB000, 0xB800, 0xB820,
  0xC020, 0xC020, 0xC020, 0xC020, 0xC820, 0xC020, 0xC820, 0xC820,
  0xC020, 0xC020, 0xC000, 0xC000, 0xB800, 0xB800, 0xB800, 0xB800,
  0xB800, 0xB800, 0xB800, 0xB000, 0xB000, 0xB000, 0xB000, 0xA800,
  0xC942, 0xB942, 0xC161, 0x3020, 0x0821, 0x0821, 0x0821, 0x0821,
  0x0821, 0x0821, 0x0821, 0x0821, 0x0800, 0x9922, 0x9881, 0xC183,
  0xE9E4, 0xE1E4, 0xD9C3, 0xD9C3, 0xD9C3, 0xD9C3, 0xE1C3, 0xD9C3,
  0xE1E3, 0xE1E3, 0xE1E3, 0xE203, 0xE9E4, 0xEA04, 0xEA04, 0xEA04,
  0xEA04, 0xEA24, 0xF244, 0xF244, 0xF244, 0xF265, 0xF285, 0xF265,
  0xF285, 0xF265, 0xF264, 0xEA64, 0xEA44, 0xEA44, 0xEA23, 0xEA03,
  0xE9E3, 0xE9C2, 0xE9E3, 0xE9E3, 0xE9E3, 0xE9E3, 0xEA03, 0xF182,
  0xC921, 0xB921, 0x9122, 0x0821, 0x0821, 0x0821, 0x0821, 0x0821,
  0x0821, 0x0821, 0x0821, 0x0821, 0x0821, 0x2020, 0x80E1, 0x8880,
  0x8840, 0x90C1, 0x9101, 0x9122, 0x9142, 0x9122, 0x9922, 0xA142,
  0xA142, 0xA162, 0xA162, 0xA962, 0xA962, 0xA963, 0xA963, 0xA963,
  0xA983, 0xB183, 0xA983, 0xB183, 0xB183, 0xA9A3, 0xA9A3, 0xB1A3,
  0xB1A3, 0xB1A3, 0xB1A3, 0xA9A3, 0xA983, 0xA983, 0xA962, 0xA162,
  0xA162, 0x9942, 0x9942, 0x9942, 0x9942, 0x9142, 0x9121, 0x9060,
  0x9880, 0x7901, 0x0800, 0x0821, 0x0800, 0x0821, 0x0821, 0x0821,
  0x0821, 0x0821, 0x0821, 0x0821, 0x0821, 0x0821, 0x0821, 0x0821,
  0x0800, 0x2800, 0x4800, 0x5000, 0x5000, 0x5000, 0x2800, 0x0800,
  0x0800, 0x0800, 0x0800, 0x1000, 0x1000, 0x1000, 0x1000, 0x1000,
  0x1000, 0x1000, 0x1000, 0x1000, 0x1000, 0x1000, 0x1000, 0x1000,
  0x1000, 0x1000, 0x1000, 0x1000, 0x1000, 0x1000, 0x1000, 0x1000,
  0x1000, 0x3800, 0x5800, 0x5800, 0x5800, 0x5000, 0x1800, 0x0821,
  0x0821, 0x0821, 0x0821, 0x0821, 0x0821, 0x0821, 0x0821, 0x0821,
  0x0821, 0x0821, 0x0821, 0x0821, 0x0821, 0x0821, 0x0821, 0x0821,
  0x1000, 0x9020, 0xD820, 0xD020, 0xD820, 0xE040, 0x8820, 0x0821,
  0x0821, 0x0821, 0x0821, 0x0821, 0x0821, 0x0020, 0x0020, 0x0020,
  0x0020, 0x0020, 0x0020, 0x0020, 0x0020, 0x0020, 0x0020, 0x0020,
  0x0020, 0x0020, 0x0821, 0x0821, 0x0821, 0x0821, 0x0821, 0x0821,
  0x0821, 0xA020, 0xE820, 0xE020, 0xD820, 0xE840, 0x8020, 0x0821,
  0x0821, 0x0821, 0x0821, 0x0821, 0x0821, 0x0800, 0x1000, 0x0821,
  0x0821, 0x0821, 0x0821, 0x0821, 0x0821, 0x0821, 0x0821, 0x0821,
  0x0821, 0x5000, 0x9020, 0x9000, 0x9800, 0x9020, 0x3000, 0x0821,
  0x0821, 0x0821, 0x0821, 0x0821, 0x0821, 0x0821, 0x0821, 0x0821,
  0x0821, 0x0821, 0x0821, 0x0821, 0x0821, 0x0821, 0x0821, 0x0821,
  0x0821, 0x0821, 0x0821, 0x0821, 0x0821, 0x0821, 0x0821, 0x0821,
  0x0821, 0x5000, 0x9000, 0x9800, 0x9800, 0x9820, 0x3800, 0x0821,
  0x0821, 0x0821, 0x0821, 0x0821, 0x0821, 0x0821, 0x0800, 0x0821,
  0x0821, 0x0821, 0x0821, 0x0821, 0x0800, 0x1000, 0x2000, 0x3000,
  0x4020, 0x5020, 0x7820, 0x8040, 0x8860, 0x8880, 0x7860, 0x80A0,
  0x80C0, 0x80E0, 0x8921, 0x8961, 0x89C2, 0x9263, 0x92A4, 0x92E5,
  0x9B47, 0x9B67, 0x9B68, 0x9BA8, 0x9B88, 0x9B68, 0x9B47, 0x9B26,
  0x9305, 0x9264, 0x9223, 0x91C2, 0x89A2, 0x8941, 0x8921, 0x88E0,
  0x80A0, 0x80A0, 0x90A0, 0x9080, 0x8860, 0x8040, 0x5840, 0x4020,
  0x3820, 0x2000, 0x1800, 0x1800, 0x1000, 0x0821, 0x0821, 0x0821,
  0x0821, 0x0821, 0x0821, 0x0821, 0x0821, 0x0800, 0x1000, 0x2000,
  0x3000, 0x4820, 0x4800, 0x5020, 0x5820, 0x6040, 0x6820, 0x6840,
  0x7860, 0x7880, 0x80A0, 0x80C0, 0x8901, 0x8961, 0x9182, 0x91C2,
  0x99E3, 0x9A03, 0x9A24, 0x9A24, 0x9A04, 0x9A04, 0x9A03, 0x99E3,
  0x99C2, 0x9961, 0x9141, 0x9101, 0x88E0, 0x88C0, 0x88A0, 0x8080,
  0x7840, 0x7840, 0x7040, 0x6820, 0x6020, 0x5820, 0x4800, 0x3000,
  0x2800, 0x1800, 0x0800, 0x0800, 0x0821, 0x0821, 0x0821, 0x0821,
  0x0821, 0x0821, 0x0821, 0x0821, 0x0821, 0x0821, 0x0821, 0x0821,
  0x0821, 0x0821, 0x0821, 0x0821, 0x0821, 0x0821, 0x0821, 0x0821,
  0x0821, 0x0821, 0x0821, 0x0821, 0x0821, 0x0821, 0x0821, 0x0821,
  0x0821, 0x0821, 0x0821, 0x0821, 0x0821, 0x0821, 0x0821, 0x0821,
  0x0821, 0x0821, 0x0821, 0x0821, 0x0821, 0x0821, 0x0821, 0x0821,
  0x0821, 0x0821, 0x0821, 0x0821, 0x0821, 0x0821, 0x0821, 0x0821,
  0x0821, 0x0821, 0x0821, 0x0821, 0x0821, 0x0821, 0x0821, 0x0821,
  0x0821, 0x0821, 0x0821, 0x0821, 0x0821, 0x0821, 0x0821, 0x0821,
  0x0821, 0x0821, 0x0821, 0x0821, 0x0821, 0x0821, 0x0821, 0x0821,
  0x0821, 0x0821, 0x0821, 0x0821, 0x0821, 0x0821, 0x0821, 0x0821,
  0x0821, 0x0821, 0x0821, 0x0821, 0x0821, 0x0821, 0x0821, 0x0821,
  0x0821, 0x0821, 0x0821, 0x0821, 0x0821, 0x0821, 0x0821, 0x0821,
  0x0821, 0x0821, 0x0821, 0x0821, 0x0821, 0x0821, 0x0821, 0x0821,
  0x0821, 0x0821, 0x0821, 0x0821, 0x0821, 0x0821, 0x0821, 0x0821,
  0x0821, 0x0821, 0x0821, 0x0821, 0x0821, 0x0821, 0x0821, 0x0821,
  0x0821, 0x0821, 0x0821, 0x0821, 0x0821, 0x0821, 0x0821, 0x0821,
  0x0821, 0x0821, 0x0821, 0x0821, 0x0821, 0x0821, 0x0821, 0x0821,
  0x0821, 0x0821, 0x0821, 0x0821, 0x0821, 0x0821, 0x0821, 0x0821,
  0x0821, 0x0821, 0x0821, 0x0821, 0x0821, 0x0821, 0x0821, 0x0821,
  0x0821, 0x0821, 0x0821, 0x0821, 0x0821, 0x0821, 0x0821, 0x0821,
  0x0821, 0x0821, 0x0821, 0x0821, 0x0821, 0x0821, 0x0821, 0x0821,
  0x0821, 0x0821, 0x0821, 0x0821, 0x0821, 0x0821, 0x0821, 0x0821,
  0x0821, 0x0821, 0x0821, 0x0821, 0x0821, 0x0821, 0x0821, 0x0821,
  0x0821, 0x0821, 0x0821, 0x0821, 0x0821, 0x0821, 0x0821, 0x0821,
  0x0821, 0x0821, 0x0821, 0x0821, 0x0821, 0x0821, 0x0821, 0x0821,
  0x0821, 0x0821, 0x0821, 0x0821, 0x0821, 0x0821, 0x0821, 0x0821,
  0x0821, 0x0821, 0x0821, 0x0821, 0x0821, 0x0821, 0x0821, 0x0821,
  0x0821, 0x0821, 0x0821, 0x0821, 0x0821, 0x0821, 0x0821, 0x0821,
  0x0821, 0x0821, 0x0821, 0x0821, 0x0821, 0x0821, 0x0821, 0x0821,
  0x0821, 0x0821, 0x0821, 0x0821, 0x0821, 0x0821, 0x0821, 0x0821,
  0x0821, 0x0821, 0x0821, 0x0821, 0x0821, 0x0821, 0x0821, 0x0821,
  0x0821, 0x0821, 0x0821, 0x0821, 0x0821, 0x0821, 0x0821, 0x0821,
  0x0821, 0x0821, 0x0821, 0x0821, 0x0821, 0x0821, 0x0821, 0x0821,
  0x0821, 0x0821, 0x0821, 0x0821, 0x0821, 0x0821, 0x0821, 0x0821,
  0x0821, 0x0821, 0x0821, 0x0821, 0x0821, 0x0821, 0x0821, 0x0821,
  0x0821, 0x0821, 0x0821, 0x0821, 0x0821, 0x0821, 0x0821, 0x0821,
  0x0821, 0x0821, 0x0821, 0x0821, 0x0821, 0x0821, 0x0821, 0x0821,
  0x0821, 0x0821, 0x0821, 0x0821, 0x0821, 0x0821, 0x0821, 0x0821,
  0x0821, 0x0821, 0x0821, 0x0821, 0x0821, 0x0821, 0x0821, 0x0821,
  0x0821, 0x0821, 0x0821, 0x0821, 0x0821, 0x0821, 0x0821, 0x0821,
  0x0821, 0x0821, 0x0821, 0x0821, 0x0821, 0x0821, 0x0821, 0x0821,
  0x0821, 0x0821, 0x0821, 0x0821, 0x0821, 0x0821, 0x0821, 0x0821,
  0x0821, 0x0821, 0x0821, 0x0821, 0x0821, 0x0821, 0x0821, 0x0821,
  0x0821, 0x0821, 0x0821, 0x0821, 0x0821, 0x0821, 0x0821, 0x0821,
  0x0821, 0x0821, 0x0821, 0x0821, 0x0821, 0x0821, 0x0821, 0x0821,
  0x0821, 0x0821, 0x0821, 0x0821, 0x0821, 0x0821, 0x0821, 0x0821,
  0x0821, 0x0821, 0x0821, 0x0821, 0x0821, 0x0821, 0x0821, 0x0821,
  0x0821, 0x0821, 0x0821, 0x0821, 0x0821, 0x0821, 0x0821, 0x0821,
  0x0821, 0x0821, 0x0821, 0x0821, 0x0821, 0x0821, 0x0821, 0x0821
};

// Icon: input2 (56x56 px)
const uint16_t PROGMEM icon_input2[3136] = {
  0x0821, 0x0821, 0x0821, 0x0821, 0x0821, 0x0821, 0x0821, 0x0821,
  0x0821, 0x0821, 0x0821, 0x0821, 0x0821, 0x0821, 0x0821, 0x0821,
  0x0821, 0x0821, 0x0821, 0x0821, 0x0821, 0x0821, 0x0821, 0x0821,
  0x0821, 0x0821, 0x0821, 0x0821, 0x0821, 0x0821, 0x0821, 0x0821,
  0x0821, 0x0821, 0x0821, 0x0821, 0x0821, 0x0821, 0x0821, 0x0821,
  0x0821, 0x0821, 0x0821, 0x0821, 0x0821, 0x0821, 0x0821, 0x0821,
  0x0821, 0x0821, 0x0821, 0x0821, 0x0821, 0x0821, 0x0821, 0x0821,
  0x0821, 0x0821, 0x0821, 0x0821, 0x0821, 0x0821, 0x0821, 0x0821,
  0x0821, 0x0821, 0x0821, 0x0821, 0x0821, 0x0821, 0x0821, 0x0821,
  0x0821, 0x0821, 0x0821, 0x0821, 0x0821, 0x0821, 0x0821, 0x0821,
  0x0821, 0x0821, 0x0821, 0x0821, 0x0821, 0x0821, 0x0821, 0x0821,
  0x0821, 0x0821, 0x0821, 0x0821, 0x0821, 0x0821, 0x0821, 0x0821,
  0x0821, 0x0821, 0x0821, 0x0821, 0x0821, 0x0821, 0x0821, 0x0821,
  0x0821, 0x0821, 0x0821, 0x0821, 0x0821, 0x0821, 0x0821, 0x0821,
  0x0821, 0x0821, 0x0821, 0x0821, 0x0821, 0x0821, 0x0821, 0x0821,
  0x0821, 0x0821, 0x0821, 0x0821, 0x0821, 0x0821, 0x0821, 0x0821,
  0x0821, 0x0821, 0x0821, 0x0821, 0x0821, 0x0821, 0x0821, 0x0821,
  0x0821, 0x0821, 0x0821, 0x0821, 0x0821, 0x0821, 0x0821, 0x0821,
  0x0821, 0x0821, 0x0821, 0x0821, 0x0821, 0x0821, 0x0821, 0x0821,
  0x0821, 0x0821, 0x0821, 0x0821, 0x0821, 0x0821, 0x0821, 0x0821,
  0x0821, 0x0821, 0x0821, 0x0821, 0x0821, 0x0821, 0x0821, 0x0821,
  0x0821, 0x0821, 0x0821, 0x0821, 0x0821, 0x0821, 0x0821, 0x0821,
  0x0821, 0x0821, 0x0821, 0x0821, 0x0821, 0x0821, 0x0821, 0x0821,
  0x0821, 0x0821, 0x0821, 0x0821, 0x0821, 0x0821, 0x0821, 0x0821,
  0x0821, 0x0821, 0x0821, 0x0821, 0x0821, 0x0821, 0x0821, 0x0821,
  0x0821, 0x0821, 0x0821, 0x0821, 0x0821, 0x0821, 0x0821, 0x0821,
  0x0821, 0x0821, 0x0821, 0x0821, 0x0821, 0x0821, 0x0821, 0x0821,
  0x0821, 0x0821, 0x0821, 0x0821, 0x0821, 0x0821, 0x0821, 0x0821,
  0x0821, 0x0821, 0x0821, 0x0821, 0x0821, 0x0821, 0x0821, 0x0821,
  0x0020, 0x0060, 0x0821, 0x0821, 0x0821, 0x0821, 0x0821, 0x0821,
  0x0821, 0x0821, 0x0821, 0x0821, 0x0821, 0x0821, 0x0821, 0x0821,
  0x0821, 0x0821, 0x0821, 0x0821, 0x0821, 0x0821, 0x0821, 0x0821,
  0x0821, 0x0821, 0x0821, 0x0821, 0x0821, 0x0821, 0x0821, 0x0821,
  0x0821, 0x0821, 0x0821, 0x0821, 0x0821, 0x0821, 0x0821, 0x0821,
  0x0821, 0x0821, 0x0821, 0x0821, 0x0821, 0x0821, 0x0821, 0x0821,
  0x0821, 0x0821, 0x0821, 0x0821, 0x0821, 0x0821, 0x0821, 0x0821,
  0x0020, 0x0040, 0x0821, 0x0821, 0x0821, 0x0821, 0x0821, 0x0821,
  0x0821, 0x0821, 0x0821, 0x0821, 0x0821, 0x0821, 0x0821, 0x0821,
  0x0821, 0x0821, 0x0821, 0x0821, 0x0821, 0x0821, 0x0821, 0x0821,
  0x0821, 0x0821, 0x0821, 0x0821, 0x0821, 0x0821, 0x0821, 0x0821,
  0x0821, 0x0821, 0x0821, 0x0821, 0x0821, 0x0821, 0x0821, 0x0821,
  0x0821, 0x0821, 0x0821, 0x0821, 0x0821, 0x0821, 0x0821, 0x0821,
  0x0821, 0x0821, 0x0821, 0x0821, 0x0821, 0x0821, 0x0821, 0x0821,
  0x0821, 0x0821, 0x0821, 0x0821, 0x0821, 0x0821, 0x0020, 0x0880,
  0x0821, 0x0821, 0x0821, 0x0821, 0x0821, 0x0821, 0x0821, 0x0821,
  0x0821, 0x0821, 0x1923, 0x8CD0, 0x5B4A, 0x0821, 0x0821, 0x0821,
  0x0821, 0x0821, 0x0821, 0x0821, 0x0821, 0x0821, 0x0821, 0x0821,
  0x0821, 0x0821, 0x0821, 0x0821, 0x0821, 0x4AA7, 0x3A25, 0x0821,
  0x0821, 0x0821, 0x0821, 0x0821, 0x0821, 0x0821, 0x0821, 0x0821,
  0x0821, 0x0821, 0x0821, 0x0821, 0x0821, 0x0821, 0x0821, 0x0821,
  0x0821, 0x0821, 0x0821, 0x0821, 0x0821, 0x0821, 0x0821, 0x0020,
  0x0821, 0x0821, 0x0821, 0x0821, 0x0821, 0x0821, 0x0821, 0x0821,
  0x0020, 0x0821, 0x94F1, 0xE7F8, 0xE7D9, 0x9531, 0x1122, 0x0821,
  0x0821, 0x0821, 0x0821, 0x0821, 0x0821, 0x0821, 0x0821, 0x0821,
  0x0821, 0x0821, 0x0821, 0x0821, 0x3A66, 0xE7D4, 0xDF92, 0x6BEA,
  0x0020, 0x0821, 0x0821, 0x0821, 0x0821, 0x0821, 0x0821, 0x0821,
  0x0821, 0x0821, 0x0821, 0x0821, 0x0821, 0x0821, 0x0821, 0x0821,
  0x0821, 0x0821, 0x0821, 0x0821, 0x0821, 0x0040, 0x0821, 0x0821,
  0x0821, 0x0040, 0x0020, 0x0821, 0x0821, 0x0821, 0x0821, 0x0821,
  0x0020, 0x0821, 0xA593, 0xBFF2, 0xB7F1, 0xDFF8, 0xCEF7, 0x52EA,
  0x0060, 0x0821, 0x0821, 0x0821, 0x0821, 0x0821, 0x0821, 0x0821,
  0x0821, 0x0821, 0x0821, 0x0821, 0x29C4, 0xAE4F, 0xD7EF, 0xD7F1,
  0x742A, 0x0020, 0x0821, 0x0821, 0x0821, 0x0821, 0x0821, 0x0821,
  0x0821, 0x0821, 0x0821, 0x0821, 0x0821, 0x0821, 0x0821, 0x0821,
  0x0821, 0x0821, 0x0821, 0x0020, 0x5B48, 0x952E, 0x29A4, 0x0020,
  0x0821, 0x0821, 0x0821, 0x0821, 0x0821, 0x0821, 0x0821, 0x0821,
  0x0020, 0x0821, 0xA593, 0xBFF2, 0xAFF0, 0xAFD0, 0xCFF4, 0xE7F9,
  0x8D10, 0x2164, 0x0821, 0x0821, 0x0821, 0x0821, 0x0821, 0x0821,
  0x0821, 0x0821, 0x0040, 0x10E2, 0x0821, 0x1921, 0xA60C, 0xCFEF,
  0xD7D1, 0x5B47, 0x0821, 0x0821, 0x0821, 0x0821, 0x0821, 0x0821,
  0x0821, 0x0821, 0x0821, 0x0821, 0x0821, 0x0821, 0x0821, 0x0821,
  0x0821, 0x0821, 0x0020, 0x638A, 0xD7B5, 0xEFF6, 0xAE30, 0x0020,
  0x0821, 0x0821, 0x0821, 0x0821, 0x0821, 0x0821, 0x0821, 0x0821,
  0x0020, 0x0821, 0xA5B3, 0xB7F2, 0xA7F0, 0xAFF0, 0xA7CE, 0xAFF0,
  0xDFF7, 0xC6D6, 0x5B2B, 0x0060, 0x0821, 0x0020, 0x0821, 0x0821,
  0x0821, 0x0880, 0x7CAC, 0xA5F0, 0x21A4, 0x0821, 0x2142, 0xB6AD,
  0xD7EE, 0xC72F, 0x2963, 0x0821, 0x0821, 0x0821, 0x0821, 0x0821,
  0x0821, 0x0821, 0x0821, 0x0821, 0x0821, 0x0821, 0x0821, 0x0821,
  0x0821, 0x0821, 0x4AE8, 0xD795, 0xD7F3, 0xC731, 0x3AA4, 0x0821,
  0x0821, 0x0821, 0x0821, 0x0821, 0x0821, 0x0821, 0x0821, 0x0821,
  0x0020, 0x0821, 0x9D92, 0xB7F2, 0xA7F0, 0xB773, 0xBFB4, 0xAFF1,
  0xA7CE, 0xC7F3, 0xDFF8, 0x9571, 0x21A4, 0x0821, 0x0821, 0x0821,
  0x0821, 0x42A6, 0xDFF5, 0xD7F2, 0xAE91, 0x2164, 0x0821, 0x42E5,
  0xC78E, 0xD7EF, 0x8D2C, 0x0821, 0x0821, 0x0821, 0x0821, 0x0821,
  0x0821, 0x0821, 0x0821, 0x0821, 0x0821, 0x0821, 0x0821, 0x0821,
  0x0821, 0x2964, 0xC713, 0xD7F3, 0xCF93, 0x3AA5, 0x0821, 0x0040,
  0x19A2, 0x0821, 0x0821, 0x0821, 0x0821, 0x0821, 0x0821, 0x0821,
  0x0020, 0x0821, 0x9D72, 0xAFF2, 0xAFF1, 0x95D0, 0x3AC7, 0xB733,
  0xB7F2, 0xA7CE, 0xAFF0, 0xCFF5, 0xC716, 0x5BAB, 0x0040, 0x0821,
  0x0821, 0x10A1, 0x6C6A, 0xBFCF, 0xC7F1, 0x9DF0, 0x18E3, 0x0020,
  0x956B, 0xCFEE, 0xBF4D, 0x3A04, 0x0821, 0x0821, 0x0821, 0x0821,
  0x0821, 0x0821, 0x0821, 0x0821, 0x0821, 0x0821, 0x0821, 0x0821,
  0x1081, 0x9DD0, 0xD7F3, 0xD7F3, 0x53C8, 0x0821, 0x10C1, 0x9DB0,
  0xCF95, 0x63EA, 0x0020, 0x0821, 0x0821, 0x0821, 0x0821, 0x0821,
  0x0020, 0x0821, 0x9DB2, 0xA7F2, 0xAFF1, 0x8DCF, 0x0821, 0x2183,
  0x854D, 0xBFB3, 0xAFF0, 0xA7EF, 0xBFF2, 0xD7D7, 0xA5D2, 0x2183,
  0x0821, 0x0821, 0x0040, 0x854C, 0xB7EF, 0xBFF3, 0x5BCA, 0x0821,
  0x21E2, 0xBF8E, 0xC7ED, 0x7429, 0x0821, 0x0020, 0x0821, 0x0821,
  0x0821, 0x0821, 0x0821, 0x0821, 0x0821, 0x0821, 0x0821, 0x0821,
  0x42E6, 0xD7F3, 0xCFF3, 0x8D8D, 0x0860, 0x0840, 0x95D0, 0xBFF3,
  0xCFF4, 0x856E, 0x08C1, 0x0821, 0x0020, 0x0821, 0x0821, 0x0821,
  0x0020, 0x0821, 0x9DB2, 0xA7F2, 0xA7F1, 0x8DD0, 0x0821, 0x0821,
  0x0020, 0x4B68, 0xAF12, 0xAFF1, 0xA7CF, 0xAFEF, 0xCFF4, 0xCF37,
  0x3266, 0x0821, 0x0821, 0x2143, 0xAF0F, 0xA7EE, 0xAED2, 0x2103,
  0x0821, 0xA62D, 0xBFED, 0x95EB, 0x08A0, 0x0821, 0x0821, 0x0821,
  0x0821, 0x0821, 0x0821, 0x0821, 0x0821, 0x0821, 0x0821, 0x08A1,
  0xA651, 0xC7F2, 0xBF93, 0x31E5, 0x0821, 0x7CAE, 0xAFF3, 0xB7F2,
  0x7D0C, 0x0880, 0x0821, 0x0821, 0x0821, 0x0821, 0x0821, 0x0821,
  0x0020, 0x0821, 0x9592, 0x9FF2, 0x9FF2, 0x8DD0, 0x0821, 0x0821,
  0x0821, 0x0821, 0x0941, 0x95F0, 0xB7D3, 0xA7D0, 0x9FCF, 0xBFF2,
  0xB654, 0x0861, 0x0821, 0x0821, 0x5C29, 0xAFEF, 0xB7F1, 0x3265,
  0x0821, 0x6C69, 0xBFEE, 0xAF0D, 0x3A05, 0x0821, 0x0821, 0x0821,
  0x0821, 0x0821, 0x0821, 0x0821, 0x0821, 0x0821, 0x0821, 0x2A24,
  0xC7B4, 0xC7F3, 0x854D, 0x0060, 0x2A25, 0xA794, 0x9FF2, 0x9610,
  0x08C1, 0x0821, 0x0821, 0x08A1, 0x21A5, 0x0060, 0x0821, 0x0020,
  0x0020, 0x0821, 0x9D93, 0x97F2, 0x97F2, 0x85D0, 0x0821, 0x0020,
  0x0821, 0x0821, 0x2985, 0x95D1, 0xAFF3, 0x9FCF, 0x9FD0, 0xCFF5,
  0x74CD, 0x0020, 0x0821, 0x0821, 0x3A66, 0x9FAF, 0xA7F0, 0x6C6A,
  0x0821, 0x2AA2, 0xBFEF, 0xAFAD, 0x4AC6, 0x0821, 0x0020, 0x0821,
  0x0821, 0x0821, 0x0821, 0x0821, 0x0821, 0x0821, 0x0821, 0x84CE,
  0xB7F2, 0xBFF3, 0x5329, 0x0821, 0x8530, 0x8FF3, 0x97B2, 0x3AC7,
  0x0821, 0x0020, 0x1102, 0x8571, 0xC739, 0x8D11, 0x1964, 0x0821,
  0x0841, 0x0821, 0x9D73, 0x8FF3, 0x8FF2, 0x8590, 0x0821, 0x0821,
  0x0020, 0x4B09, 0xB716, 0xB7F4, 0x97CF, 0x9FF1, 0xBFF6, 0x7D2E,
  0x00C0, 0x0821, 0x0020, 0x0821, 0x31E5, 0x8F4E, 0x8FEE, 0x8D6F,
  0x0821, 0x1161, 0xB7CE, 0xAFEE, 0x5307, 0x0821, 0x0020, 0x0821,
  0x0821, 0x0821, 0x0821, 0x0821, 0x0821, 0x0821, 0x0860, 0xA651,
  0xAFF1, 0xB753, 0x3A06, 0x08C1, 0x96B3, 0x87F3, 0x8E72, 0x0060,
  0x0020, 0x0821, 0x5B8C, 0xB7FA, 0x9FF8, 0xC7FB, 0xBEB8, 0x42C9,
  0x0020, 0x0821, 0x9DB3, 0x7FF3, 0x87F2, 0x85B1, 0x0821, 0x08A1,
  0x7CAF, 0xBFB7, 0xA7F3, 0x8FD0, 0x9FF2, 0xB775, 0x63AB, 0x0060,
  0x0821, 0x0821, 0x0821, 0x0821, 0x3205, 0x876E, 0x7FED, 0x8D8F,
  0x0001, 0x10C1, 0xB7AE, 0xAFEE, 0x5308, 0x0821, 0x0821, 0x0821,
  0x0821, 0x0821, 0x0821, 0x0821, 0x0821, 0x0821, 0x10E1, 0xA712,
  0xAFF2, 0x9ED1, 0x08E0, 0x3A27, 0x9F94, 0x77F2, 0x8571, 0x0821,
  0x0020, 0x0821, 0x4B09, 0xA7D8, 0x77F5, 0x6FD3, 0x9FF7, 0xC7BA,
  0x7CD0, 0x0060, 0x9592, 0x7FF3, 0x7FF3, 0x7D8F, 0x1142, 0xAE35,
  0xAFF6, 0x8FF1, 0x8FF0, 0xA7F4, 0xA6B4, 0x3A67, 0x0821, 0x0821,
  0x0821, 0x0821, 0x0821, 0x0821, 0x3A66, 0x8FD0, 0x7FEE, 0x74EB,
  0x0821, 0x1101, 0xAFAE, 0x9FAD, 0x4AE7, 0x0020, 0x1982, 0x0020,
  0x0821, 0x0821, 0x0821, 0x0821, 0x0821, 0x08A0, 0x19C1, 0xAF73,
  0xAFF3, 0x8E6F, 0x0060, 0x4AAA, 0x8FB3, 0x67F2, 0x8D31, 0x0821,
  0x0821, 0x0821, 0x0020, 0x53EB, 0x9F97, 0x7FF5, 0x67F3, 0x77F4,
  0xB7F9, 0x9DF4, 0xA6D6, 0x6FF2, 0x77F2, 0xA6F5, 0xA6B5, 0x9FF5,
  0x77F0, 0x7FF1, 0xAFF5, 0x8570, 0x1102, 0x0821, 0x0821, 0x0821,
  0x0821, 0x0821, 0x0821, 0x0821, 0x646C, 0x7FEF, 0x8FF0, 0x4326,
  0x0821, 0x2202, 0xAFEE, 0x9F6D, 0x4A87, 0x0821, 0x0901, 0x0020,
  0x0821, 0x0821, 0x0821, 0x0821, 0x0821, 0x1940, 0x32A1, 0xA792,
  0xA7F2, 0x864F, 0x0020, 0x4AC9, 0x8FB4, 0x6FF2, 0x8571, 0x0821,
  0x0821, 0x0821, 0x0821, 0x0821, 0x2205, 0x8612, 0x87F6, 0x67F3,
  0x5FF2, 0x7FF5, 0x97F6, 0x67F2, 0x67F2, 0x87F4, 0x7FF3, 0x6FF1,
  0x7FF3, 0xA7B5, 0x642C, 0x0821, 0x0821, 0x0821, 0x0821, 0x0821,
  0x0821, 0x0821, 0x0821, 0x2965, 0x9F12, 0x57AB, 0x9F71, 0x2164,
  0x0821, 0x63E9, 0xA7EE, 0x9EED, 0x39E5, 0x0821, 0x0821, 0x0821,
  0x0821, 0x0821, 0x0821, 0x0821, 0x0821, 0x21E0, 0x5362, 0xA752,
  0x9FF2, 0x8E90, 0x00A0, 0x21A5, 0x8F53, 0x6FF2, 0x8E72, 0x0040,
  0x0821, 0x0821, 0x0821, 0x0821, 0x0821, 0x0060, 0x5C0C, 0x7F54,
  0x77F5, 0x5FF2, 0x5FF2, 0x67F2, 0x67F2, 0x67F2, 0x67F1, 0x7FF3,
  0x7E71, 0x3AA7, 0x0821, 0x0821, 0x0821, 0x0821, 0x0821, 0x0821,
  0x0821, 0x0821, 0x0881, 0x858F, 0x77CE, 0x7FEF, 0x7D0E, 0x0861,
  0x0821, 0x8DAD, 0x9FED, 0x858B, 0x10C1, 0x0020, 0x0821, 0x0821,
  0x0821, 0x0821, 0x0821, 0x0821, 0x0821, 0x3241, 0x6C23, 0x9EB1,
  0x87F0, 0x9712, 0x31E6, 0x0821, 0x8611, 0x67F2, 0x87B3, 0x42C8,
  0x0821, 0x0020, 0x0821, 0x0821, 0x0821, 0x0821, 0x0821, 0x2A25,
  0x654F, 0x6F93, 0x5FF2, 0x67F2, 0x5FF2, 0x5FF2, 0x8FF5, 0xC7FA,
  0x6C6E, 0x0080, 0x0821, 0x0821, 0x0821, 0x0821, 0x0821, 0x0821,
  0x0821, 0x0060, 0x854D, 0x8FD0, 0x67AC, 0x9731, 0x29A4, 0x0821,
  0x2183, 0x9F0E, 0x9FCD, 0x6C09, 0x0821, 0x0020, 0x0821, 0x0821,
  0x0821, 0x0821, 0x0821, 0x0821, 0x0821, 0x4AC2, 0x7C84, 0x858E,
  0x77EE, 0x8FD2, 0x52C9, 0x0821, 0x6C2D, 0x77F2, 0x6FF1, 0x8DD1,
  0x0881, 0x0821, 0x0821, 0x0821, 0x0821, 0x0821, 0x0020, 0x0821,
  0x42E8, 0x8F56, 0x67F3, 0x57F2, 0x67F3, 0x9FF7, 0x9FF7, 0x87F6,
  0xBFFA, 0xA615, 0x3A67, 0x0821, 0x0821, 0x0821, 0x0821, 0x0821,
  0x0821, 0x0080, 0x960F, 0x9FEF, 0xAFD1, 0x5368, 0x0040, 0x0821,
  0x7CEC, 0x9FED, 0x96EC, 0x31C4, 0x0821, 0x0821, 0x0821, 0x0821,
  0x0821, 0x0821, 0x0821, 0x0821, 0x0821, 0x5303, 0x7C84, 0x4326,
  0x87EF, 0x87F1, 0x646B, 0x0020, 0x10E2, 0x8EB2, 0x5FF0, 0x87D2,
  0x74CE, 0x0040, 0x0821, 0x0821, 0x0821, 0x0821, 0x0020, 0x6C0E,
  0xA777, 0x6FF4, 0x57F2, 0x77F4, 0xA7F8, 0xA7D7, 0x77F5, 0x47F2,
  0x57F3, 0x97F8, 0xC79A, 0x7CAF, 0x1122, 0x0821, 0x0821, 0x0821,
  0x0821, 0x0821, 0x10E1, 0x64A9, 0x5BC9, 0x0840, 0x0821, 0x3A85,
  0x9F2D, 0x9FCD, 0x84CB, 0x0821, 0x0821, 0x0821, 0x0821, 0x0821,
  0x0821, 0x0821, 0x0821, 0x0821, 0x0821, 0x5303, 0x7C84, 0x1101,
  0x9710, 0x67ED, 0x86F0, 0x2144, 0x0821, 0x42E8, 0x97B3, 0x5FEF,
  0x8FF2, 0x7D4F, 0x10E2, 0x0821, 0x0821, 0x0941, 0x8D32, 0x9FF8,
  0x57F2, 0x47F1, 0x87F6, 0x9FF7, 0x77F5, 0x6E31, 0x4C6C, 0x97F8,
  0x5FF4, 0x47D1, 0x67F5, 0xBFFA, 0xBE98, 0x3AC8, 0x0821, 0x0821,
  0x0821, 0x0821, 0x0821, 0x0020, 0x0020, 0x0821, 0x3A45, 0x9ECE,
  0x97CC, 0x9E8C, 0x10E1, 0x0821, 0x0821, 0x0821, 0x0821, 0x0821,
  0x0821, 0x0821, 0x0821, 0x0821, 0x0821, 0x5B23, 0x84C5, 0x0020,
  0x6449, 0x7FEE, 0x7FEF, 0x74EC, 0x0040, 0x0821, 0x4BA9, 0x8FB2,
  0x97F1, 0x8E30, 0x10E2, 0x0821, 0x3AA8, 0xA6D5, 0x87F5, 0x4FF1,
  0x4FF2, 0x8FD6, 0xBF9A, 0x5FF3, 0x5FF3, 0x7DB1, 0x0821, 0x3AA8,
  0x8ED5, 0x77F6, 0x47F2, 0x4FD2, 0x8FF7, 0xCF9B, 0x9D93, 0x1944,
  0x0821, 0x0821, 0x0821, 0x0821, 0x0821, 0x4245, 0xAF2E, 0x9FEC,
  0xAF0D, 0x42A5, 0x0821, 0x0821, 0x0040, 0x0080, 0x0821, 0x0821,
  0x0821, 0x0821, 0x0821, 0x0020, 0x0821, 0x5B23, 0x84C4, 0x0821,
  0x1922, 0x86CD, 0x5FEC, 0x97B0, 0x4B67, 0x0821, 0x0821, 0x4B48,
  0x852E, 0x2183, 0x0821, 0x3AA7, 0xA756, 0x67F3, 0x3FD0, 0x67F3,
  0xA7B8, 0x53CB, 0x9634, 0x57F2, 0x5FF3, 0x7DB1, 0x0821, 0x0821,
  0x0942, 0x6CF0, 0x8FB7, 0x57F4, 0x3FD1, 0x5FD3, 0xB7FA, 0xCF3A,
  0x2A25, 0x0821, 0x0821, 0x0821, 0x0821, 0x2143, 0x962C, 0xAECC,
  0x42A5, 0x0821, 0x0821, 0x0821, 0x0020, 0x0821, 0x0821, 0x0821,
  0x0821, 0x0821, 0x0821, 0x0860, 0x0821, 0x5B23, 0x84C3, 0x0821,
  0x0821, 0x32A4, 0x87AE, 0x67EC, 0x978F, 0x4B46, 0x0020, 0x0821,
  0x0821, 0x0821, 0x0821, 0x53AB, 0x8FF6, 0x4FF2, 0x87F6, 0xA6D7,
  0x3AA8, 0x0040, 0x9613, 0x57F2, 0x57F2, 0x7DB1, 0x0821, 0x0020,
  0x0821, 0x0821, 0x3AC8, 0x7E94, 0x5FD4, 0x4FB3, 0x3FB1, 0xA7F9,
  0x9DB4, 0x0040, 0x0821, 0x0040, 0x1942, 0x0020, 0x10E1, 0x1100,
  0x0821, 0x0821, 0x0821, 0x0020, 0x0040, 0x0821, 0x0821, 0x0821,
  0x0821, 0x0821, 0x0821, 0x0821, 0x0821, 0x5B43, 0x8D04, 0x0020,
  0x0821, 0x0020, 0x53C7, 0x8FAE, 0x6FEC, 0x97AF, 0x6C4A, 0x0821,
  0x0821, 0x0821, 0x0821, 0x0902, 0x6D90, 0x7F54, 0x8592, 0x1984,
  0x0821, 0x0040, 0x9613, 0x57F2, 0x57F1, 0x7D90, 0x0821, 0x0020,
  0x0821, 0x0821, 0x1903, 0x8551, 0x8FD7, 0x4771, 0x3F91, 0xA7FA,
  0x5C0D, 0x0020, 0x0821, 0x08A1, 0x3265, 0x08C1, 0x0821, 0x0821,
  0x0821, 0x0821, 0x0821, 0x0821, 0x0821, 0x0821, 0x0821, 0x0821,
  0x0821, 0x0821, 0x0821, 0x0821, 0x0821, 0x5B43, 0x9504, 0x0821,
  0x0821, 0x0821, 0x0020, 0x4B67, 0x978E, 0x9FEF, 0x74AC, 0x0821,
  0x0821, 0x0821, 0x0821, 0x0821, 0x00A1, 0x2A06, 0x0080, 0x0821,
  0x0021, 0x0821, 0x9613, 0x57B1, 0x4FD1, 0x7D50, 0x0821, 0x0821,
  0x0821, 0x42C9, 0xA6D6, 0x87F6, 0x376F, 0x4F72, 0xA7F9, 0x74D0,
  0x0881, 0x0821, 0x0821, 0x0821, 0x0821, 0x0821, 0x0821, 0x0821,
  0x0821, 0x0821, 0x0821, 0x0060, 0x08A0, 0x0821, 0x0821, 0x0821,
  0x0821, 0x0821, 0x0821, 0x0821, 0x0821, 0x6383, 0x9524, 0x0040,
  0x0821, 0x0821, 0x0821, 0x0821, 0x3AA5, 0x53A7, 0x0860, 0x0821,
  0x0821, 0x0821, 0x0821, 0x0821, 0x0821, 0x0821, 0x0821, 0x0020,
  0x0821, 0x0821, 0x95F3, 0x4FB1, 0x4FB1, 0x7D91, 0x0821, 0x08A1,
  0x6C4E, 0x9F76, 0x67B3, 0x272E, 0x6F94, 0xAF78, 0x63AC, 0x0040,
  0x0821, 0x0821, 0x0040, 0x08C1, 0x0821, 0x0821, 0x0821, 0x0821,
  0x0821, 0x0821, 0x0821, 0x0020, 0x0020, 0x0821, 0x0821, 0x0821,
  0x0821, 0x0821, 0x0821, 0x0821, 0x0821, 0x6B83, 0x9D44, 0x0040,
  0x0821, 0x0821, 0x0821, 0x0821, 0x0821, 0x00A0, 0x0821, 0x0821,
  0x0821, 0x0821, 0x0821, 0x0821, 0x0821, 0x0821, 0x0821, 0x0821,
  0x0821, 0x0821, 0x9614, 0x4F91, 0x4F91, 0x754F, 0x1163, 0xA615,
  0x8F95, 0x4750, 0x2F2F, 0x8FB6, 0xA696, 0x3A67, 0x0821, 0x0821,
  0x0821, 0x0821, 0x0821, 0x0040, 0x0821, 0x0821, 0x0821, 0x0060,
  0x0821, 0x0821, 0x0821, 0x0821, 0x0821, 0x0821, 0x0821, 0x0821,
  0x0821, 0x0821, 0x0821, 0x0821, 0x0821, 0x6BC3, 0xA5A4, 0x0880,
  0x0821, 0x0821, 0x0821, 0x0821, 0x0821, 0x0020, 0x0821, 0x0821,
  0x0821, 0x0821, 0x0821, 0x0821, 0x0821, 0x0821, 0x0821, 0x0821,
  0x0821, 0x0821, 0x95F3, 0x5771, 0x46EF, 0x9E95, 0xA675, 0x7793,
  0x370F, 0x4730, 0xA798, 0x8D52, 0x1102, 0x0821, 0x0821, 0x0821,
  0x0821, 0x0821, 0x0821, 0x0821, 0x0821, 0x0080, 0x0060, 0x0821,
  0x0821, 0x0821, 0x0821, 0x0821, 0x0821, 0x0821, 0x0821, 0x0821,
  0x0821, 0x0821, 0x0821, 0x0821, 0x0821, 0x7404, 0xB645, 0x1920,
  0x0821, 0x0821, 0x0821, 0x0821, 0x0821, 0x0821, 0x0821, 0x0821,
  0x0821, 0x0900, 0x0060, 0x0821, 0x0821, 0x11A1, 0x0020, 0x0821,
  0x0821, 0x0821, 0x8E13, 0x5751, 0x3ECF, 0x5F11, 0x4F10, 0x36CE,
  0x6F53, 0xAF18, 0x63CD, 0x0821, 0x0821, 0x0821, 0x0821, 0x0821,
  0x0821, 0x0821, 0x0821, 0x0821, 0x0020, 0x0060, 0x0020, 0x0821,
  0x0821, 0x0821, 0x0821, 0x0821, 0x0821, 0x0821, 0x0821, 0x0821,
  0x0821, 0x0821, 0x0821, 0x0821, 0x0020, 0x7404, 0xDF29, 0x3A40,
  0x0020, 0x0821, 0x0821, 0x0821, 0x0821, 0x0821, 0x0821, 0x0821,
  0x0821, 0x0821, 0x0821, 0x0821, 0x0821, 0x0080, 0x0821, 0x0821,
  0x0821, 0x0821, 0x95F4, 0x4F31, 0x368E, 0x36AE, 0x3ECF, 0x8F96,
  0xA656, 0x3226, 0x0821, 0x0821, 0x0821, 0x0821, 0x0821, 0x0821,
  0x0821, 0x0821, 0x0821, 0x0821, 0x0821, 0x0821, 0x0821, 0x0040,
  0x0821, 0x0821, 0x0821, 0x0821, 0x0821, 0x0821, 0x0821, 0x0821,
  0x0821, 0x0821, 0x0821, 0x0821, 0x0821, 0x52E1, 0xEFAB, 0x8CC5,
  0x0040, 0x0040, 0x0821, 0x0821, 0x0821, 0x0821, 0x0821, 0x0821,
  0x0821, 0x0821, 0x0821, 0x0821, 0x0821, 0x0821, 0x0821, 0x0821,
  0x0020, 0x0821, 0x8D32, 0x87D6, 0x3EAF, 0x5712, 0xA7B8, 0x9532,
  0x0901, 0x0821, 0x0821, 0x0821, 0x0821, 0x0821, 0x0821, 0x0821,
  0x0821, 0x0821, 0x0821, 0x0821, 0x0020, 0x0020, 0x0821, 0x0821,
  0x0821, 0x0821, 0x0821, 0x0020, 0x0821, 0x0821, 0x0821, 0x0821,
  0x0821, 0x0821, 0x0821, 0x0821, 0x0821, 0x2140, 0xCEAB, 0xE74B,
  0x3A62, 0x0821, 0x0821, 0x0821, 0x0821, 0x0821, 0x0821, 0x0821,
  0x0821, 0x0821, 0x0821, 0x0821, 0x0821, 0x0821, 0x0821, 0x0821,
  0x0821, 0x0821, 0x29E5, 0x9EB6, 0x97F9, 0xA717, 0x63AC, 0x0060,
  0x0821, 0x0821, 0x0821, 0x0821, 0x0821, 0x0821, 0x0821, 0x0821,
  0x0821, 0x0821, 0x0821, 0x0821, 0x0821, 0x0020, 0x0821, 0x0821,
  0x0821, 0x0821, 0x0821, 0x0821, 0x0821, 0x0821, 0x0821, 0x0821,
  0x0821, 0x0821, 0x0821, 0x0821, 0x0020, 0x2140, 0x5B43, 0xEF8A,
  0xD6EA, 0x3200, 0x0821, 0x0821, 0x3A24, 0x2161, 0x0821, 0x0821,
  0x0821, 0x0821, 0x0821, 0x0821, 0x08C0, 0x0060, 0x0821, 0x0900,
  0x1121, 0x0821, 0x0821, 0x1943, 0x4289, 0x29A5, 0x0821, 0x0821,
  0x0821, 0x0080, 0x0020, 0x0821, 0x00A0, 0x0040, 0x0821, 0x0821,
  0x0821, 0x0821, 0x0821, 0x0880, 0x08C1, 0x0821, 0x0821, 0x0821,
  0x0821, 0x0821, 0x0880, 0x0040, 0x0821, 0x0821, 0x0821, 0x0821,
  0x0821, 0x0821, 0x0821, 0x0821, 0x0821, 0x0860, 0x0040, 0x6362,
  0xEF8A, 0xD70A, 0x4AE1, 0x0821, 0x63C6, 0x5385, 0x0821, 0x0821,
  0x0821, 0x0821, 0x0821, 0x0821, 0x0040, 0x0020, 0x0821, 0x0060,
  0x0880, 0x0821, 0x0821, 0x0821, 0x0821, 0x0821, 0x0821, 0x0821,
  0x0821, 0x0080, 0x0020, 0x0821, 0x0040, 0x0020, 0x0821, 0x0821,
  0x0821, 0x0821, 0x0821, 0x0040, 0x0040, 0x0821, 0x0821, 0x0821,
  0x0821, 0x0840, 0x5327, 0x2142, 0x0821, 0x0821, 0x0821, 0x0821,
  0x0821, 0x0821, 0x0821, 0x0821, 0x0821, 0x0821, 0x0821, 0x0821,
  0x4AC1, 0xDF2A, 0xE76A, 0x7443, 0x29E0, 0x1120, 0x0060, 0x0821,
  0x0821, 0x0821, 0x0821, 0x0821, 0x0821, 0x0821, 0x0821, 0x0821,
  0x0821, 0x0821, 0x0821, 0x0821, 0x0821, 0x0821, 0x0821, 0x0821,
  0x0821, 0x0821, 0x0821, 0x0821, 0x0821, 0x0821, 0x0821, 0x0821,
  0x0821, 0x0821, 0x0821, 0x0821, 0x0821, 0x0821, 0x0821, 0x0821,
  0x0821, 0x0821, 0x0861, 0x0020, 0x0821, 0x0821, 0x0821, 0x0821,
  0x0821, 0x0821, 0x0821, 0x0821, 0x0821, 0x0821, 0x0821, 0x0821,
  0x0821, 0x31E0, 0xADA7, 0xEFAB, 0xCEA9, 0x6C24, 0x3A82, 0x29C2,
  0x2122, 0x18E2, 0x18E1, 0x18E1, 0x18E1, 0x18E1, 0x18E2, 0x18E2,
  0x18E2, 0x18E2, 0x18E2, 0x18E2, 0x18E2, 0x18E2, 0x18E2, 0x18E2,
  0x18E2, 0x18E2, 0x18E2, 0x18E2, 0x18E2, 0x18E2, 0x18E2, 0x18E1,
  0x18E1, 0x18E1, 0x18C1, 0x10C1, 0x10C0, 0x10A0, 0x0880, 0x0860,
  0x0840, 0x0020, 0x0821, 0x0821, 0x0821, 0x0821, 0x0821, 0x0821,
  0x0821, 0x0821, 0x0821, 0x0821, 0x0821, 0x0821, 0x0040, 0x0040,
  0x0821, 0x0821, 0x0080, 0x4B01, 0x9507, 0xB649, 0xB669, 0xA609,
  0x9DC9, 0x95A9, 0x9589, 0x8D68, 0x8D88, 0x8D89, 0x8D8A, 0x8D8A,
  0x8D8A, 0x8D8B, 0x8D8B, 0x8D8B, 0x8DAC, 0x8D8C, 0x8D8B, 0x8D8B,
  0x8D6C, 0x8D4C, 0x8D4C, 0x8D4C, 0x850B, 0x852A, 0x84E9, 0x84C9,
  0x7CA8, 0x7C87, 0x7C46, 0x7425, 0x6BE4, 0x5362, 0x42C2, 0x3241,
  0x21A1, 0x10E0, 0x0060, 0x0821, 0x0821, 0x0821, 0x0821, 0x0821,
  0x0821, 0x0821, 0x0821, 0x0821, 0x0821, 0x0821, 0x08C0, 0x08A0,
  0x0821, 0x0821, 0x0821, 0x0821, 0x0821, 0x0080, 0x00E0, 0x00E0,
  0x0080, 0x00A0, 0x0080, 0x0060, 0x0080, 0x0080, 0x0080, 0x0060,
  0x0060, 0x0060, 0x0060, 0x0080, 0x0080, 0x0080, 0x0060, 0x0060,
  0x0040, 0x0020, 0x0040, 0x0020, 0x0821, 0x0020, 0x0821, 0x0821,
  0x0821, 0x0821, 0x0821, 0x0821, 0x0821, 0x0821, 0x0821, 0x0821,
  0x0821, 0x0821, 0x0821, 0x0821, 0x0821, 0x0821, 0x0821, 0x0821,
  0x0821, 0x0821, 0x0821, 0x0821, 0x0821, 0x0821, 0x0821, 0x0821,
  0x0821, 0x0821, 0x0821, 0x0020, 0x0020, 0x0821, 0x0821, 0x0040,
  0x1100, 0x0020, 0x0821, 0x0821, 0x0821, 0x0821, 0x0821, 0x0821,
  0x0821, 0x0821, 0x0821, 0x0821, 0x0821, 0x0821, 0x0821, 0x0821,
  0x0821, 0x0821, 0x0821, 0x0821, 0x0821, 0x0821, 0x0020, 0x0020,
  0x0020, 0x0020, 0x0020, 0x0020, 0x0020, 0x0020, 0x0821, 0x0821,
  0x0821, 0x0821, 0x0821, 0x0821, 0x0821, 0x0821, 0x0821, 0x0821,
  0x0821, 0x0821, 0x0821, 0x0821, 0x0821, 0x0821, 0x0821, 0x0821,
  0x0821, 0x0821, 0x0821, 0x0821, 0x0821, 0x0821, 0x0821, 0x0821,
  0x0040, 0x0821, 0x0821, 0x0821, 0x0821, 0x0821, 0x0821, 0x0821,
  0x0821, 0x0821, 0x0821, 0x0821, 0x0020, 0x0040, 0x0060, 0x0040,
  0x0040, 0x0040, 0x0821, 0x0821, 0x0821, 0x0821, 0x0821, 0x0821,
  0x0821, 0x0821, 0x0821, 0x0821, 0x0821, 0x0821, 0x0821, 0x0821,
  0x0821, 0x0821, 0x0821, 0x0821, 0x0821, 0x0821, 0x0821, 0x0821,
  0x0821, 0x0821, 0x0020, 0x0860, 0x0880, 0x10C0, 0x1120, 0x1980,
  0x21E0, 0x2A60, 0x32C0, 0x3AE0, 0x4341, 0x53A1, 0x53C1, 0x4BA1,
  0x4BA1, 0x53E1, 0x5C22, 0x5C42, 0x6462, 0x6483, 0x6483, 0x6CA4,
  0x7CE5, 0x8526, 0x8D48, 0x9D8A, 0xA5AB, 0xADED, 0xB60D, 0xB60E,
  0xADED, 0xA5AB, 0x9D4A, 0x84E7, 0x7464, 0x6C24, 0x5BA2, 0x5342,
  0x4302, 0x3AE1, 0x3A81, 0x2A21, 0x21E1, 0x19A1, 0x1961, 0x1120,
  0x1100, 0x08C0, 0x0880, 0x0060, 0x0020, 0x0821, 0x0821, 0x0821,
  0x0821, 0x0821, 0x0821, 0x0821, 0x0020, 0x0020, 0x0040, 0x0040,
  0x0860, 0x0880, 0x08A0, 0x08E0, 0x1120, 0x1180, 0x19A0, 0x1180,
  0x19C0, 0x2220, 0x2240, 0x2A80, 0x2AC0, 0x2AC0, 0x32E1, 0x3B21,
  0x4361, 0x4B82, 0x53C3, 0x5C04, 0x6425, 0x6446, 0x6446, 0x6C46,
  0x6425, 0x6405, 0x5383, 0x4302, 0x2A61, 0x21E1, 0x1980, 0x1120,
  0x1120, 0x1100, 0x08C0, 0x0880, 0x0860, 0x0060, 0x0040, 0x0060,
  0x0040, 0x0020, 0x0020, 0x0821, 0x0821, 0x0821, 0x0821, 0x0821,
  0x0821, 0x0821, 0x0821, 0x0821, 0x0821, 0x0821, 0x0821, 0x0821,
  0x0821, 0x0821, 0x0821, 0x0821, 0x0821, 0x0821, 0x0821, 0x0821,
  0x0821, 0x0821, 0x0821, 0x0821, 0x0821, 0x0821, 0x0821, 0x0821,
  0x0821, 0x0821, 0x0821, 0x0821, 0x0821, 0x0821, 0x0821, 0x0821,
  0x0821, 0x0821, 0x0821, 0x0821, 0x0821, 0x0821, 0x0821, 0x0821,
  0x0821, 0x0821, 0x0821, 0x0821, 0x0821, 0x0821, 0x0821, 0x0821,
  0x0821, 0x0821, 0x0821, 0x0821, 0x0821, 0x0821, 0x0821, 0x0821,
  0x0821, 0x0821, 0x0821, 0x0821, 0x0821, 0x0821, 0x0821, 0x0821,
  0x0821, 0x0821, 0x0821, 0x0821, 0x0821, 0x0821, 0x0821, 0x0821,
  0x0821, 0x0821, 0x0821, 0x0821, 0x0821, 0x0821, 0x0821, 0x0821,
  0x0821, 0x0821, 0x0821, 0x0821, 0x0821, 0x0821, 0x0821, 0x0821,
  0x0821, 0x0020, 0x0821, 0x0821, 0x0821, 0x0821, 0x0821, 0x0821,
  0x0821, 0x0821, 0x0821, 0x0821, 0x0821, 0x0821, 0x0821, 0x0821,
  0x0821, 0x0821, 0x0821, 0x0821, 0x0821, 0x0821, 0x0821, 0x0821,
  0x0821, 0x0821, 0x0821, 0x0821, 0x0821, 0x0821, 0x0821, 0x0821,
  0x0821, 0x0821, 0x0821, 0x0821, 0x0821, 0x0821, 0x0821, 0x0821,
  0x0020, 0x0821, 0x0821, 0x0821, 0x0821, 0x0821, 0x0821, 0x0821,
  0x0821, 0x0821, 0x0821, 0x0821, 0x0821, 0x0821, 0x0020, 0x0040,
  0x0020, 0x0080, 0x0821, 0x0821, 0x0821, 0x0821, 0x0821, 0x0821,
  0x0821, 0x0821, 0x0821, 0x0020, 0x0821, 0x0821, 0x0821, 0x0821,
  0x0821, 0x0821, 0x0821, 0x0821, 0x0821, 0x0821, 0x0821, 0x0821,
  0x0821, 0x0821, 0x0821, 0x0821, 0x0821, 0x0821, 0x0821, 0x0821,
  0x0821, 0x0821, 0x0821, 0x0821, 0x0821, 0x0821, 0x0821, 0x0821,
  0x0040, 0x0020, 0x0821, 0x0821, 0x0821, 0x0821, 0x0821, 0x0821,
  0x0821, 0x0821, 0x0821, 0x0821, 0x0821, 0x0821, 0x0040, 0x0040,
  0x0821, 0x0821, 0x0821, 0x0821, 0x0821, 0x0821, 0x0821, 0x0821,
  0x0821, 0x0821, 0x0821, 0x0040, 0x0821, 0x0821, 0x0821, 0x0821,
  0x0821, 0x0821, 0x0821, 0x0821, 0x0821, 0x0821, 0x0821, 0x0821,
  0x0821, 0x0821, 0x0821, 0x0821, 0x0821, 0x0821, 0x0821, 0x0821,
  0x0821, 0x0821, 0x0821, 0x0821, 0x0821, 0x0821, 0x0821, 0x0821,
  0x0821, 0x0821, 0x0821, 0x0821, 0x0821, 0x0821, 0x0821, 0x0821,
  0x0821, 0x0821, 0x0821, 0x0821, 0x0821, 0x0821, 0x0821, 0x0821,
  0x0821, 0x0821, 0x0821, 0x0821, 0x0821, 0x0821, 0x0821, 0x0821,
  0x0821, 0x0821, 0x0821, 0x0821, 0x0821, 0x0821, 0x0821, 0x0821,
  0x0821, 0x0821, 0x0821, 0x0821, 0x0821, 0x0821, 0x0821, 0x0821,
  0x0821, 0x0821, 0x0821, 0x0821, 0x0821, 0x0821, 0x0821, 0x0821,
  0x0821, 0x0821, 0x0821, 0x0821, 0x0821, 0x0821, 0x0821, 0x0821,
  0x0821, 0x0821, 0x0821, 0x0821, 0x0821, 0x0821, 0x0821, 0x0821,
  0x0821, 0x0821, 0x0821, 0x0821, 0x0821, 0x0821, 0x0821, 0x0821,
  0x0821, 0x0821, 0x0821, 0x0821, 0x0821, 0x0821, 0x0821, 0x0821,
  0x0821, 0x0821, 0x0821, 0x0821, 0x0821, 0x0821, 0x0821, 0x0821,
  0x0821, 0x0821, 0x0821, 0x0821, 0x0821, 0x0821, 0x0821, 0x0821,
  0x0821, 0x0821, 0x0821, 0x0821, 0x0821, 0x0821, 0x0821, 0x0821,
  0x0821, 0x0821, 0x0821, 0x0821, 0x0821, 0x0821, 0x0821, 0x0821,
  0x0821, 0x0821, 0x0821, 0x0821, 0x0821, 0x0821, 0x0821, 0x0821,
  0x0821, 0x0821, 0x0821, 0x0821, 0x0821, 0x0821, 0x0821, 0x0821,
  0x0821, 0x0821, 0x0821, 0x0821, 0x0821, 0x0821, 0x0821, 0x0821,
  0x0821, 0x0821, 0x0821, 0x0821, 0x0821, 0x0821, 0x0821, 0x0821,
  0x0821, 0x0821, 0x0821, 0x0821, 0x0821, 0x0821, 0x0821, 0x0821
};

// Icon: input3 (56x56 px)
const uint16_t PROGMEM icon_input3[3136] = {
  0x0821, 0x0821, 0x0821, 0x0821, 0x0821, 0x0821, 0x0821, 0x0821,
  0x0821, 0x0821, 0x0821, 0x0821, 0x0821, 0x0821, 0x0821, 0x0821,
  0x0821, 0x0821, 0x0821, 0x0821, 0x0821, 0x0821, 0x0821, 0x0821,
  0x0821, 0x0821, 0x0821, 0x0821, 0x0821, 0x0821, 0x0821, 0x0821,
  0x0821, 0x0821, 0x0821, 0x0821, 0x0821, 0x0821, 0x0821, 0x0821,
  0x0821, 0x0821, 0x0821, 0x0821, 0x0821, 0x0821, 0x0821, 0x0821,
  0x0821, 0x0821, 0x0821, 0x0821, 0x0821, 0x0821, 0x0821, 0x0821,
  0x0821, 0x0821, 0x0821, 0x0821, 0x0821, 0x0821, 0x0821, 0x0821,
  0x0821, 0x0821, 0x0821, 0x0821, 0x0821, 0x0821, 0x0821, 0x0821,
  0x0821, 0x0821, 0x0821, 0x0821, 0x0821, 0x0821, 0x0821, 0x0821,
  0x0821, 0x0821, 0x0821, 0x0821, 0x0821, 0x0821, 0x0821, 0x0821,
  0x0821, 0x0821, 0x0821, 0x0821, 0x0821, 0x0821, 0x0821, 0x0821,
  0x0821, 0x0821, 0x0821, 0x0821, 0x0821, 0x0821, 0x0821, 0x0821,
  0x0821, 0x0821, 0x0821, 0x0821, 0x0821, 0x0821, 0x0821, 0x0821,
  0x0821, 0x0821, 0x0821, 0x0821, 0x0821, 0x0821, 0x0821, 0x0821,
  0x0821, 0x0821, 0x0821, 0x0821, 0x0821, 0x0821, 0x0821, 0x0821,
  0x0821, 0x0821, 0x0821, 0x0821, 0x0821, 0x0821, 0x0821, 0x0821,
  0x0821, 0x0821, 0x0821, 0x0821, 0x0821, 0x0821, 0x0821, 0x0821,
  0x0821, 0x0821, 0x0821, 0x0821, 0x0821, 0x0821, 0x0821, 0x0821,
  0x0821, 0x0821, 0x0821, 0x0020, 0x0020, 0x0821, 0x0821, 0x0821,
  0x0821, 0x0821, 0x0821, 0x0821, 0x0821, 0x0821, 0x0821, 0x0821,
  0x0821, 0x0821, 0x0821, 0x0821, 0x0821, 0x0821, 0x0821, 0x0821,
  0x0821, 0x0821, 0x0821, 0x0821, 0x0821, 0x0821, 0x0821, 0x0821,
  0x0821, 0x0821, 0x0821, 0x0821, 0x0821, 0x0821, 0x0821, 0x0821,
  0x0821, 0x0821, 0x0821, 0x0821, 0x0821, 0x0821, 0x0821, 0x0821,
  0x0821, 0x0821, 0x0821, 0x0821, 0x0821, 0x0821, 0x0821, 0x0821,
  0x0821, 0x0821, 0x0821, 0x0821, 0x0821, 0x0821, 0x0821, 0x0821,
  0x0821, 0x0821, 0x0821, 0x0821, 0x0821, 0x0821, 0x0821, 0x0821,
  0x0821, 0x0821, 0x0821, 0x0821, 0x0821, 0x0821, 0x0821, 0x0821,
  0x0821, 0x0821, 0x0821, 0x0821, 0x0821, 0x0821, 0x0821, 0x0821,
  0x0821, 0x0821, 0x0821, 0x0821, 0x0821, 0x0821, 0x0821, 0x0821,
  0x0821, 0x0821, 0x0821, 0x0821, 0x0821, 0x0821, 0x0821, 0x0821,
  0x0821, 0x0821, 0x0821, 0x0821, 0x0821, 0x0020, 0x10A0, 0x0020,
  0x0821, 0x0821, 0x0821, 0x736A, 0x942C, 0x2942, 0x0821, 0x0821,
  0x0821, 0x0821, 0x0821, 0x0821, 0x0821, 0x0821, 0x0821, 0x0821,
  0x0821, 0x0821, 0x0821, 0x0821, 0x0821, 0x0821, 0x0821, 0x0821,
  0x0821, 0x0821, 0x0821, 0x0821, 0x0821, 0x0821, 0x0821, 0x0821,
  0x0821, 0x0821, 0x0821, 0x0821, 0x0821, 0x0821, 0x0821, 0x0821,
  0x0821, 0x0821, 0x0821, 0x0821, 0x0821, 0x0821, 0x0821, 0x0821,
  0x0821, 0x0821, 0x0821, 0x0821, 0x0821, 0x0860, 0x2101, 0x0821,
  0x0821, 0x0821, 0x6AA3, 0xFF92, 0xFFF4, 0x7B45, 0x0821, 0x0020,
  0x0821, 0x0821, 0x0821, 0x0821, 0x0821, 0x0821, 0x0821, 0x0821,
  0x0821, 0x0821, 0x0821, 0x0821, 0x0821, 0x0821, 0x0821, 0x0821,
  0x0821, 0x0821, 0x0821, 0x0821, 0x0821, 0x0821, 0x0821, 0x0821,
  0x0821, 0x0821, 0x0821, 0x0821, 0x0821, 0x0821, 0x0821, 0x0821,
  0x0821, 0x0821, 0x0821, 0x0821, 0x0821, 0x0821, 0x0821, 0x0821,
  0x0821, 0x0821, 0x0821, 0x0821, 0x0821, 0x0821, 0x0020, 0x2943,
  0x944D, 0xC58F, 0xB468, 0xCD24, 0xDDC6, 0x49C1, 0x0821, 0x0821,
  0x0821, 0x0821, 0x0821, 0x0821, 0x0821, 0x0821, 0x0821, 0x0821,
  0x0821, 0x0821, 0x0821, 0x0821, 0x0821, 0x0821, 0x0821, 0x0821,
  0x0821, 0x0821, 0x0821, 0x0821, 0x0821, 0x0821, 0x0821, 0x0821,
  0x0821, 0x0821, 0x0821, 0x0821, 0x0821, 0x0821, 0x0821, 0x0821,
  0x0821, 0x0821, 0x0821, 0x0821, 0x0821, 0x0821, 0x0821, 0x0821,
  0x0821, 0x0821, 0x0821, 0x0821, 0x10A2, 0x5A87, 0xBD70, 0xD610,
  0xB489, 0x7282, 0x28C0, 0x0821, 0x0820, 0x0821, 0x0821, 0x0821,
  0x0821, 0x0821, 0x0821, 0x0821, 0x0821, 0x0821, 0x0821, 0x0821,
  0x0821, 0x0821, 0x0821, 0x0821, 0x0821, 0x0821, 0x0821, 0x0821,
  0x0821, 0x0821, 0x0821, 0x0821, 0x0821, 0x0821, 0x0821, 0x0821,
  0x0821, 0x0821, 0x0821, 0x0821, 0x0821, 0x0821, 0x0821, 0x0821,
  0x0821, 0x0821, 0x0821, 0x0821, 0x0821, 0x0821, 0x0821, 0x0821,
  0x0821, 0x0841, 0x3165, 0x8BEB, 0xD630, 0xDDEF, 0x9BE7, 0x6240,
  0x1040, 0x0821, 0x0821, 0x0821, 0x0821, 0x0821, 0x0821, 0x0821,
  0x0821, 0x0821, 0x0821, 0x0821, 0x0821, 0x0821, 0x0821, 0x0821,
  0x0821, 0x0821, 0x0821, 0x0821, 0x0821, 0x0821, 0x0821, 0x0821,
  0x0821, 0x0821, 0x0821, 0x0821, 0x0821, 0x0821, 0x0821, 0x0821,
  0x0821, 0x0821, 0x0821, 0x0821, 0x0821, 0x0821, 0x0821, 0x0821,
  0x0821, 0x0821, 0x0821, 0x0020, 0x0821, 0x0821, 0x0821, 0x2123,
  0x5248, 0xA48C, 0xE62E, 0xCD4B, 0x7AC2, 0x3940, 0x0820, 0x0821,
  0x0821, 0x0821, 0x0821, 0x0821, 0x0821, 0x0821, 0x0821, 0x0821,
  0x0821, 0x0821, 0x0821, 0x0821, 0x0821, 0x0821, 0x0821, 0x0821,
  0x0821, 0x0821, 0x0821, 0x0821, 0x0821, 0x0821, 0x0821, 0x0821,
  0x0821, 0x0821, 0x0821, 0x0821, 0x0821, 0x0821, 0x0821, 0x0821,
  0x0821, 0x0821, 0x0821, 0x0821, 0x0821, 0x0821, 0x0821, 0x0821,
  0x0821, 0x0020, 0x0821, 0x0821, 0x0821, 0x4206, 0x7BCC, 0xCD8E,
  0xDDEC, 0xAC47, 0x59C0, 0x28C0, 0x0821, 0x0821, 0x0821, 0x0821,
  0x0821, 0x0821, 0x0821, 0x0020, 0x0840, 0x0821, 0x0821, 0x0821,
  0x0821, 0x0821, 0x0821, 0x0821, 0x0821, 0x0821, 0x0821, 0x0821,
  0x0821, 0x0821, 0x0821, 0x0821, 0x0821, 0x0821, 0x0821, 0x0821,
  0x0821, 0x0821, 0x0821, 0x0821, 0x0821, 0x0821, 0x0821, 0x0821,
  0x0821, 0x0821, 0x0821, 0x0821, 0x0821, 0x0821, 0x0821, 0x0821,
  0x0821, 0x0821, 0x1880, 0x6B29, 0xACCE, 0xDDF0, 0xD58A, 0x8B45,
  0x30E0, 0x1040, 0x0821, 0x0821, 0x0821, 0x0821, 0x0821, 0x0821,
  0x0821, 0x0820, 0x0820, 0x0821, 0x0820, 0x0821, 0x0821, 0x0821,
  0x0821, 0x0821, 0x0821, 0x0821, 0x0821, 0x0821, 0x0821, 0x0821,
  0x0821, 0x0821, 0x0821, 0x0821, 0x0821, 0x0821, 0x0821, 0x0821,
  0x0821, 0x0821, 0x0821, 0x0821, 0x0821, 0x0821, 0x0821, 0x0821,
  0x0821, 0x0821, 0x0821, 0x0821, 0x0821, 0x0821, 0x0821, 0x0821,
  0x41A3, 0x9CAD, 0xCDF0, 0xE5EE, 0xC4A6, 0x7263, 0x1860, 0x0821,
  0x0821, 0x0821, 0x0821, 0x0821, 0x0821, 0x0821, 0x0821, 0x0821,
  0x0821, 0x0821, 0x0821, 0x0821, 0x0821, 0x0821, 0x0821, 0x0821,
  0x0821, 0x0821, 0x0821, 0x0821, 0x0821, 0x0821, 0x0821, 0x0821,
  0x0821, 0x0821, 0x0821, 0x0821, 0x0821, 0x0821, 0x0821, 0x0821,
  0x0821, 0x0821, 0x0821, 0x0821, 0x0821, 0x0821, 0x0821, 0x0821,
  0x0821, 0x0821, 0x0821, 0x0821, 0x0821, 0x2080, 0x7307, 0xC5B1,
  0xE651, 0xD54A, 0xABC3, 0x51A1, 0x0800, 0x0821, 0x0821, 0x0821,
  0x0821, 0x0020, 0x0821, 0x0821, 0x0821, 0x0821, 0x0821, 0x0821,
  0x0821, 0x0821, 0x0821, 0x0821, 0x0821, 0x0821, 0x0821, 0x0821,
  0x0821, 0x0821, 0x0821, 0x0821, 0x0821, 0x0821, 0x0821, 0x0821,
  0x0821, 0x0821, 0x0821, 0x1040, 0x0840, 0x0821, 0x0821, 0x0821,
  0x0821, 0x0821, 0x0821, 0x0821, 0x0821, 0x0821, 0x0821, 0x0821,
  0x0821, 0x0821, 0x1061, 0x59E3, 0xACAC, 0xE692, 0xF6B1, 0xD508,
  0x9321, 0x30E0, 0x0821, 0x0821, 0x0821, 0x0821, 0x0821, 0x0821,
  0x0821, 0x0821, 0x0821, 0x0821, 0x0821, 0x0821, 0x0821, 0x0821,
  0x0821, 0x0821, 0x0821, 0x0821, 0x0821, 0x0821, 0x0821, 0x0821,
  0x0821, 0x0821, 0x0821, 0x0821, 0x0821, 0x0821, 0x0821, 0x0821,
  0x0821, 0x0821, 0x0821, 0x0821, 0x0821, 0x0821, 0x0821, 0x0821,
  0x0821, 0x0821, 0x0821, 0x0821, 0x0821, 0x20E2, 0x3983, 0x3941,
  0x4182, 0x8B69, 0xD613, 0xFF96, 0xF68E, 0xC484, 0x7AA0, 0x2080,
  0x0821, 0x0821, 0x0821, 0x0821, 0x0821, 0x0821, 0x0821, 0x0821,
  0x0821, 0x0821, 0x0821, 0x0821, 0x0821, 0x0821, 0x0821, 0x0821,
  0x0821, 0x0821, 0x0821, 0x0821, 0x0821, 0x0821, 0x0821, 0x0821,
  0x0821, 0x0821, 0x0821, 0x0821, 0x0821, 0x0821, 0x0821, 0x0821,
  0x0821, 0x0821, 0x0821, 0x0821, 0x0821, 0x0821, 0x0821, 0x0821,
  0x0821, 0x0821, 0x0020, 0x3943, 0x940D, 0xD657, 0xE6D9, 0xD5F3,
  0xE694, 0xFFFA, 0xF733, 0xC527, 0x8301, 0x3100, 0x0840, 0x0020,
  0x0020, 0x0821, 0x0821, 0x0821, 0x0821, 0x0821, 0x0020, 0x0020,
  0x0020, 0x0020, 0x0020, 0x0020, 0x0020, 0x0020, 0x0020, 0x0020,
  0x0020, 0x0020, 0x0020, 0x0020, 0x0020, 0x0020, 0x0020, 0x0020,
  0x0020, 0x0020, 0x0821, 0x0821, 0x0821, 0x0821, 0x0821, 0x0821,
  0x0821, 0x0821, 0x0821, 0x0821, 0x0821, 0x0821, 0x0821, 0x0821,
  0x1020, 0x2080, 0x3900, 0xBD0D, 0xFFFE, 0xFFFE, 0xFFFD, 0xFFFD,
  0xFF94, 0xDD87, 0xA3C3, 0x6220, 0x4160, 0x3100, 0x28A0, 0x1840,
  0x0800, 0x0821, 0x0821, 0x0821, 0x0821, 0x0821, 0x0821, 0x0821,
  0x0821, 0x0821, 0x0821, 0x0821, 0x0821, 0x0821, 0x0821, 0x0821,
  0x0821, 0x0821, 0x0821, 0x0821, 0x0821, 0x0821, 0x0821, 0x0821,
  0x0821, 0x0821, 0x0821, 0x0020, 0x0821, 0x0821, 0x0821, 0x0821,
  0x0821, 0x0821, 0x0821, 0x0821, 0x0821, 0x0800, 0x5A87, 0x8BED,
  0xA4AE, 0xACEF, 0xC550, 0xF735, 0xFFB9, 0xFFB9, 0xFFB9, 0xFF98,
  0xFF54, 0xE650, 0xCD91, 0xBD71, 0xBD31, 0xB510, 0xACF0, 0xA4CF,
  0xA48F, 0x9C8F, 0x9C8F, 0x9C8F, 0x9C6F, 0x946E, 0x944E, 0x8C4E,
  0x8C2E, 0x8C2E, 0x8C2D, 0x8C2D, 0x842D, 0x842D, 0x8C2D, 0x842D,
  0x842D, 0x840D, 0x842D, 0x842D, 0x840D, 0x842D, 0x840D, 0x840C,
  0x840D, 0x73AC, 0x39E5, 0x0821, 0x0821, 0x0821, 0x0821, 0x0821,
  0x0821, 0x0821, 0x0821, 0x0821, 0x28E1, 0xACED, 0xF772, 0xFFF4,
  0xFFF5, 0xFFF8, 0xFFFA, 0xFFF9, 0xFFF8, 0xFFF8, 0xFFF7, 0xFFD6,
  0xFFF4, 0xFFF5, 0xFFD4, 0xFFD3, 0xFFB2, 0xFFD2, 0xFF91, 0xFF90,
  0xFFB0, 0xFFAF, 0xFFAF, 0xFF8F, 0xFF8E, 0xFF8E, 0xFF8D, 0xFF8D,
  0xFF8D, 0xFFAE, 0xFF8D, 0xFF8C, 0xFF8D, 0xFF8D, 0xFF8C, 0xFF8C,
  0xFF8C, 0xFF8C, 0xFF8C, 0xFF8B, 0xFF8C, 0xFF8C, 0xFF8C, 0xFF8C,
  0xFF8D, 0xFF4D, 0xEED0, 0x8C0B, 0x1081, 0x0821, 0x0821, 0x0821,
  0x0821, 0x0821, 0x0821, 0x1020, 0xACAB, 0xFFCE, 0xEECB, 0xBCC9,
  0xB448, 0xB468, 0xB448, 0xB449, 0xAC29, 0xAC28, 0xAC08, 0xA3C7,
  0x9BA6, 0x9345, 0x9324, 0x9324, 0x8AE4, 0x82A3, 0x7A83, 0x7A83,
  0x7262, 0x6A42, 0x6222, 0x6201, 0x59E1, 0x59E1, 0x51C1, 0x51A1,
  0x49A1, 0x4981, 0x4980, 0x4980, 0x4980, 0x4160, 0x4160, 0x4160,
  0x4160, 0x4160, 0x4140, 0x4160, 0x4160, 0x4160, 0x4160, 0x4160,
  0x4960, 0x83C4, 0xE688, 0xFF6D, 0x7B88, 0x0821, 0x0821, 0x0821,
  0x0821, 0x0020, 0x0821, 0x5266, 0xFE8C, 0xEE89, 0xA3A7, 0x9B46,
  0xA366, 0xA346, 0x9B46, 0x9326, 0x9306, 0x92E5, 0x8AC5, 0x8AC5,
  0x82A4, 0x8284, 0x7A84, 0x7A64, 0x7244, 0x6A23, 0x6A03, 0x6A03,
  0x61E3, 0x51A2, 0x4982, 0x4142, 0x4142, 0x3921, 0x3921, 0x3101,
  0x3101, 0x3101, 0x28E1, 0x3101, 0x3101, 0x28E1, 0x28C1, 0x28E1,
  0x28E1, 0x28E1, 0x28C1, 0x28E1, 0x28E1, 0x28C0, 0x28E1, 0x30E1,
  0x30E1, 0x28A0, 0x5A42, 0xF688, 0xDDCB, 0x2983, 0x0821, 0x0821,
  0x0821, 0x0020, 0x0821, 0x7327, 0xFEEB, 0xBCE7, 0x8B05, 0x8AE5,
  0x8AE5, 0x8B05, 0x82A5, 0x82A5, 0x7A85, 0x7A84, 0x7A64, 0x7264,
  0x7244, 0x7223, 0x6A23, 0x6A23, 0x6A23, 0x6A23, 0x6203, 0x6203,
  0x59E3, 0x51C2, 0x4162, 0x3921, 0x3121, 0x2901, 0x2901, 0x20C1,
  0x20A0, 0x20A1, 0x20E1, 0x18A0, 0x18A0, 0x20E0, 0x20E1, 0x20C1,
  0x1880, 0x1880, 0x20C0, 0x20A0, 0x1880, 0x20A0, 0x28E1, 0x28E1,
  0x3101, 0x28C0, 0x3961, 0xB4C4, 0xFE89, 0x41E4, 0x0821, 0x0821,
  0x0821, 0x0020, 0x0821, 0x72E6, 0xFF0B, 0xACA6, 0x7A84, 0x7A64,
  0x7A84, 0x7244, 0xABC3, 0x9343, 0xA3C2, 0x8AE2, 0xABE2, 0x9B83,
  0xAC03, 0x9BA3, 0xA403, 0x9BA3, 0xA423, 0x93A3, 0x9BE3, 0x93A4,
  0x8B63, 0x3942, 0x28E1, 0x18A0, 0x10A1, 0x10C1, 0x10C0, 0x2160,
  0x31E2, 0x29A1, 0x10E0, 0x29C1, 0x29C2, 0x10E0, 0x0060, 0x1920,
  0x31E2, 0x31C2, 0x1940, 0x2161, 0x31E2, 0x2140, 0x1080, 0x0880,
  0x20E1, 0x20C0, 0x3120, 0xAC44, 0xFE8A, 0x41E3, 0x0821, 0x0821,
  0x0821, 0x0020, 0x0821, 0x6AE5, 0xFEEA, 0xAC64, 0x7242, 0x7223,
  0x7222, 0x6A02, 0x9342, 0x82C2, 0x9B62, 0x7AA1, 0x9361, 0x8302,
  0x9382, 0x8322, 0x93C3, 0x8B62, 0x93A2, 0x7B22, 0x8B82, 0x7B23,
  0x72C3, 0x3101, 0x20C0, 0x0860, 0x10C1, 0x10A1, 0x29C1, 0x8D05,
  0x9DC6, 0x9547, 0x7425, 0x9566, 0x95A6, 0x6C24, 0x2161, 0x6C05,
  0x9DE6, 0x9586, 0x7CA6, 0x9585, 0x9585, 0x7CC5, 0x29A1, 0x0860,
  0x20E1, 0x20C0, 0x3100, 0xA403, 0xF689, 0x41E3, 0x0821, 0x0821,
  0x0821, 0x0020, 0x0821, 0x6AE5, 0xFEEA, 0xA424, 0x6202, 0x61E2,
  0x61E2, 0x61E2, 0xAB81, 0x8AC1, 0xABA1, 0x82C1, 0xABE1, 0x8B21,
  0xA381, 0x9341, 0xAC01, 0x9381, 0xA401, 0x8B81, 0x93A1, 0x8322,
  0x7B22, 0x20C1, 0x18A0, 0x0860, 0x10A1, 0x0060, 0x4283, 0xA5E8,
  0x42C2, 0x9DA9, 0xBE8C, 0x63C3, 0x6404, 0xC70A, 0x6C22, 0xAE2B,
  0x5BA5, 0x7444, 0xB66B, 0xA5E8, 0x42A2, 0xAE2A, 0x42A4, 0x0821,
  0x20E1, 0x20C0, 0x2900, 0xA403, 0xF68A, 0x41E3, 0x0821, 0x0821,
  0x0821, 0x0020, 0x0821, 0x6AE4, 0xFECA, 0xA404, 0x59C1, 0x59A1,
  0x59A1, 0x5181, 0x8AC1, 0x7261, 0x8AC1, 0x6A21, 0x7AC1, 0x6A61,
  0x82E1, 0x7281, 0x8301, 0x72A1, 0x7B01, 0x62A1, 0x6AA1, 0x5A61,
  0x62A2, 0x18A1, 0x10A0, 0x0860, 0x10A1, 0x0060, 0x4284, 0x9566,
  0x0900, 0x8D47, 0xBEA9, 0x3A81, 0x42E3, 0xA609, 0x1960, 0x9DA9,
  0x3243, 0x5343, 0xB68B, 0x8D27, 0x1900, 0xB62A, 0x42A4, 0x0821,
  0x18C1, 0x18A0, 0x28E0, 0xA403, 0xF68A, 0x41C3, 0x0821, 0x0821,
  0x0821, 0x0020, 0x0821, 0x6AE4, 0xFEC9, 0xA424, 0x51A1, 0x5181,
  0x5181, 0x4941, 0xB3C1, 0x8B01, 0xB3E0, 0x82E1, 0xAC20, 0x93A1,
  0xAC41, 0x9BC1, 0xB4C3, 0x8BC3, 0xACC3, 0x8C03, 0x9C84, 0x8446,
  0x83E5, 0x1060, 0x1080, 0x0040, 0x0860, 0x0040, 0x29E2, 0x9DA8,
  0xA5C9, 0x9DC7, 0x8D67, 0xA5EA, 0x9DE9, 0x8544, 0x42C0, 0x7D05,
  0xAE2A, 0x95C7, 0x7CE5, 0xAE49, 0xA5EA, 0x9DA7, 0x2181, 0x0821,
  0x1080, 0x1060, 0x28C0, 0x9BE3, 0xEE69, 0x41C2, 0x0821, 0x0821,
  0x0821, 0x0020, 0x0821, 0x6AE4, 0xFEA9, 0xA403, 0x4960, 0x4941,
  0x4961, 0x4961, 0x7220, 0x61E1, 0x7A80, 0x59E0, 0x7260, 0x6221,
  0x7280, 0x6241, 0x6AA1, 0x5A21, 0x6AC1, 0x5262, 0x5AC2, 0x4263,
  0x4A63, 0x1081, 0x10A1, 0x10A1, 0x1902, 0x2143, 0x2143, 0x2183,
  0x29C3, 0x2183, 0x2162, 0x29E3, 0x29C3, 0x2182, 0x2182, 0x2182,
  0x31C3, 0x29C3, 0x2162, 0x29A3, 0x31E3, 0x2182, 0x1922, 0x2102,
  0x2942, 0x2122, 0x20C0, 0x93A3, 0xEE89, 0x41C3, 0x0821, 0x0821,
  0x0821, 0x0020, 0x0821, 0x6AE4, 0xFEA9, 0x9BE3, 0x4940, 0x4120,
  0x4120, 0x4120, 0xABA0, 0x7A80, 0xABC0, 0x82C0, 0xABC0, 0x8B21,
  0xABC0, 0x93C1, 0xA482, 0x8381, 0xA4A2, 0x6B84, 0x7425, 0x53E7,
  0x4B66, 0x0820, 0x2182, 0x4AE5, 0x94D0, 0xA510, 0xA530, 0xA531,
  0xA532, 0xA532, 0xA531, 0xA531, 0xA531, 0xA531, 0xA531, 0xA531,
  0xA531, 0xA530, 0xA530, 0xA510, 0xA510, 0xA50F, 0xA50E, 0xA50E,
  0xAD2F, 0x8C6C, 0x1880, 0x9383, 0xEE69, 0x41E2, 0x0821, 0x0821,
  0x0821, 0x0020, 0x0821, 0x62E5, 0xFEA9, 0x9BE3, 0x4120, 0x3900,
  0x3900, 0x3920, 0x8AC0, 0x6A00, 0x8AC1, 0x61E1, 0x8AE0, 0x6A81,
  0x8B22, 0x6AE2, 0x7BA4, 0x52E4, 0x5364, 0x3AC4, 0x4325, 0x4308,
  0x3AC6, 0x0820, 0x08A1, 0x1902, 0x31A5, 0x31A4, 0x31C5, 0x39E5,
  0x39E6, 0x39E5, 0x31C5, 0x31A5, 0x31A5, 0x31A5, 0x31A5, 0x31C5,
  0x31A4, 0x31C5, 0x39C5, 0x39E5, 0x39E5, 0x39E5, 0x39C4, 0x39A4,
  0x39A4, 0x2963, 0x1880, 0x8B63, 0xEE89, 0x41C2, 0x0821, 0x0821,
  0x0821, 0x0020, 0x0821, 0x6AE5, 0xFEA9, 0x9C03, 0x3920, 0x38E0,
  0x3900, 0x3900, 0x9B40, 0x6A20, 0x9B61, 0x6A21, 0x9B60, 0x7AE1,
  0x9BC1, 0x7343, 0x8C65, 0x6BC6, 0x6447, 0x3365, 0x3BC6, 0x53EB,
  0x4369, 0x0020, 0x0881, 0x0840, 0x0040, 0x0861, 0x0860, 0x0821,
  0x0821, 0x0821, 0x0020, 0x0861, 0x0860, 0x0860, 0x0840, 0x0860,
  0x0860, 0x0861, 0x0821, 0x0821, 0x0821, 0x0821, 0x0860, 0x0860,
  0x0860, 0x0860, 0x1880, 0x8B63, 0xE689, 0x41C2, 0x0821, 0x0821,
  0x0821, 0x0020, 0x0821, 0x6AE4, 0xFEC9, 0x9C03, 0x3900, 0x30E0,
  0x30E0, 0x3900, 0xA380, 0x7260, 0x9BC2, 0x6A81, 0x9C23, 0x7B62,
  0x8C44, 0x6BA6, 0x748B, 0x4B89, 0x444B, 0x3348, 0x33C8, 0x336A,
  0x3329, 0x0820, 0x0881, 0x0861, 0x1081, 0x0861, 0x2985, 0x7C0F,
  0x9491, 0x8C51, 0x4208, 0x0040, 0x10A1, 0x0881, 0x0881, 0x1081,
  0x0861, 0x1081, 0x6B6D, 0x94B1, 0x94B2, 0x6B6D, 0x18C2, 0x0860,
  0x10A1, 0x1080, 0x1880, 0x8363, 0xE669, 0x41C2, 0x0821, 0x0821,
  0x0821, 0x0020, 0x0821, 0x6AE4, 0xFEA9, 0x9C03, 0x3920, 0x30E0,
  0x30E0, 0x30E0, 0x9361, 0x6240, 0x9361, 0x5A21, 0x9C22, 0x7342,
  0x8C44, 0x5B65, 0x5C28, 0x4368, 0x3C09, 0x2B48, 0x2BA9, 0x2B29,
  0x2AE8, 0x0820, 0x0881, 0x0861, 0x0861, 0x4228, 0xCE79, 0xD6DA,
  0xAD95, 0x94B2, 0x8C50, 0x52AA, 0x0840, 0x0881, 0x0861, 0x0861,
  0x2124, 0xA534, 0xD6BA, 0xC638, 0x94B2, 0x9491, 0x8C51, 0x20E3,
  0x0840, 0x1081, 0x1880, 0x8342, 0xE668, 0x41C2, 0x0821, 0x0821,
  0x0821, 0x0020, 0x0821, 0x6AE4, 0xFEA9, 0x9C24, 0x3100, 0x28C0,
  0x28C0, 0x3100, 0xA443, 0x72E3, 0x83EA, 0x4A44, 0x5C09, 0x4348,
  0x64F0, 0x4C2E, 0x5D12, 0x4C50, 0x4CF2, 0x33CD, 0x344D, 0x2BCC,
  0x2BAB, 0x0821, 0x0881, 0x0040, 0x1903, 0xC659, 0xEF9E, 0xCE79,
  0x73CE, 0x4A69, 0x5289, 0x7BCF, 0x2965, 0x0860, 0x1081, 0x0821,
  0x8C71, 0xEF7D, 0xD6BA, 0x9D14, 0x5AEB, 0x4248, 0x7BCF, 0x73AE,
  0x18A1, 0x1060, 0x1880, 0x8342, 0xE668, 0x41C2, 0x0821, 0x0821,
  0x0821, 0x0020, 0x0821, 0x6AE4, 0xFEA9, 0x9C24, 0x3100, 0x28C0,
  0x28C0, 0x28C0, 0x8363, 0x5A42, 0x6349, 0x3A04, 0x4BAA, 0x3AE8,
  0x440E, 0x3B8C, 0x4C71, 0x33AD, 0x3C30, 0x232B, 0x2BAC, 0x2B6C,
  0x2B2B, 0x0821, 0x0881, 0x0020, 0x31A6, 0xE73C, 0xCE9A, 0xC638,
  0x738E, 0x4207, 0x39E7, 0x5ACA, 0x738D, 0x0020, 0x10A1, 0x0821,
  0xAD75, 0xDEFB, 0xCE59, 0x9CD3, 0x52AA, 0x4228, 0x39C6, 0x8C71,
  0x2123, 0x0840, 0x2080, 0x8B43, 0xEE48, 0x41C2, 0x0821, 0x0821,
  0x0821, 0x0020, 0x0821, 0x6AE4, 0xFEA9, 0x9C24, 0x3100, 0x28C0,
  0x28C0, 0x2102, 0x5C0E, 0x3A88, 0x5C2E, 0x3ACA, 0x444F, 0x3BAD,
  0x5534, 0x4C51, 0x5D34, 0x4C92, 0x5D55, 0x3BEF, 0x4CB2, 0x4471,
  0x43EF, 0x0821, 0x0861, 0x0040, 0x31C6, 0x8430, 0x6B6D, 0x6B6D,
  0x73AE, 0x6B4D, 0x52CA, 0x632C, 0x7BEF, 0x0821, 0x1081, 0x0861,
  0x6B8D, 0x73CF, 0x6B6D, 0x73AE, 0x7BEF, 0x632C, 0x4A49, 0x8430,
  0x2103, 0x1040, 0x2080, 0x8B63, 0xEE68, 0x41C2, 0x0821, 0x0821,
  0x0821, 0x0020, 0x0821, 0x6B05, 0xFEA8, 0x9C44, 0x3121, 0x28C0,
  0x28C0, 0x20E1, 0x42A8, 0x31E5, 0x42C9, 0x29C5, 0x32E9, 0x2A68,
  0x436D, 0x32CA, 0x436D, 0x3B0C, 0x3B6D, 0x32CA, 0x3B4C, 0x32EB,
  0x32AA, 0x0020, 0x0861, 0x0020, 0x10A2, 0x5B0B, 0x2124, 0x2124,
  0x8451, 0xD6DB, 0xC638, 0xAD55, 0x4A49, 0x0020, 0x1081, 0x0821,
  0x4A69, 0x39E7, 0x2965, 0x6B4D, 0xCE79, 0xCE59, 0x9D13, 0x738E,
  0x18A1, 0x1060, 0x20A0, 0x9363, 0xEE68, 0x41C2, 0x0821, 0x0821,
  0x0821, 0x0020, 0x0821, 0x6B04, 0xFEA7, 0xACA4, 0x3941, 0x28C1,
  0x28E1, 0x20E1, 0x1880, 0x18A1, 0x1880, 0x18A1, 0x1060, 0x1081,
  0x0860, 0x0860, 0x0840, 0x0860, 0x0840, 0x0860, 0x0840, 0x0840,
  0x0840, 0x0861, 0x0860, 0x0040, 0x0861, 0x31C6, 0x52AA, 0x52AA,
  0x73AE, 0xB5B6, 0xDF1C, 0x8C51, 0x0020, 0x0860, 0x0860, 0x0840,
  0x18E3, 0x528A, 0x6B6D, 0x8430, 0xA534, 0xE71C, 0xC618, 0x31A6,
  0x1060, 0x1880, 0x30E0, 0x9BC3, 0xEE48, 0x41C2, 0x0821, 0x0821,
  0x0821, 0x0820, 0x0821, 0x6B23, 0xF606, 0xD5C6, 0x3941, 0x30C1,
  0x3101, 0x28E1, 0x2901, 0x20E1, 0x2102, 0x18C1, 0x18E2, 0x18E2,
  0x18E2, 0x18E2, 0x18E2, 0x10E2, 0x10E2, 0x10C2, 0x10C2, 0x10C2,
  0x10A1, 0x0881, 0x0861, 0x0861, 0x0840, 0x0840, 0x2965, 0x5289,
  0x738E, 0x7BCF, 0x4248, 0x18C2, 0x0860, 0x0860, 0x0860, 0x0860,
  0x0020, 0x1903, 0x528A, 0x7C0F, 0x8C71, 0x6B4C, 0x2944, 0x1080,
  0x1880, 0x1860, 0x4160, 0xCD65, 0xE5E6, 0x41C1, 0x0821, 0x0821,
  0x0821, 0x0020, 0x0821, 0x6B23, 0xD4C3, 0xE604, 0xAD05, 0x3900,
  0x28A0, 0x20A0, 0x20A0, 0x20A0, 0x1880, 0x1880, 0x1080, 0x1080,
  0x1060, 0x1060, 0x0860, 0x0860, 0x0840, 0x0840, 0x0840, 0x0040,
  0x0020, 0x0020, 0x0821, 0x0821, 0x0821, 0x0821, 0x0821, 0x0841,
  0x10A2, 0x1061, 0x0821, 0x0821, 0x0821, 0x0821, 0x0821, 0x0821,
  0x0821, 0x0821, 0x0821, 0x10A2, 0x18A2, 0x0821, 0x0821, 0x1040,
  0x1020, 0x28A0, 0xBD45, 0xD5A5, 0xBC42, 0x4A01, 0x0821, 0x0821,
  0x0821, 0x0821, 0x0821, 0x2900, 0xC521, 0xBBE0, 0xCD84, 0xD606,
  0xBD66, 0xBD66, 0xBD67, 0xB567, 0xB567, 0xB567, 0xB567, 0xB548,
  0xB568, 0xB568, 0xB548, 0xB548, 0xB548, 0xB569, 0xB569, 0xB549,
  0xB569, 0xB549, 0xB549, 0xB549, 0xB549, 0xB549, 0xB549, 0xAD29,
  0xAD28, 0xAD28, 0xB56A, 0xB569, 0xB549, 0xB549, 0xB569, 0xB548,
  0xB548, 0xB569, 0xB549, 0xAD48, 0xAD47, 0xB567, 0xB567, 0xB546,
  0xBD45, 0xD625, 0xCD44, 0xB3E1, 0xA3C1, 0x1060, 0x0821, 0x0821,
  0x0821, 0x0821, 0x0821, 0x0821, 0x41E0, 0xCD01, 0xB380, 0x8A60,
  0x9B20, 0x9B41, 0x9321, 0x9301, 0x8B01, 0x8B01, 0x9301, 0x8B01,
  0x8B01, 0x8B01, 0x8B01, 0x8B01, 0x8B01, 0x8B01, 0x82E1, 0x82E1,
  0x82E1, 0x8301, 0x8B01, 0x8B01, 0x8AE1, 0x8301, 0x8301, 0x8AE1,
  0x8B01, 0x82E1, 0x8301, 0x8B01, 0x8B01, 0x8B01, 0x8B01, 0x8B01,
  0x8AE1, 0x8B01, 0x8B01, 0x82E1, 0x82E1, 0x7AE1, 0x82E1, 0x82E0,
  0x82E0, 0x8260, 0xAB40, 0xA3C0, 0x20E0, 0x0821, 0x0821, 0x0821,
  0x0821, 0x0821, 0x0821, 0x0821, 0x0821, 0x1860, 0x6A80, 0x7AC0,
  0x8AA0, 0x9AE0, 0x9AC0, 0x9AA0, 0x9A80, 0x9240, 0x7A00, 0x7A00,
  0x7A20, 0x7A20, 0x7A00, 0x7A20, 0x7A20, 0x7A20, 0x7A20, 0x7A20,
  0x7A20, 0x7A40, 0x7A20, 0x7A20, 0x7A20, 0x7A20, 0x7A20, 0x7A20,
  0x7A20, 0x7A20, 0x7A20, 0x7A20, 0x7A40, 0x7A40, 0x7A40, 0x7A20,
  0x7A20, 0x7A20, 0x8220, 0x9280, 0x9280, 0x9280, 0x92A0, 0x9280,
  0x8260, 0x8300, 0x49E0, 0x0821, 0x0821, 0x0821, 0x0821, 0x0821,
  0x0821, 0x0821, 0x0821, 0x0820, 0x0820, 0x0821, 0x0821, 0x0821,
  0x1020, 0x81E0, 0xA2A0, 0xA2A0, 0xAAA0, 0x6160, 0x0821, 0x0821,
  0x0821, 0x0821, 0x0821, 0x0821, 0x0821, 0x0821, 0x0821, 0x0821,
  0x0821, 0x0821, 0x0821, 0x0821, 0x0821, 0x0821, 0x0821, 0x0821,
  0x0821, 0x0821, 0x0821, 0x0821, 0x0821, 0x0821, 0x0821, 0x0821,
  0x0821, 0x0821, 0x0821, 0x6980, 0xA2A0, 0xA2A0, 0xA2A0, 0x8200,
  0x0821, 0x0821, 0x0821, 0x0821, 0x0821, 0x0821, 0x0821, 0x0821,
  0x0821, 0x0821, 0x0821, 0x0821, 0x0821, 0x0821, 0x0821, 0x0821,
  0x0821, 0x30A0, 0x4900, 0x5120, 0x5120, 0x1020, 0x0821, 0x0821,
  0x0821, 0x0821, 0x0821, 0x0821, 0x0821, 0x0821, 0x0821, 0x0821,
  0x0821, 0x0821, 0x0821, 0x0821, 0x0821, 0x0821, 0x0821, 0x0821,
  0x0821, 0x0821, 0x0821, 0x0821, 0x0821, 0x0821, 0x0821, 0x0821,
  0x0821, 0x0821, 0x0821, 0x2040, 0x4900, 0x4920, 0x5140, 0x38E0,
  0x0821, 0x0821, 0x0821, 0x0821, 0x0821, 0x0821, 0x0821, 0x0821,
  0x0020, 0x1040, 0x1860, 0x2080, 0x28A0, 0x38C0, 0x4900, 0x5940,
  0x61A0, 0x61E0, 0x6A40, 0x7280, 0x7A80, 0x7AE0, 0x8301, 0x8321,
  0x8B21, 0x8B41, 0x8B61, 0x8B62, 0x93A2, 0x93C3, 0x93C3, 0x93E3,
  0x93C3, 0x9BE4, 0x9C04, 0x9C04, 0x9BE4, 0x9BE3, 0x93E4, 0x93E3,
  0x93C3, 0x93A2, 0x93A2, 0x8B82, 0x8B61, 0x8B41, 0x8B21, 0x82E0,
  0x7AE0, 0x7AA0, 0x7A80, 0x7280, 0x6A20, 0x6200, 0x59C0, 0x5180,
  0x4960, 0x3900, 0x28C0, 0x20A0, 0x1880, 0x1060, 0x1040, 0x0821,
  0x0821, 0x0820, 0x0820, 0x0820, 0x1040, 0x1040, 0x1860, 0x2080,
  0x28C0, 0x30E0, 0x3100, 0x3920, 0x3940, 0x3940, 0x3140, 0x3960,
  0x3960, 0x3960, 0x4160, 0x3980, 0x3981, 0x41A1, 0x41A1, 0x41A1,
  0x41A1, 0x41A1, 0x49C1, 0x49C1, 0x49A1, 0x41A1, 0x49A1, 0x41A1,
  0x41A1, 0x41A1, 0x4181, 0x4180, 0x4160, 0x3960, 0x3960, 0x3940,
  0x3940, 0x3120, 0x3100, 0x3920, 0x3100, 0x3100, 0x30E0, 0x28C0,
  0x2080, 0x1860, 0x1040, 0x1040, 0x0820, 0x0820, 0x0020, 0x0821,
  0x0821, 0x0821, 0x0821, 0x0821, 0x0821, 0x0821, 0x0821, 0x0821,
  0x0821, 0x0821, 0x0821, 0x0821, 0x0821, 0x0821, 0x0821, 0x0821,
  0x0821, 0x0821, 0x0821, 0x0821, 0x0821, 0x0821, 0x0821, 0x0821,
  0x0821, 0x0821, 0x0821, 0x0821, 0x0821, 0x0821, 0x0821, 0x0821,
  0x0821, 0x0821, 0x0821, 0x0821, 0x0821, 0x0821, 0x0821, 0x0821,
  0x0821, 0x0821, 0x0821, 0x0821, 0x0821, 0x0821, 0x0821, 0x0821,
  0x0821, 0x0821, 0x0821, 0x0821, 0x0821, 0x0821, 0x0821, 0x0821,
  0x0821, 0x0821, 0x0821, 0x0821, 0x0821, 0x0821, 0x0821, 0x0821,
  0x0821, 0x0821, 0x0821, 0x0821, 0x0821, 0x0821, 0x0821, 0x0821,
  0x0821, 0x0821, 0x0821, 0x0821, 0x0821, 0x0821, 0x0821, 0x0821,
  0x0821, 0x0821, 0x0821, 0x0821, 0x0821, 0x0821, 0x0821, 0x0821,
  0x0821, 0x0821, 0x0821, 0x0821, 0x0821, 0x0821, 0x0821, 0x0821,
  0x0821, 0x0821, 0x0821, 0x0821, 0x0821, 0x0821, 0x0821, 0x0821,
  0x0821, 0x0821, 0x0821, 0x0821, 0x0821, 0x0821, 0x0821, 0x0821,
  0x0821, 0x0821, 0x0821, 0x0821, 0x0821, 0x0821, 0x0821, 0x0821,
  0x0821, 0x0821, 0x0821, 0x0821, 0x0821, 0x0821, 0x0821, 0x0821,
  0x0821, 0x0821, 0x0821, 0x0821, 0x0821, 0x0821, 0x0821, 0x0821,
  0x0821, 0x0821, 0x0821, 0x0821, 0x0821, 0x0821, 0x0821, 0x0821,
  0x0821, 0x0821, 0x0821, 0x0821, 0x0821, 0x0821, 0x0821, 0x0821,
  0x0821, 0x0821, 0x0821, 0x0821, 0x0821, 0x0821, 0x0821, 0x0821,
  0x0821, 0x0821, 0x0821, 0x0821, 0x0821, 0x0821, 0x0821, 0x0821,
  0x0821, 0x0821, 0x0821, 0x0821, 0x0821, 0x0821, 0x0821, 0x0821,
  0x0821, 0x0821, 0x0821, 0x0821, 0x0821, 0x0821, 0x0821, 0x0821,
  0x0821, 0x0821, 0x0821, 0x0821, 0x0821, 0x0821, 0x0821, 0x0821,
  0x0821, 0x0821, 0x0821, 0x0821, 0x0821, 0x0821, 0x0821, 0x0821,
  0x0821, 0x0821, 0x0821, 0x0821, 0x0821, 0x0821, 0x0821, 0x0821,
  0x0821, 0x0821, 0x0821, 0x0821, 0x0821, 0x0821, 0x0821, 0x0821,
  0x0821, 0x0821, 0x0821, 0x0821, 0x0821, 0x0821, 0x0821, 0x0821,
  0x0821, 0x0821, 0x0821, 0x0821, 0x0821, 0x0821, 0x0821, 0x0821,
  0x0821, 0x0821, 0x0821, 0x0821, 0x0821, 0x0821, 0x0821, 0x0821,
  0x0821, 0x0821, 0x0821, 0x0821, 0x0821, 0x0821, 0x0821, 0x0821,
  0x0821, 0x0821, 0x0821, 0x0821, 0x0821, 0x0821, 0x0821, 0x0821,
  0x0821, 0x0821, 0x0821, 0x0821, 0x0821, 0x0821, 0x0821, 0x0821,
  0x0821, 0x0821, 0x0821, 0x0821, 0x0821, 0x0821, 0x0821, 0x0821,
  0x0821, 0x0821, 0x0821, 0x0821, 0x0821, 0x0821, 0x0821, 0x0821,
  0x0821, 0x0821, 0x0821, 0x0821, 0x0821, 0x0821, 0x0821, 0x0821,
  0x0821, 0x0821, 0x0821, 0x0821, 0x0821, 0x0821, 0x0821, 0x0821,
  0x0821, 0x0821, 0x0821, 0x0821, 0x0821, 0x0821, 0x0821, 0x0821,
  0x0821, 0x0821, 0x0821, 0x0821, 0x0821, 0x0821, 0x0821, 0x0821,
  0x0821, 0x0821, 0x0821, 0x0821, 0x0821, 0x0821, 0x0821, 0x0821,
  0x0821, 0x0821, 0x0821, 0x0821, 0x0821, 0x0821, 0x0821, 0x0821,
  0x0821, 0x0821, 0x0821, 0x0821, 0x0821, 0x0821, 0x0821, 0x0821,
  0x0821, 0x0821, 0x0821, 0x0821, 0x0821, 0x0821, 0x0821, 0x0821,
  0x0821, 0x0821, 0x0821, 0x0821, 0x0821, 0x0821, 0x0821, 0x0821,
  0x0821, 0x0821, 0x0821, 0x0821, 0x0821, 0x0821, 0x0821, 0x0821,
  0x0821, 0x0821, 0x0821, 0x0821, 0x0821, 0x0821, 0x0821, 0x0821,
  0x0821, 0x0821, 0x0821, 0x0821, 0x0821, 0x0821, 0x0821, 0x0821,
  0x0821, 0x0821, 0x0821, 0x0821, 0x0821, 0x0821, 0x0821, 0x0821,
  0x0821, 0x0821, 0x0821, 0x0821, 0x0821, 0x0821, 0x0821, 0x0821,
  0x0821, 0x0821, 0x0821, 0x0821, 0x0821, 0x0821, 0x0821, 0x0821,
  0x0821, 0x0821, 0x0821, 0x0821, 0x0821, 0x0821, 0x0821, 0x0821,
  0x0821, 0x0821, 0x0821, 0x0821, 0x0821, 0x0821, 0x0821, 0x0821,
  0x0821, 0x0821, 0x0821, 0x0821, 0x0821, 0x0821, 0x0821, 0x0821,
  0x0821, 0x0821, 0x0821, 0x0821, 0x0821, 0x0821, 0x0821, 0x0821,
  0x0821, 0x0821, 0x0821, 0x0821, 0x0821, 0x0821, 0x0821, 0x0821,
  0x0821, 0x0821, 0x0821, 0x0821, 0x0821, 0x0821, 0x0821, 0x0821
};

// Icon: input4 (56x56 px)
const uint16_t PROGMEM icon_input4[3136] = {
  0x0821, 0x0821, 0x0821, 0x0821, 0x0821, 0x0821, 0x0821, 0x0821,
  0x0821, 0x0821, 0x0821, 0x0821, 0x0821, 0x0821, 0x0821, 0x0821,
  0x0821, 0x0821, 0x0821, 0x0821, 0x0821, 0x0821, 0x0821, 0x0821,
  0x0821, 0x0821, 0x0821, 0x0821, 0x0821, 0x0821, 0x0821, 0x0821,
  0x0821, 0x0821, 0x0821, 0x0821, 0x0821, 0x0821, 0x0821, 0x0821,
  0x0821, 0x0821, 0x0821, 0x0821, 0x0821, 0x0821, 0x0821, 0x0821,
  0x0821, 0x0821, 0x0821, 0x0821, 0x0821, 0x0821, 0x0821, 0x0821,
  0x0821, 0x0821, 0x0821, 0x0821, 0x0821, 0x0821, 0x0821, 0x0821,
  0x0821, 0x0821, 0x0821, 0x0821, 0x0821, 0x0821, 0x0821, 0x0821,
  0x0821, 0x0821, 0x0821, 0x0821, 0x0821, 0x0821, 0x0821, 0x0821,
  0x0821, 0x0821, 0x0821, 0x0821, 0x0821, 0x0821, 0x0821, 0x0821,
  0x0821, 0x0821, 0x0821, 0x0821, 0x0821, 0x0821, 0x0821, 0x0821,
  0x0821, 0x0821, 0x0821, 0x0821, 0x0821, 0x0821, 0x0821, 0x0821,
  0x0821, 0x0821, 0x0821, 0x0821, 0x0821, 0x0821, 0x0821, 0x0821,
  0x0821, 0x0821, 0x0821, 0x0821, 0x0821, 0x0821, 0x0821, 0x0821,
  0x0821, 0x0821, 0x0821, 0x0821, 0x0821, 0x0821, 0x0821, 0x0821,
  0x0821, 0x0821, 0x0821, 0x0821, 0x0821, 0x0821, 0x0821, 0x0821,
  0x0821, 0x0821, 0x0821, 0x0821, 0x0821, 0x0821, 0x0821, 0x0821,
  0x0821, 0x0821, 0x0821, 0x0821, 0x0821, 0x0821, 0x0821, 0x0821,
  0x0821, 0x0821, 0x0821, 0x0821, 0x0821, 0x0821, 0x0821, 0x0821,
  0x0821, 0x0821, 0x0821, 0x0821, 0x0821, 0x0821, 0x0821, 0x0821,
  0x0821, 0x0821, 0x0821, 0x0821, 0x0821, 0x0821, 0x0821, 0x0821,
  0x0821, 0x0821, 0x0821, 0x0821, 0x0821, 0x0821, 0x0821, 0x0821,
  0x0821, 0x0821, 0x0821, 0x0821, 0x0821, 0x0821, 0x0821, 0x0821,
  0x0821, 0x0821, 0x0821, 0x0821, 0x0821, 0x0821, 0x0821, 0x0821,
  0x0821, 0x0821, 0x0821, 0x0821, 0x0821, 0x0821, 0x0821, 0x0821,
  0x0821, 0x0821, 0x0821, 0x0821, 0x0821, 0x0821, 0x0821, 0x0821,
  0x0821, 0x0821, 0x0821, 0x0821, 0x0821, 0x0821, 0x0821, 0x0821,
  0x0821, 0x0821, 0x0821, 0x0821, 0x0821, 0x0821, 0x0821, 0x0821,
  0x0821, 0x0821, 0x0821, 0x0821, 0x0821, 0x0821, 0x0821, 0x0821,
  0x0821, 0x0821, 0x0821, 0x0821, 0x0821, 0x0821, 0x0821, 0x0821,
  0x0821, 0x0821, 0x0821, 0x0821, 0x0821, 0x0821, 0x0821, 0x0821,
  0x0821, 0x0821, 0x0821, 0x0821, 0x0821, 0x0821, 0x0821, 0x0821,
  0x0821, 0x0821, 0x0821, 0x0821, 0x0821, 0x0821, 0x0821, 0x0821,
  0x0821, 0x0821, 0x0821, 0x0821, 0x0821, 0x0821, 0x0821, 0x0821,
  0x0821, 0x0821, 0x0821, 0x0821, 0x0821, 0x0821, 0x0821, 0x0821,
  0x0821, 0x0821, 0x0821, 0x0821, 0x0821, 0x0821, 0x0821, 0x0821,
  0x0821, 0x0821, 0x0821, 0x0821, 0x0821, 0x0821, 0x0821, 0x0821,
  0x0821, 0x0821, 0x0821, 0x0821, 0x0821, 0x0821, 0x0821, 0x0821,
  0x0821, 0x0821, 0x0821, 0x0821, 0x0821, 0x0821, 0x0821, 0x0821,
  0x0821, 0x0821, 0x0001, 0x19A7, 0x42CC, 0x08C3, 0x0821, 0x0821,
  0x0821, 0x0821, 0x0821, 0x0821, 0x0821, 0x0821, 0x0821, 0x0821,
  0x0821, 0x0821, 0x0821, 0x0821, 0x0821, 0x0821, 0x0821, 0x0821,
  0x0821, 0x0821, 0x0821, 0x0821, 0x0821, 0x0821, 0x0821, 0x0821,
  0x0821, 0x0821, 0x0821, 0x0821, 0x0821, 0x0821, 0x0821, 0x0821,
  0x0821, 0x0821, 0x0821, 0x0821, 0x0821, 0x0821, 0x0821, 0x0821,
  0x0821, 0x0821, 0x0821, 0x0821, 0x0821, 0x0821, 0x0041, 0x21A8,
  0x6BF0, 0xA576, 0xC69A, 0xCF5D, 0xDFDF, 0xA5D7, 0x18E4, 0x0821,
  0x0821, 0x0821, 0x0821, 0x0821, 0x0821, 0x0821, 0x0821, 0x0821,
  0x0821, 0x0821, 0x0821, 0x0821, 0x0821, 0x0821, 0x0821, 0x0821,
  0x0821, 0x0821, 0x0821, 0x0821, 0x0821, 0x0821, 0x0821, 0x0821,
  0x0821, 0x0821, 0x0821, 0x0821, 0x0821, 0x0821, 0x0821, 0x0821,
  0x0821, 0x0821, 0x0020, 0x0821, 0x0821, 0x0821, 0x0821, 0x0821,
  0x0021, 0x1082, 0x1905, 0x32AC, 0x84B3, 0xADF8, 0xC6FC, 0xC79F,
  0xBF9F, 0x9F7F, 0x673F, 0x369F, 0x4EDF, 0xAF3E, 0x31C7, 0x0821,
  0x0821, 0x0821, 0x0821, 0x0821, 0x0821, 0x0821, 0x0821, 0x0821,
  0x0821, 0x0821, 0x0821, 0x0821, 0x0821, 0x0821, 0x0821, 0x0821,
  0x0020, 0x0821, 0x0821, 0x0821, 0x0821, 0x0821, 0x0821, 0x0821,
  0x0821, 0x0821, 0x0821, 0x0821, 0x0821, 0x0020, 0x0020, 0x0821,
  0x0821, 0x0821, 0x0821, 0x0821, 0x0082, 0x1904, 0x3187, 0x532D,
  0x9535, 0xBE9A, 0xCF7E, 0xC7BF, 0xAF7F, 0x873F, 0x4EBF, 0x267F,
  0x265F, 0x261E, 0x261D, 0x25BC, 0x3E3D, 0x8F1E, 0x29E7, 0x0821,
  0x0821, 0x0821, 0x0821, 0x0821, 0x0821, 0x0821, 0x0821, 0x0821,
  0x0821, 0x0821, 0x0821, 0x0821, 0x0821, 0x0821, 0x0821, 0x0821,
  0x0821, 0x0821, 0x0821, 0x0821, 0x0821, 0x0821, 0x0821, 0x0821,
  0x0821, 0x0821, 0x0821, 0x0821, 0x0821, 0x0821, 0x0821, 0x0821,
  0x1104, 0x31C7, 0x4249, 0x6BD0, 0xA5B7, 0xC6DB, 0xD7BF, 0xC7FF,
  0x9FBF, 0x7F5F, 0x46DF, 0x165F, 0x163F, 0x161E, 0x1DFD, 0x25DD,
  0x25BC, 0x257C, 0x257B, 0x251A, 0x35DC, 0x7EFE, 0x29C7, 0x0821,
  0x0821, 0x0821, 0x0821, 0x0821, 0x0821, 0x0821, 0x0821, 0x0821,
  0x0821, 0x0821, 0x0821, 0x0821, 0x0821, 0x0821, 0x0821, 0x0821,
  0x0821, 0x0821, 0x0821, 0x0821, 0x0821, 0x0821, 0x0821, 0x0821,
  0x0821, 0x0821, 0x0821, 0x0821, 0x0821, 0x2A08, 0x5B6E, 0x8CF4,
  0xBE7A, 0xD75D, 0xD7FF, 0xBFFF, 0x97FF, 0x777F, 0x571F, 0x1EBF,
  0x0E9F, 0x167F, 0x163E, 0x1DFE, 0x1DDD, 0x1DBD, 0x155B, 0x155B,
  0x153B, 0x14FA, 0x14D9, 0x1478, 0x2D5B, 0x6EDE, 0x21C7, 0x0821,
  0x0821, 0x0821, 0x0821, 0x0821, 0x0821, 0x0821, 0x0821, 0x0821,
  0x0821, 0x0821, 0x0821, 0x0821, 0x0821, 0x0821, 0x0821, 0x0821,
  0x0821, 0x0821, 0x0821, 0x0821, 0x0821, 0x0821, 0x0821, 0x0821,
  0x0821, 0x0821, 0x0821, 0x0821, 0x3A6A, 0xD75D, 0xE7FF, 0xCFFF,
  0xA7FF, 0x77DF, 0x579F, 0x2F1F, 0x0EDF, 0x0EBF, 0x169F, 0x1E7F,
  0x1E3F, 0x15FE, 0x15BD, 0x0D7C, 0x0D3C, 0x0D1B, 0x0CDA, 0x0C99,
  0x0458, 0x0418, 0x0C17, 0x14B9, 0x259C, 0x66BE, 0x21C7, 0x0821,
  0x0821, 0x0821, 0x0821, 0x0821, 0x0821, 0x0821, 0x0821, 0x0821,
  0x0821, 0x0821, 0x0821, 0x0821, 0x0821, 0x0821, 0x0821, 0x0821,
  0x0821, 0x0821, 0x0821, 0x0821, 0x0821, 0x0821, 0x0821, 0x0821,
  0x0821, 0x0821, 0x0821, 0x0821, 0x7CD3, 0xE7FF, 0x7FFF, 0x67DF,
  0x47BF, 0x2F7F, 0x1F3F, 0x1EFF, 0x1EBF, 0x167F, 0x165F, 0x0E1F,
  0x0DBE, 0x057D, 0x053C, 0x04FB, 0x04BA, 0x047A, 0x0418, 0x1C99,
  0x2D7A, 0x2D5A, 0x2D19, 0x13F7, 0x149A, 0x56BE, 0x19A7, 0x0821,
  0x0821, 0x0821, 0x0821, 0x0821, 0x0821, 0x0821, 0x0821, 0x0821,
  0x0821, 0x0821, 0x0821, 0x0821, 0x0821, 0x0821, 0x0821, 0x0821,
  0x0821, 0x0821, 0x0821, 0x0821, 0x0821, 0x0821, 0x0821, 0x0821,
  0x0821, 0x0821, 0x0821, 0x0821, 0x7CB3, 0xC7DF, 0x47BF, 0x57FF,
  0x3FBF, 0x2F3F, 0x1EDF, 0x169F, 0x0E3F, 0x05FF, 0x05DE, 0x059E,
  0x055D, 0x0D3C, 0x0CDB, 0x14DB, 0x3D7B, 0x4DBB, 0x455A, 0x2CB8,
  0x0B36, 0x0AF5, 0x0AF5, 0x02D4, 0x149A, 0x4EBE, 0x19A7, 0x0821,
  0x0821, 0x0821, 0x0821, 0x0821, 0x0821, 0x0821, 0x0821, 0x0821,
  0x0821, 0x0821, 0x0821, 0x0821, 0x0821, 0x0821, 0x0821, 0x0821,
  0x0821, 0x0821, 0x0041, 0x0021, 0x0821, 0x0821, 0x0821, 0x0821,
  0x0821, 0x0821, 0x0821, 0x0821, 0x7493, 0xBFDF, 0x2F1F, 0x3F7F,
  0x2F3F, 0x1EDF, 0x0E7F, 0x061F, 0x05DF, 0x15DE, 0x1DBE, 0x1D7D,
  0x55DD, 0x761D, 0x65DC, 0x4D5B, 0x23F8, 0x02B5, 0x02B4, 0x0294,
  0x0273, 0x0315, 0x0CDA, 0x1D9B, 0x1D1C, 0x4E9D, 0x21C7, 0x0821,
  0x0821, 0x0821, 0x0821, 0x0821, 0x0821, 0x0821, 0x0821, 0x0821,
  0x0821, 0x0821, 0x0821, 0x0821, 0x0821, 0x0821, 0x0821, 0x0821,
  0x0821, 0x0821, 0x0821, 0x0821, 0x0821, 0x0821, 0x0821, 0x0020,
  0x0041, 0x0821, 0x0821, 0x0821, 0x74B3, 0xBFBF, 0x169F, 0x16BF,
  0x0E5F, 0x1E5F, 0x367F, 0x3E5F, 0x563E, 0x867E, 0x865E, 0x761D,
  0x5D1B, 0x1358, 0x02B6, 0x02F6, 0x02D5, 0x02D5, 0x03D7, 0x0D5B,
  0x26BF, 0x275F, 0x5F9F, 0x4E5D, 0x0C7B, 0x4EBE, 0x19A7, 0x0821,
  0x0821, 0x0020, 0x0821, 0x0821, 0x0821, 0x0821, 0x0821, 0x0821,
  0x0821, 0x0821, 0x0821, 0x0821, 0x0821, 0x0821, 0x0821, 0x0821,
  0x0821, 0x0821, 0x0821, 0x0821, 0x0821, 0x0821, 0x0821, 0x0821,
  0x0821, 0x0821, 0x0821, 0x0821, 0x7CB3, 0xBFBF, 0x2E7F, 0x56DF,
  0x569F, 0x7E9F, 0x8E9F, 0x7E5E, 0x6DBD, 0x347B, 0x0318, 0x02F7,
  0x0337, 0x0337, 0x03B8, 0x04DB, 0x15DE, 0x16DF, 0x1EBF, 0x2E5C,
  0x2D17, 0x1BD1, 0xAF1C, 0x869D, 0x049B, 0x56DD, 0x19A7, 0x0821,
  0x0020, 0x0042, 0x0821, 0x0821, 0x0821, 0x0821, 0x0821, 0x0821,
  0x0821, 0x0821, 0x0821, 0x0821, 0x0821, 0x0821, 0x0821, 0x0821,
  0x0821, 0x0821, 0x0821, 0x0821, 0x0821, 0x0821, 0x0821, 0x0041,
  0x0821, 0x0821, 0x0821, 0x0821, 0x7492, 0xCFDF, 0x86BF, 0x767F,
  0x663E, 0x455D, 0x0C5C, 0x0379, 0x0379, 0x0399, 0x03FA, 0x047B,
  0x057E, 0x0E5F, 0x167F, 0x1DDC, 0x1C75, 0x130E, 0x126B, 0x11A7,
  0x0001, 0x0821, 0xB6BA, 0x8E9D, 0x049B, 0x5EDD, 0x19A7, 0x0821,
  0x0821, 0x0821, 0x0821, 0x0821, 0x0821, 0x0821, 0x0821, 0x0821,
  0x0821, 0x0821, 0x0821, 0x0821, 0x0821, 0x0821, 0x0821, 0x0821,
  0x0821, 0x0821, 0x0821, 0x0821, 0x0821, 0x0821, 0x0821, 0x0062,
  0x0821, 0x0821, 0x0821, 0x0821, 0x7492, 0xBFBF, 0x257D, 0x04BD,
  0x041B, 0x047B, 0x04BC, 0x04DD, 0x0D5E, 0x15FF, 0x0E1F, 0x0D9C,
  0x0C75, 0x0A8D, 0x09A8, 0x0945, 0x0041, 0x0821, 0x0821, 0x0821,
  0x0821, 0x0020, 0xB6DA, 0x8E9D, 0x049B, 0x56DE, 0x19A7, 0x0821,
  0x0821, 0x0821, 0x0821, 0x0821, 0x0821, 0x0821, 0x0821, 0x0821,
  0x0821, 0x0821, 0x0821, 0x0821, 0x0821, 0x0821, 0x0821, 0x0821,
  0x0821, 0x0821, 0x0821, 0x0821, 0x0821, 0x0821, 0x0821, 0x0821,
  0x0821, 0x0821, 0x0821, 0x0821, 0x74B3, 0xAF9F, 0x047B, 0x25DD,
  0x26BF, 0x26BF, 0x263E, 0x1D9A, 0x0C34, 0x0A2B, 0x0125, 0x00E3,
  0x0061, 0x0821, 0x0821, 0x0821, 0x0821, 0x0020, 0x0020, 0x0821,
  0x0821, 0x0821, 0xB6BA, 0x8E7D, 0x047B, 0x4EDE, 0x11A7, 0x0821,
  0x0821, 0x0821, 0x0021, 0x0821, 0x0821, 0x0821, 0x0821, 0x0821,
  0x0821, 0x0821, 0x0821, 0x0821, 0x0821, 0x0821, 0x0821, 0x0821,
  0x0821, 0x0821, 0x0821, 0x0821, 0x0821, 0x0821, 0x0821, 0x0821,
  0x0821, 0x0821, 0x0821, 0x0821, 0x74B3, 0xB77F, 0x149A, 0x4F7F,
  0x2D97, 0x122A, 0x00C4, 0x0062, 0x0020, 0x0821, 0x0821, 0x0821,
  0x0821, 0x0821, 0x0821, 0x0821, 0x0821, 0x0821, 0x0821, 0x0821,
  0x0821, 0x0821, 0xB6BA, 0x8E7D, 0x045A, 0x3EBE, 0x11A7, 0x0821,
  0x0821, 0x0821, 0x0821, 0x0821, 0x0821, 0x0821, 0x0821, 0x0821,
  0x0821, 0x0821, 0x0821, 0x0821, 0x0821, 0x0821, 0x0821, 0x0821,
  0x0821, 0x0821, 0x0821, 0x0821, 0x0821, 0x0021, 0x0020, 0x0821,
  0x0821, 0x0821, 0x0821, 0x0821, 0x74D3, 0xB77F, 0x1479, 0x5FBF,
  0x1B0D, 0x0821, 0x0821, 0x0821, 0x0821, 0x0821, 0x0821, 0x0821,
  0x0821, 0x0821, 0x0821, 0x0821, 0x0821, 0x0821, 0x0821, 0x0821,
  0x0821, 0x0821, 0x96BA, 0x765C, 0x0419, 0x3E9E, 0x11A7, 0x0821,
  0x0821, 0x0821, 0x0821, 0x0821, 0x0821, 0x0821, 0x0821, 0x0821,
  0x0821, 0x0821, 0x0821, 0x0821, 0x0821, 0x0821, 0x0821, 0x0821,
  0x0821, 0x0821, 0x0821, 0x0821, 0x0821, 0x0966, 0x00A3, 0x0821,
  0x0821, 0x0821, 0x0821, 0x0821, 0x74D3, 0xBF7E, 0x1459, 0x6FBF,
  0x1B2D, 0x0821, 0x0020, 0x0821, 0x0821, 0x0821, 0x0821, 0x0821,
  0x0821, 0x0821, 0x0821, 0x0821, 0x0821, 0x0821, 0x0821, 0x0821,
  0x0821, 0x0821, 0x7EBA, 0x6E5C, 0x03D8, 0x369E, 0x11A7, 0x0821,
  0x0821, 0x0821, 0x0821, 0x0821, 0x0821, 0x0821, 0x0821, 0x0821,
  0x0821, 0x0821, 0x0821, 0x0821, 0x0821, 0x0821, 0x0821, 0x0821,
  0x0821, 0x0821, 0x0821, 0x0821, 0x0821, 0x0041, 0x0821, 0x0821,
  0x0821, 0x0821, 0x0821, 0x0821, 0x74D3, 0xB77E, 0x1458, 0x6FBF,
  0x1B2D, 0x0821, 0x0020, 0x0821, 0x0821, 0x0821, 0x0821, 0x0821,
  0x0821, 0x0821, 0x0821, 0x0821, 0x0821, 0x0821, 0x0821, 0x0821,
  0x0821, 0x0821, 0x569A, 0x561B, 0x0397, 0x267E, 0x0987, 0x0821,
  0x0821, 0x0042, 0x0821, 0x0821, 0x0821, 0x0821, 0x0821, 0x0821,
  0x0821, 0x0821, 0x0821, 0x0821, 0x0821, 0x0821, 0x0821, 0x0821,
  0x0821, 0x0821, 0x0821, 0x0821, 0x0821, 0x0821, 0x0821, 0x0821,
  0x0821, 0x0821, 0x0821, 0x0821, 0x64D3, 0xA75E, 0x1417, 0x679F,
  0x1B2D, 0x0821, 0x0020, 0x0821, 0x0821, 0x0821, 0x0821, 0x0821,
  0x0821, 0x0821, 0x0821, 0x0821, 0x0821, 0x0821, 0x0821, 0x0821,
  0x0821, 0x0821, 0x2E9A, 0x3DDA, 0x0336, 0x1E5E, 0x0987, 0x0821,
  0x0020, 0x0041, 0x0821, 0x0821, 0x0821, 0x0821, 0x0821, 0x0821,
  0x0821, 0x0821, 0x0821, 0x0821, 0x0821, 0x0821, 0x0821, 0x0821,
  0x0821, 0x0821, 0x0821, 0x0821, 0x0821, 0x0083, 0x0821, 0x0821,
  0x0821, 0x0821, 0x0821, 0x0821, 0x54D3, 0x8F5E, 0x13D6, 0x5F9F,
  0x1B2D, 0x0821, 0x0020, 0x0821, 0x0020, 0x00E4, 0x0821, 0x0821,
  0x0821, 0x0821, 0x0821, 0x0821, 0x0821, 0x0821, 0x0821, 0x0821,
  0x0821, 0x0821, 0x1E9A, 0x1DDA, 0x02F5, 0x163D, 0x0987, 0x0821,
  0x0821, 0x0821, 0x0821, 0x0821, 0x0821, 0x0821, 0x0821, 0x0821,
  0x0821, 0x0821, 0x0821, 0x0821, 0x0821, 0x0821, 0x0821, 0x0821,
  0x0821, 0x0821, 0x0821, 0x0821, 0x0821, 0x0020, 0x0821, 0x0821,
  0x0821, 0x0821, 0x0821, 0x0821, 0x44D3, 0x775E, 0x0B95, 0x4F7F,
  0x130D, 0x0821, 0x0020, 0x0821, 0x0062, 0x00A4, 0x0821, 0x0821,
  0x0821, 0x0821, 0x0821, 0x0821, 0x0821, 0x0821, 0x0821, 0x0821,
  0x0821, 0x0821, 0x167A, 0x0DBA, 0x02D4, 0x161D, 0x0987, 0x0821,
  0x0821, 0x0821, 0x0821, 0x0821, 0x0821, 0x0821, 0x0821, 0x0821,
  0x0821, 0x0821, 0x0821, 0x0821, 0x0821, 0x0821, 0x0821, 0x0821,
  0x0821, 0x0821, 0x0821, 0x0821, 0x0821, 0x0821, 0x0821, 0x0821,
  0x0042, 0x0021, 0x0821, 0x0821, 0x24D3, 0x473E, 0x0334, 0x275F,
  0x0B0D, 0x0821, 0x0020, 0x0821, 0x0821, 0x0821, 0x0821, 0x0821,
  0x0821, 0x0821, 0x0821, 0x0821, 0x0821, 0x0821, 0x0821, 0x0821,
  0x0821, 0x0821, 0x0E7A, 0x0599, 0x02B4, 0x0DFD, 0x0966, 0x0821,
  0x0821, 0x0821, 0x0821, 0x0821, 0x0821, 0x0821, 0x0821, 0x0821,
  0x0821, 0x0821, 0x0821, 0x0821, 0x0821, 0x0821, 0x0821, 0x0020,
  0x0821, 0x0821, 0x0821, 0x0020, 0x0821, 0x0821, 0x0821, 0x0821,
  0x0821, 0x0821, 0x0821, 0x0821, 0x14D3, 0x1EFE, 0x0313, 0x0EFF,
  0x0AED, 0x0821, 0x0020, 0x0821, 0x0821, 0x0821, 0x0821, 0x0821,
  0x0821, 0x0821, 0x0821, 0x0821, 0x0821, 0x0041, 0x0862, 0x0862,
  0x0041, 0x0821, 0x0E7A, 0x0599, 0x02B4, 0x0E3D, 0x0186, 0x0821,
  0x0821, 0x0821, 0x0020, 0x0821, 0x0821, 0x0821, 0x0821, 0x0821,
  0x0821, 0x0821, 0x0821, 0x0821, 0x0821, 0x0821, 0x08E4, 0x1186,
  0x0821, 0x0821, 0x0821, 0x11A7, 0x00C3, 0x0821, 0x0020, 0x0821,
  0x0821, 0x0821, 0x0020, 0x0020, 0x0CD4, 0x0EFE, 0x02F3, 0x0EDF,
  0x02CD, 0x0821, 0x0020, 0x0821, 0x0821, 0x0821, 0x0821, 0x0821,
  0x0821, 0x0821, 0x0021, 0x2166, 0x53F0, 0x9DB7, 0x9E79, 0x8E79,
  0x65F8, 0x2432, 0x1EFC, 0x0D79, 0x02D4, 0x0E3E, 0x0986, 0x0821,
  0x0821, 0x0967, 0x2A8B, 0x0821, 0x0821, 0x0821, 0x0821, 0x0821,
  0x0821, 0x0821, 0x0821, 0x0821, 0x0821, 0x0821, 0x0061, 0x0082,
  0x0821, 0x0821, 0x0821, 0x0904, 0x0882, 0x0821, 0x0821, 0x0821,
  0x0062, 0x0042, 0x0821, 0x0821, 0x0CD3, 0x0F1E, 0x02F2, 0x0EBF,
  0x02CD, 0x0821, 0x0020, 0x0821, 0x0821, 0x0821, 0x0821, 0x0821,
  0x0821, 0x08E3, 0x6C93, 0xDF9E, 0xF7FF, 0xBFFF, 0x77BF, 0x575F,
  0x471F, 0x36DF, 0x1F5F, 0x0DB9, 0x02D4, 0x0E3E, 0x0986, 0x0821,
  0x0821, 0x08E4, 0x19A7, 0x0821, 0x0821, 0x0821, 0x0821, 0x0821,
  0x0821, 0x0821, 0x0821, 0x0821, 0x0821, 0x0821, 0x0020, 0x0021,
  0x0821, 0x0821, 0x0821, 0x0821, 0x0821, 0x21C8, 0x5B2D, 0x7493,
  0x7D97, 0x7D97, 0x5CB3, 0x3B4D, 0x25B7, 0x16FD, 0x02F2, 0x0E9F,
  0x02ED, 0x0821, 0x0020, 0x0821, 0x0821, 0x0821, 0x0821, 0x0821,
  0x1104, 0x9DD8, 0xF7FF, 0xB7FF, 0x77BF, 0x3F5F, 0x0E7F, 0x05BE,
  0x04FD, 0x03FA, 0x047A, 0x0478, 0x03D7, 0x0DFD, 0x0987, 0x0821,
  0x0821, 0x0821, 0x0821, 0x0821, 0x0821, 0x0821, 0x0821, 0x0821,
  0x0821, 0x0821, 0x0821, 0x0821, 0x0821, 0x0821, 0x0041, 0x0082,
  0x0821, 0x0821, 0x0821, 0x08E4, 0x6C72, 0xD73D, 0xF7FF, 0xDFFF,
  0xBFFF, 0x9FBF, 0x8F7F, 0x6F7F, 0x47BF, 0x1F1D, 0x02D2, 0x0E9F,
  0x0AED, 0x0821, 0x0020, 0x0821, 0x0821, 0x0821, 0x0821, 0x0062,
  0x8514, 0xF7FF, 0x97DF, 0x57DF, 0x3F9F, 0x1EDF, 0x0E3F, 0x059E,
  0x04FD, 0x043A, 0x0358, 0x02D5, 0x03F9, 0x0DBC, 0x09A7, 0x0821,
  0x0821, 0x0821, 0x0821, 0x0821, 0x0821, 0x0821, 0x0821, 0x0821,
  0x0821, 0x0821, 0x0821, 0x0821, 0x0821, 0x0821, 0x0821, 0x0821,
  0x0821, 0x0821, 0x10E3, 0x9596, 0xFFFF, 0xCFFF, 0x7FFF, 0x4F9F,
  0x26DF, 0x0E3F, 0x0DBE, 0x0D3C, 0x0D1C, 0x161C, 0x0456, 0x0E3E,
  0x0AED, 0x0821, 0x0020, 0x0821, 0x0821, 0x0020, 0x0821, 0x326A,
  0xDFBF, 0xA7FF, 0x4FBF, 0x479F, 0x26FF, 0x167F, 0x0DBE, 0x04FD,
  0x045B, 0x03B9, 0x0337, 0x0294, 0x0358, 0x15DD, 0x09A7, 0x0821,
  0x0821, 0x0821, 0x0821, 0x0821, 0x0821, 0x0821, 0x0821, 0x0821,
  0x0821, 0x0821, 0x0821, 0x0821, 0x0821, 0x0821, 0x0821, 0x0821,
  0x0821, 0x0021, 0x6C72, 0xFFFF, 0xAFDF, 0x5FDF, 0x3F7F, 0x1EDF,
  0x0E5F, 0x05DE, 0x055D, 0x04BC, 0x03D9, 0x03F8, 0x04F9, 0x0E1E,
  0x0AED, 0x0821, 0x0020, 0x0821, 0x0821, 0x0821, 0x0821, 0x6452,
  0xCFFF, 0x579F, 0x3F7F, 0x26FF, 0x1E9F, 0x1E3F, 0x0D5D, 0x047B,
  0x03FA, 0x0378, 0x03D8, 0x0315, 0x0357, 0x15BC, 0x0986, 0x0821,
  0x0821, 0x0821, 0x0821, 0x0821, 0x0821, 0x0821, 0x0821, 0x0821,
  0x0821, 0x0821, 0x0821, 0x0821, 0x0821, 0x0821, 0x0821, 0x0821,
  0x0821, 0x21A7, 0xCF5D, 0xAFFF, 0x4FBF, 0x375F, 0x1EBF, 0x0E3F,
  0x05BE, 0x051D, 0x04BB, 0x043A, 0x03B8, 0x0337, 0x0377, 0x0E5F,
  0x0ACC, 0x0821, 0x0020, 0x0021, 0x0821, 0x0821, 0x0082, 0x85D7,
  0x7FBF, 0x16DF, 0x1EBF, 0x0E3F, 0x059E, 0x04FD, 0x047B, 0x041A,
  0x0399, 0x0357, 0x0316, 0x0294, 0x0398, 0x1DBC, 0x1165, 0x0821,
  0x0821, 0x0821, 0x0021, 0x0021, 0x0821, 0x0821, 0x0821, 0x0821,
  0x0821, 0x0821, 0x0821, 0x0821, 0x0821, 0x0821, 0x0821, 0x0821,
  0x0821, 0x42CB, 0xCFFF, 0x575F, 0x1EFF, 0x167F, 0x0E3F, 0x05BE,
  0x051D, 0x047B, 0x043A, 0x03B9, 0x0357, 0x0316, 0x0316, 0x0DDE,
  0x0ACD, 0x0821, 0x0020, 0x0821, 0x0821, 0x0821, 0x0083, 0x7DF8,
  0x5F1F, 0x05FE, 0x0DDE, 0x053D, 0x04DC, 0x047B, 0x03FA, 0x0398,
  0x0357, 0x0316, 0x02F6, 0x02B5, 0x0CDC, 0x24B6, 0x0082, 0x0821,
  0x0020, 0x0821, 0x0821, 0x0821, 0x0821, 0x0821, 0x0821, 0x0821,
  0x0821, 0x0821, 0x0821, 0x0821, 0x0821, 0x0821, 0x0821, 0x0821,
  0x0821, 0x4B6E, 0xA7FF, 0x1E3F, 0x05FF, 0x05BF, 0x057E, 0x04DC,
  0x045B, 0x0419, 0x03B8, 0x0357, 0x02F5, 0x0294, 0x0315, 0x0E1F,
  0x12AC, 0x0821, 0x0020, 0x0821, 0x0821, 0x0821, 0x0821, 0x6493,
  0x7F3F, 0x051D, 0x04DC, 0x049B, 0x045B, 0x03FA, 0x03B8, 0x0357,
  0x0337, 0x0316, 0x02B5, 0x0378, 0x2E1E, 0x22AB, 0x0821, 0x0020,
  0x0821, 0x0821, 0x0821, 0x0821, 0x0821, 0x0821, 0x0821, 0x0821,
  0x0821, 0x0821, 0x0821, 0x0821, 0x0821, 0x0821, 0x0821, 0x0821,
  0x0821, 0x434E, 0x97BF, 0x157E, 0x053D, 0x04DC, 0x047B, 0x043A,
  0x03D9, 0x0377, 0x0357, 0x0336, 0x02D4, 0x0293, 0x0397, 0x161F,
  0x128A, 0x0821, 0x0020, 0x0821, 0x0821, 0x0020, 0x0821, 0x3A8A,
  0x8F7E, 0x1D7D, 0x041A, 0x043A, 0x041A, 0x03D9, 0x0378, 0x0337,
  0x0316, 0x02D6, 0x0337, 0x1D9E, 0x3CF6, 0x08A2, 0x0821, 0x0821,
  0x0821, 0x0821, 0x0821, 0x0821, 0x0821, 0x0821, 0x0821, 0x0821,
  0x0821, 0x0821, 0x0821, 0x0821, 0x0821, 0x0821, 0x0821, 0x0821,
  0x0821, 0x3249, 0x977F, 0x1D3D, 0x045B, 0x043A, 0x03F9, 0x03B8,
  0x0377, 0x0336, 0x02F5, 0x02F5, 0x0294, 0x0273, 0x0CFC, 0x3579,
  0x0904, 0x0821, 0x0821, 0x0821, 0x0821, 0x0821, 0x0821, 0x0861,
  0x64F4, 0x6F7F, 0x0D1B, 0x0398, 0x03B9, 0x0378, 0x0337, 0x02F6,
  0x02B5, 0x0398, 0x1DDF, 0x3DB9, 0x08E4, 0x0821, 0x0821, 0x0821,
  0x0821, 0x0821, 0x0821, 0x0821, 0x0821, 0x0821, 0x0821, 0x0821,
  0x0821, 0x0821, 0x0821, 0x0821, 0x0821, 0x0821, 0x0821, 0x0821,
  0x0821, 0x0882, 0x6DB7, 0x4EDF, 0x041A, 0x03D9, 0x03B8, 0x0378,
  0x0337, 0x02F5, 0x02B4, 0x0294, 0x0273, 0x03B8, 0x3E7F, 0x338F,
  0x0821, 0x0821, 0x0821, 0x0821, 0x0821, 0x0821, 0x0821, 0x0821,
  0x0882, 0x5C93, 0x6F3F, 0x2E5E, 0x0D3B, 0x0CBB, 0x0C9A, 0x0CBB,
  0x1D9D, 0x3E9E, 0x3CF6, 0x08C4, 0x0821, 0x0821, 0x0821, 0x0821,
  0x0821, 0x0821, 0x0821, 0x0821, 0x0821, 0x0821, 0x0821, 0x0821,
  0x0821, 0x0821, 0x0821, 0x0821, 0x0821, 0x0821, 0x0821, 0x0821,
  0x0821, 0x0821, 0x2A28, 0x7F1D, 0x3E9E, 0x03F9, 0x0378, 0x0337,
  0x02F6, 0x02B4, 0x02B4, 0x02D5, 0x0C7A, 0x3E9F, 0x4CD4, 0x0020,
  0x0821, 0x0821, 0x0821, 0x0821, 0x0821, 0x0821, 0x0821, 0x0821,
  0x0821, 0x0020, 0x2229, 0x6535, 0x5E1A, 0x4E7C, 0x4E5C, 0x55FA,
  0x4D15, 0x11E9, 0x0041, 0x0821, 0x0821, 0x0821, 0x0821, 0x0021,
  0x0083, 0x0821, 0x0821, 0x0821, 0x0821, 0x0821, 0x0821, 0x0821,
  0x0821, 0x0821, 0x0821, 0x0821, 0x0821, 0x0821, 0x0021, 0x0821,
  0x0821, 0x0020, 0x0821, 0x3A8A, 0x76BB, 0x4F1F, 0x2DDD, 0x14BA,
  0x0C19, 0x0C39, 0x153B, 0x263F, 0x56BE, 0x4452, 0x0821, 0x0821,
  0x0821, 0x0821, 0x0821, 0x0821, 0x0821, 0x0821, 0x0821, 0x0821,
  0x0821, 0x0821, 0x0821, 0x0821, 0x0020, 0x0041, 0x0041, 0x0821,
  0x0821, 0x0821, 0x0821, 0x0821, 0x0821, 0x0821, 0x0821, 0x0821,
  0x0020, 0x0821, 0x0021, 0x0821, 0x0821, 0x0821, 0x0821, 0x0821,
  0x0821, 0x0821, 0x0821, 0x0821, 0x0821, 0x0821, 0x0821, 0x0821,
  0x0821, 0x0821, 0x0821, 0x0821, 0x1125, 0x5452, 0x5DD9, 0x669C,
  0x569D, 0x567D, 0x55FA, 0x54F5, 0x2249, 0x0821, 0x0821, 0x0821,
  0x0821, 0x0821, 0x0821, 0x0821, 0x0821, 0x0821, 0x0821, 0x0821,
  0x0821, 0x0821, 0x0821, 0x0821, 0x0821, 0x0821, 0x0821, 0x0821,
  0x0821, 0x0821, 0x0821, 0x0821, 0x0821, 0x0821, 0x0821, 0x0821,
  0x0821, 0x0821, 0x0821, 0x0821, 0x0821, 0x0821, 0x0821, 0x0821,
  0x0821, 0x0821, 0x0821, 0x0821, 0x0821, 0x0821, 0x0821, 0x0821,
  0x0821, 0x0821, 0x0821, 0x0821, 0x0821, 0x0821, 0x0001, 0x1966,
  0x2A29, 0x19E8, 0x0062, 0x0821, 0x0821, 0x0821, 0x0821, 0x0821,
  0x0821, 0x0821, 0x0821, 0x0821, 0x0821, 0x0821, 0x0821, 0x0821,
  0x0821, 0x0821, 0x0821, 0x0821, 0x0821, 0x0821, 0x0821, 0x0821,
  0x0821, 0x0821, 0x0821, 0x0821, 0x0821, 0x0021, 0x0821, 0x0821,
  0x0821, 0x0821, 0x0821, 0x0821, 0x0821, 0x0821, 0x0821, 0x0821,
  0x0821, 0x0821, 0x0821, 0x0821, 0x0821, 0x0821, 0x0821, 0x0821,
  0x0821, 0x0821, 0x0821, 0x0821, 0x0821, 0x0821, 0x0821, 0x0821,
  0x0821, 0x0821, 0x0821, 0x0821, 0x0821, 0x0821, 0x0821, 0x0821,
  0x0001, 0x0001, 0x0021, 0x0042, 0x0063, 0x0063, 0x0083, 0x0083,
  0x0083, 0x0063, 0x0042, 0x0021, 0x0001, 0x0821, 0x0821, 0x0821,
  0x0821, 0x0821, 0x0821, 0x0821, 0x0821, 0x0821, 0x0821, 0x0821,
  0x0821, 0x0821, 0x0821, 0x0821, 0x0821, 0x0821, 0x0821, 0x0821,
  0x0020, 0x0041, 0x0062, 0x08A3, 0x08C3, 0x0925, 0x09A8, 0x09EA,
  0x0A6C, 0x02AD, 0x02EE, 0x032F, 0x0350, 0x0371, 0x03B2, 0x0BF2,
  0x0C13, 0x0C13, 0x0C13, 0x0413, 0x0C13, 0x0C33, 0x0C54, 0x0C74,
  0x1C95, 0x34F5, 0x5516, 0x6D57, 0x7577, 0x7577, 0x7DB8, 0x7DB8,
  0x7D77, 0x7D97, 0x7577, 0x6D36, 0x64F5, 0x3C94, 0x2432, 0x13D2,
  0x1370, 0x132F, 0x12CE, 0x12AD, 0x126C, 0x0A2B, 0x09C9, 0x0987,
  0x0925, 0x08C4, 0x08C3, 0x0882, 0x0041, 0x0021, 0x0821, 0x0821,
  0x0821, 0x0020, 0x0020, 0x0041, 0x0041, 0x0062, 0x00A3, 0x00C4,
  0x00E4, 0x0105, 0x0125, 0x0146, 0x0146, 0x0166, 0x0166, 0x0166,
  0x0187, 0x0187, 0x0166, 0x0186, 0x0187, 0x0187, 0x01A7, 0x0187,
  0x0986, 0x11C7, 0x2208, 0x2A29, 0x3249, 0x326A, 0x3249, 0x326A,
  0x326A, 0x326A, 0x324A, 0x3229, 0x2A08, 0x19E8, 0x11A7, 0x0987,
  0x0166, 0x0146, 0x0125, 0x0105, 0x00E4, 0x00E4, 0x00C3, 0x00A3,
  0x0062, 0x0041, 0x0041, 0x0041, 0x0020, 0x0821, 0x0821, 0x0821,
  0x0821, 0x0821, 0x0821, 0x0821, 0x0821, 0x0821, 0x0821, 0x0821,
  0x0821, 0x0821, 0x0821, 0x0821, 0x0821, 0x0821, 0x0821, 0x0821,
  0x0821, 0x0821, 0x0821, 0x0821, 0x0821, 0x0821, 0x0821, 0x0821,
  0x0821, 0x0821, 0x0821, 0x0821, 0x0821, 0x0821, 0x0821, 0x0821,
  0x0821, 0x0821, 0x0821, 0x0821, 0x0821, 0x0821, 0x0821, 0x0821,
  0x0821, 0x0821, 0x0821, 0x0821, 0x0821, 0x0821, 0x0821, 0x0821,
  0x0821, 0x0821, 0x0821, 0x0821, 0x0821, 0x0821, 0x0821, 0x0821,
  0x0821, 0x0821, 0x0821, 0x0821, 0x0821, 0x0821, 0x0821, 0x0821,
  0x0821, 0x0821, 0x0821, 0x0821, 0x0821, 0x0821, 0x0821, 0x0821,
  0x0821, 0x0821, 0x0821, 0x0821, 0x0821, 0x0821, 0x0821, 0x0821,
  0x0821, 0x0821, 0x0821, 0x0821, 0x0821, 0x0821, 0x0821, 0x0821,
  0x0821, 0x0821, 0x0821, 0x0821, 0x0821, 0x0821, 0x0821, 0x0821,
  0x0821, 0x0821, 0x0821, 0x0821, 0x0821, 0x0821, 0x0821, 0x0821,
  0x0821, 0x0821, 0x0821, 0x0821, 0x0821, 0x0821, 0x0821, 0x0821,
  0x0821, 0x0821, 0x0821, 0x0821, 0x0821, 0x0821, 0x0821, 0x0821,
  0x0821, 0x0821, 0x0821, 0x0821, 0x0821, 0x0821, 0x0821, 0x0821,
  0x0821, 0x0821, 0x0821, 0x0821, 0x0821, 0x0821, 0x0821, 0x0821,
  0x0821, 0x0821, 0x0821, 0x0821, 0x0821, 0x0821, 0x0821, 0x0821,
  0x0821, 0x0821, 0x0821, 0x0821, 0x0821, 0x0821, 0x0821, 0x0821,
  0x0821, 0x0821, 0x0821, 0x0821, 0x0821, 0x0821, 0x0821, 0x0821,
  0x0821, 0x0821, 0x0821, 0x0821, 0x0821, 0x0821, 0x0821, 0x0821,
  0x0821, 0x0821, 0x0821, 0x0821, 0x0821, 0x0821, 0x0821, 0x0821,
  0x0821, 0x0821, 0x0821, 0x0821, 0x0821, 0x0821, 0x0821, 0x0821,
  0x0821, 0x0821, 0x0821, 0x0821, 0x0821, 0x0821, 0x0821, 0x0821,
  0x0821, 0x0821, 0x0821, 0x0821, 0x0821, 0x0821, 0x0821, 0x0821,
  0x0821, 0x0821, 0x0821, 0x0821, 0x0821, 0x0821, 0x0821, 0x0821,
  0x0821, 0x0821, 0x0821, 0x0821, 0x0821, 0x0821, 0x0821, 0x0821,
  0x0821, 0x0821, 0x0821, 0x0821, 0x0821, 0x0821, 0x0821, 0x0821,
  0x0821, 0x0821, 0x0821, 0x0821, 0x0821, 0x0821, 0x0821, 0x0821,
  0x0821, 0x0821, 0x0821, 0x0821, 0x0821, 0x0821, 0x0821, 0x0821,
  0x0821, 0x0821, 0x0821, 0x0821, 0x0821, 0x0821, 0x0821, 0x0821,
  0x0821, 0x0821, 0x0821, 0x0821, 0x0821, 0x0821, 0x0821, 0x0821,
  0x0821, 0x0821, 0x0821, 0x0821, 0x0821, 0x0821, 0x0821, 0x0821,
  0x0821, 0x0821, 0x0821, 0x0821, 0x0821, 0x0821, 0x0821, 0x0821,
  0x0821, 0x0821, 0x0821, 0x0821, 0x0821, 0x0821, 0x0821, 0x0821,
  0x0821, 0x0821, 0x0821, 0x0821, 0x0821, 0x0821, 0x0821, 0x0821,
  0x0821, 0x0821, 0x0821, 0x0821, 0x0821, 0x0821, 0x0821, 0x0821,
  0x0821, 0x0821, 0x0821, 0x0821, 0x0821, 0x0821, 0x0821, 0x0821,
  0x0821, 0x0821, 0x0821, 0x0821, 0x0821, 0x0821, 0x0821, 0x0821,
  0x0821, 0x0821, 0x0821, 0x0821, 0x0821, 0x0821, 0x0821, 0x0821,
  0x0821, 0x0821, 0x0821, 0x0821, 0x0821, 0x0821, 0x0821, 0x0821,
  0x0821, 0x0821, 0x0821, 0x0821, 0x0821, 0x0821, 0x0821, 0x0821,
  0x0821, 0x0821, 0x0821, 0x0821, 0x0821, 0x0821, 0x0821, 0x0821,
  0x0821, 0x0821, 0x0821, 0x0821, 0x0821, 0x0821, 0x0821, 0x0821,
  0x0821, 0x0821, 0x0821, 0x0821, 0x0821, 0x0821, 0x0821, 0x0821,
  0x0821, 0x0821, 0x0821, 0x0821, 0x0821, 0x0821, 0x0821, 0x0821,
  0x0821, 0x0821, 0x0821, 0x0821, 0x0821, 0x0821, 0x0821, 0x0821,
  0x0821, 0x0821, 0x0821, 0x0821, 0x0821, 0x0821, 0x0821, 0x0821,
  0x0821, 0x0821, 0x0821, 0x0821, 0x0821, 0x0821, 0x0821, 0x0821,
  0x0821, 0x0821, 0x0821, 0x0821, 0x0821, 0x0821, 0x0821, 0x0821,
  0x0821, 0x0821, 0x0821, 0x0821, 0x0821, 0x0821, 0x0821, 0x0821,
  0x0821, 0x0821, 0x0821, 0x0821, 0x0821, 0x0821, 0x0821, 0x0821,
  0x0821, 0x0821, 0x0821, 0x0821, 0x0821, 0x0821, 0x0821, 0x0821,
  0x0821, 0x0821, 0x0821, 0x0821, 0x0821, 0x0821, 0x0821, 0x0821,
  0x0821, 0x0821, 0x0821, 0x0821, 0x0821, 0x0821, 0x0821, 0x0821,
  0x0821, 0x0821, 0x0821, 0x0821, 0x0821, 0x0821, 0x0821, 0x0821
};
