// ============================================================
// Auto-generated bootlogo for ESP32 Audio Switcher
// Size: 284x76 px, RGB565, PROGMEM
// ============================================================

#pragma once
#include <pgmspace.h>

#define LOGO_W 284
#define LOGO_H 76

// Bootlogo (284x76 px)
const uint16_t PROGMEM bootlogo[21584] = {
  0x0821, 0x0821, 0x0821, 0x0821, 0x0821, 0x0821, 0x0821, 0x0821,
  0x0821, 0x0821, 0x0821, 0x0821, 0x0821, 0x0821, 0x0821, 0x0821,
  0x0821, 0x0821, 0x0821, 0x0821, 0x0821, 0x0821, 0x0821, 0x0821,
  0x0821, 0x0821, 0x0821, 0x0821, 0x0821, 0x0821, 0x0821, 0x0821,
  0x0821, 0x0821, 0x0821, 0x0821, 0x0821, 0x0821, 0x0821, 0x0821,
  0x0821, 0x0821, 0x0821, 0x0821, 0x0821, 0x0821, 0x0821, 0x0821,
  0x0821, 0x0821, 0x0821, 0x0821, 0x0821, 0x0821, 0x0821, 0x0821,
  0x0821, 0x0821, 0x0821, 0x0821, 0x0821, 0x0821, 0x0821, 0x0821,
  0x0821, 0x0821, 0x0821, 0x0821, 0x0821, 0x0821, 0x0821, 0x0821,
  0x0821, 0x0821, 0x0821, 0x0821, 0x0821, 0x0821, 0x0821, 0x0821,
  0x0821, 0x0821, 0x0821, 0x0821, 0x0821, 0x0821, 0x0821, 0x0821,
  0x0821, 0x0821, 0x0821, 0x0821, 0x0821, 0x0821, 0x0821, 0x0821,
  0x0821, 0x0821, 0x0821, 0x0821, 0x0821, 0x0821, 0x0821, 0x0821,
  0x0821, 0x0821, 0x0821, 0x0821, 0x0821, 0x0821, 0x0821, 0x0821,
  0x0821, 0x0821, 0x0821, 0x0821, 0x0821, 0x0821, 0x0821, 0x0821,
  0x0821, 0x0821, 0x0821, 0x0821, 0x0821, 0x0821, 0x0821, 0x0821,
  0x0821, 0x0821, 0x0821, 0x0821, 0x0821, 0x0821, 0x0821, 0x0821,
  0x0821, 0x0821, 0x0821, 0x0821, 0x0821, 0x0821, 0x0821, 0x0821,
  0x0821, 0x0821, 0x0821, 0x0821, 0x0821, 0x0821, 0x0821, 0x0821,
  0x0821, 0x0821, 0x0821, 0x0821, 0x0821, 0x0821, 0x0821, 0x0821,
  0x0821, 0x0821, 0x0821, 0x0821, 0x0821, 0x0821, 0x0821, 0x0821,
  0x0821, 0x0821, 0x0821, 0x0821, 0x0821, 0x0821, 0x0821, 0x0821,
  0x0821, 0x0821, 0x0821, 0x0821, 0x0821, 0x0821, 0x0821, 0x0821,
  0x0821, 0x0821, 0x0821, 0x0821, 0x0821, 0x0821, 0x0821, 0x0821,
  0x0821, 0x0821, 0x0821, 0x0821, 0x0821, 0x0821, 0x0821, 0x0821,
  0x0821, 0x0821, 0x0821, 0x0821, 0x0821, 0x0821, 0x0821, 0x0821,
  0x0821, 0x0821, 0x0821, 0x0821, 0x0821, 0x0821, 0x0821, 0x0821,
  0x0821, 0x0821, 0x0821, 0x0821, 0x0821, 0x0821, 0x0821, 0x0821,
  0x0821, 0x0821, 0x0821, 0x0821, 0x0821, 0x0821, 0x0821, 0x0821,
  0x0821, 0x0821, 0x0821, 0x0821, 0x0821, 0x0821, 0x0821, 0x0821,
  0x0821, 0x0821, 0x0821, 0x0821, 0x0821, 0x0821, 0x0821, 0x0821,
  0x0821, 0x0821, 0x0821, 0x0821, 0x0821, 0x0821, 0x0821, 0x0821,
  0x0821, 0x0821, 0x0821, 0x0821, 0x0821, 0x0821, 0x0821, 0x0821,
  0x0821, 0x0821, 0x0821, 0x0821, 0x0821, 0x0821, 0x0821, 0x0821,
  0x0821, 0x0821, 0x0821, 0x0821, 0x0821, 0x0821, 0x0821, 0x0821,
  0x0821, 0x0821, 0x0821, 0x0821, 0x0821, 0x0821, 0x0821, 0x0821,
  0x0821, 0x0821, 0x0821, 0x0821, 0x0821, 0x0821, 0x0821, 0x0821,
  0x0821, 0x0821, 0x0821, 0x0821, 0x0821, 0x0821, 0x0821, 0x0821,
  0x0821, 0x0821, 0x0821, 0x0821, 0x0821, 0x0821, 0x0821, 0x0821,
  0x0821, 0x0821, 0x0821, 0x0821, 0x0821, 0x0821, 0x0821, 0x0821,
  0x0821, 0x0821, 0x0821, 0x0821, 0x0821, 0x0821, 0x0821, 0x0821,
  0x0821, 0x0821, 0x0821, 0x0821, 0x0821, 0x0821, 0x0821, 0x0821,
  0x0821, 0x0821, 0x0821, 0x0821, 0x0821, 0x0821, 0x0821, 0x0821,
  0x0821, 0x0821, 0x0821, 0x0821, 0x0821, 0x0821, 0x0821, 0x0821,
  0x0821, 0x0821, 0x0821, 0x0821, 0x0821, 0x0821, 0x0821, 0x0821,
  0x0821, 0x0821, 0x0821, 0x0821, 0x0821, 0x0821, 0x0821, 0x0821,
  0x0821, 0x0821, 0x0821, 0x0821, 0x0821, 0x0821, 0x0821, 0x0821,
  0x0821, 0x0821, 0x0821, 0x0821, 0x0821, 0x0821, 0x0821, 0x0821,
  0x0821, 0x0821, 0x0821, 0x0821, 0x0821, 0x0821, 0x0821, 0x0821,
  0x0821, 0x0821, 0x0821, 0x0821, 0x0821, 0x0821, 0x0821, 0x0821,
  0x0821, 0x0821, 0x0821, 0x0821, 0x0821, 0x0821, 0x0821, 0x0821,
  0x0821, 0x0821, 0x0821, 0x0821, 0x0821, 0x0821, 0x0821, 0x0821,
  0x0821, 0x0821, 0x0821, 0x0821, 0x0821, 0x0821, 0x0821, 0x0821,
  0x0821, 0x0821, 0x0821, 0x0821, 0x0821, 0x0821, 0x0821, 0x0821,
  0x0821, 0x0821, 0x0821, 0x0821, 0x0821, 0x0821, 0x0821, 0x0821,
  0x0821, 0x0821, 0x0821, 0x0821, 0x0821, 0x0821, 0x0821, 0x0821,
  0x0821, 0x0821, 0x0821, 0x0821, 0x0821, 0x0821, 0x0821, 0x0821,
  0x0821, 0x0821, 0x0821, 0x0821, 0x0821, 0x0821, 0x0821, 0x0821,
  0x0821, 0x0821, 0x0821, 0x0821, 0x0821, 0x0821, 0x0821, 0x0821,
  0x0821, 0x0821, 0x0821, 0x0821, 0x0821, 0x0821, 0x0821, 0x0821,
  0x0821, 0x0821, 0x0821, 0x0821, 0x0821, 0x0821, 0x0821, 0x0821,
  0x0821, 0x0821, 0x0821, 0x0821, 0x0821, 0x0821, 0x0821, 0x0821,
  0x0821, 0x0821, 0x0821, 0x0821, 0x0821, 0x0821, 0x0821, 0x0821,
  0x0821, 0x0821, 0x0821, 0x0821, 0x0821, 0x0821, 0x0821, 0x0821,
  0x0821, 0x0821, 0x0821, 0x0821, 0x0821, 0x0821, 0x0821, 0x0821,
  0x0821, 0x0821, 0x0821, 0x0821, 0x0821, 0x0821, 0x0821, 0x0821,
  0x0821, 0x0821, 0x0821, 0x0821, 0x0821, 0x0821, 0x0821, 0x0821,
  0x0821, 0x0821, 0x0821, 0x0821, 0x0821, 0x0821, 0x0821, 0x0821,
  0x0821, 0x0821, 0x0821, 0x0821, 0x0821, 0x0821, 0x0821, 0x0821,
  0x0821, 0x0821, 0x0821, 0x0821, 0x0821, 0x0821, 0x0821, 0x0821,
  0x0821, 0x0821, 0x0821, 0x0821, 0x0821, 0x0821, 0x0821, 0x0821,
  0x0821, 0x0821, 0x0821, 0x0821, 0x0821, 0x0821, 0x0821, 0x0821,
  0x0821, 0x0821, 0x0821, 0x0821, 0x0821, 0x0821, 0x0821, 0x0821,
  0x0821, 0x0821, 0x0821, 0x0821, 0x0821, 0x0821, 0x0821, 0x0821,
  0x0821, 0x0821, 0x0821, 0x0821, 0x0821, 0x0821, 0x0821, 0x0821,
  0x0821, 0x0821, 0x0821, 0x0821, 0x0821, 0x0821, 0x0821, 0x0821,
  0x0821, 0x0821, 0x0821, 0x0821, 0x0821, 0x0821, 0x0821, 0x0821,
  0x0821, 0x0821, 0x0821, 0x0821, 0x0821, 0x0821, 0x0821, 0x0821,
  0x0821, 0x0821, 0x0821, 0x0821, 0x0821, 0x0821, 0x0821, 0x0821,
  0x0821, 0x0821, 0x0821, 0x0821, 0x0821, 0x0821, 0x0821, 0x0821,
  0x0821, 0x0821, 0x0821, 0x0821, 0x0821, 0x0821, 0x0821, 0x0821,
  0x0821, 0x0821, 0x0821, 0x0821, 0x0821, 0x0821, 0x0821, 0x0821,
  0x0821, 0x0821, 0x0821, 0x0821, 0x0821, 0x0821, 0x0821, 0x0821,
  0x0821, 0x0821, 0x0821, 0x0821, 0x0821, 0x0821, 0x0821, 0x0821,
  0x0821, 0x0821, 0x0821, 0x0821, 0x0821, 0x0821, 0x0821, 0x0821,
  0x0821, 0x0821, 0x0821, 0x0821, 0x0821, 0x0821, 0x0821, 0x0821,
  0x0821, 0x0821, 0x0821, 0x0821, 0x0821, 0x0821, 0x0821, 0x0821,
  0x0821, 0x0821, 0x0821, 0x0821, 0x0821, 0x0821, 0x0821, 0x0821,
  0x0821, 0x0821, 0x0821, 0x0020, 0x0020, 0x0020, 0x0020, 0x0020,
  0x0020, 0x0821, 0x0821, 0x0820, 0x0821, 0x0821, 0x0821, 0x0821,
  0x0821, 0x0821, 0x0821, 0x0821, 0x0821, 0x0821, 0x0821, 0x0821,
  0x0821, 0x0821, 0x0821, 0x0821, 0x0821, 0x0821, 0x0821, 0x0821,
  0x0821, 0x0821, 0x0821, 0x0821, 0x0821, 0x0821, 0x0821, 0x0821,
  0x0821, 0x0821, 0x0821, 0x0821, 0x0821, 0x0821, 0x0821, 0x0821,
  0x0821, 0x0821, 0x0821, 0x0821, 0x0821, 0x0821, 0x0821, 0x0821,
  0x0821, 0x0821, 0x0821, 0x0821, 0x0821, 0x0821, 0x0821, 0x0821,
  0x0821, 0x0821, 0x0821, 0x0821, 0x0821, 0x0821, 0x0821, 0x0821,
  0x0821, 0x0821, 0x0821, 0x0821, 0x0821, 0x0821, 0x0821, 0x0821,
  0x0821, 0x0821, 0x0821, 0x0821, 0x0821, 0x0821, 0x0821, 0x0821,
  0x0821, 0x0821, 0x0821, 0x0821, 0x0821, 0x0821, 0x0821, 0x0821,
  0x0821, 0x0821, 0x0821, 0x0821, 0x0821, 0x0821, 0x0821, 0x0821,
  0x0821, 0x0821, 0x0800, 0x0800, 0x0800, 0x0800, 0x0800, 0x0800,
  0x0800, 0x0821, 0x0821, 0x0821, 0x0821, 0x0821, 0x0821, 0x0821,
  0x0821, 0x0821, 0x0821, 0x0821, 0x0821, 0x0821, 0x0821, 0x0821,
  0x0821, 0x0821, 0x0821, 0x0821, 0x0821, 0x0821, 0x0821, 0x0821,
  0x0821, 0x0821, 0x0821, 0x0821, 0x0821, 0x0821, 0x0821, 0x0821,
  0x0821, 0x0821, 0x0821, 0x0821, 0x0821, 0x0821, 0x0821, 0x0821,
  0x0821, 0x0821, 0x0821, 0x0821, 0x0821, 0x0821, 0x0821, 0x0821,
  0x0821, 0x0821, 0x0821, 0x0821, 0x0821, 0x0821, 0x0821, 0x0821,
  0x0821, 0x0821, 0x0821, 0x0821, 0x0821, 0x0821, 0x0821, 0x0821,
  0x0821, 0x0821, 0x0821, 0x0821, 0x0821, 0x0821, 0x0821, 0x0821,
  0x0821, 0x0821, 0x0821, 0x0821, 0x0821, 0x0821, 0x0821, 0x0821,
  0x0821, 0x0821, 0x0821, 0x0821, 0x0821, 0x0821, 0x0821, 0x0821,
  0x0821, 0x0821, 0x0821, 0x0821, 0x0821, 0x0821, 0x0821, 0x0821,
  0x0821, 0x0821, 0x0821, 0x0821, 0x0821, 0x0821, 0x0821, 0x0821,
  0x0821, 0x0821, 0x0821, 0x0821, 0x0821, 0x0821, 0x0821, 0x0821,
  0x0821, 0x0821, 0x0821, 0x0821, 0x0821, 0x0821, 0x0821, 0x0821,
  0x0821, 0x0821, 0x0821, 0x0821, 0x0821, 0x0821, 0x0821, 0x0821,
  0x0821, 0x0821, 0x0821, 0x0821, 0x0821, 0x0821, 0x0821, 0x0821,
  0x0821, 0x0821, 0x0821, 0x0821, 0x0821, 0x0821, 0x0821, 0x0821,
  0x0821, 0x0821, 0x0821, 0x0821, 0x0821, 0x0020, 0x0821, 0x0821,
  0x0821, 0x0821, 0x0821, 0x0821, 0x0821, 0x0821, 0x0821, 0x0821,
  0x0821, 0x0821, 0x0821, 0x0821, 0x0821, 0x0821, 0x0821, 0x0821,
  0x0821, 0x0821, 0x0821, 0x0821, 0x0020, 0x0020, 0x0040, 0x0060,
  0x0080, 0x0080, 0x00A0, 0x00A0, 0x0080, 0x0880, 0x0020, 0x0040,
  0x0821, 0x0821, 0x0821, 0x0821, 0x0821, 0x0821, 0x0821, 0x0821,
  0x0821, 0x0821, 0x0821, 0x0821, 0x0821, 0x0821, 0x0821, 0x0821,
  0x0821, 0x0821, 0x0821, 0x0821, 0x0821, 0x0821, 0x0821, 0x0821,
  0x0821, 0x0821, 0x0821, 0x0821, 0x0821, 0x0821, 0x0821, 0x0821,
  0x0821, 0x0821, 0x0821, 0x0821, 0x0821, 0x0821, 0x0821, 0x0821,
  0x0821, 0x0821, 0x0821, 0x0821, 0x0821, 0x0821, 0x0821, 0x0821,
  0x0821, 0x0821, 0x0821, 0x0821, 0x0821, 0x0821, 0x0821, 0x0821,
  0x0821, 0x0821, 0x0821, 0x0821, 0x0821, 0x0821, 0x0821, 0x0821,
  0x0821, 0x0821, 0x0821, 0x0821, 0x0821, 0x0821, 0x0821, 0x0821,
  0x0821, 0x0821, 0x0821, 0x0821, 0x0821, 0x0821, 0x0821, 0x0821,
  0x0821, 0x0821, 0x0821, 0x0821, 0x0821, 0x0821, 0x0821, 0x0821,
  0x0800, 0x0800, 0x0800, 0x0800, 0x0800, 0x0800, 0x0800, 0x0800,
  0x0800, 0x1000, 0x1000, 0x1000, 0x1000, 0x0800, 0x0800, 0x0800,
  0x0800, 0x0821, 0x0821, 0x0821, 0x0821, 0x0821, 0x0821, 0x0821,
  0x0821, 0x0821, 0x0821, 0x0821, 0x0821, 0x0821, 0x0821, 0x0821,
  0x0821, 0x0821, 0x0821, 0x0821, 0x0821, 0x0821, 0x0821, 0x0821,
  0x0821, 0x0821, 0x0821, 0x0821, 0x0821, 0x0821, 0x0821, 0x0821,
  0x0821, 0x0821, 0x0821, 0x0821, 0x0821, 0x0821, 0x0821, 0x0821,
  0x0821, 0x0821, 0x0821, 0x0821, 0x0821, 0x0821, 0x0821, 0x0821,
  0x0821, 0x0821, 0x0821, 0x0821, 0x0821, 0x0821, 0x0821, 0x0821,
  0x0821, 0x0821, 0x0821, 0x0821, 0x0821, 0x0821, 0x0821, 0x0821,
  0x0821, 0x0821, 0x0821, 0x0821, 0x0821, 0x0821, 0x0821, 0x0821,
  0x0821, 0x0821, 0x0821, 0x0821, 0x0821, 0x0821, 0x0821, 0x0821,
  0x0821, 0x0821, 0x0821, 0x0821, 0x0821, 0x0821, 0x0821, 0x0821,
  0x0821, 0x0821, 0x0821, 0x0821, 0x0821, 0x0821, 0x0821, 0x0821,
  0x0821, 0x0821, 0x0821, 0x0821, 0x0821, 0x0821, 0x0821, 0x0821,
  0x0821, 0x0821, 0x0821, 0x0821, 0x0821, 0x0821, 0x0821, 0x0821,
  0x0821, 0x0821, 0x0821, 0x0821, 0x0821, 0x0821, 0x0821, 0x0821,
  0x0821, 0x0821, 0x0821, 0x0821, 0x0821, 0x0821, 0x0821, 0x0821,
  0x0821, 0x0821, 0x0821, 0x0821, 0x0821, 0x0821, 0x0821, 0x0821,
  0x0821, 0x0821, 0x0821, 0x0821, 0x0821, 0x0821, 0x0821, 0x0821,
  0x0821, 0x0821, 0x0821, 0x0821, 0x0821, 0x0821, 0x0821, 0x0821,
  0x0821, 0x0821, 0x0821, 0x0821, 0x0821, 0x0821, 0x0821, 0x0821,
  0x0821, 0x0821, 0x0821, 0x0821, 0x0821, 0x0821, 0x0020, 0x0040,
  0x0060, 0x00C0, 0x0140, 0x3AE7, 0x7C8E, 0x9571, 0x9D91, 0x9570,
  0x74AD, 0x3AE6, 0x0160, 0x0100, 0x0060, 0x0020, 0x0821, 0x0821,
  0x0821, 0x0821, 0x0821, 0x0821, 0x0020, 0x0821, 0x0821, 0x0821,
  0x0821, 0x0821, 0x0821, 0x0821, 0x0821, 0x18A0, 0x0821, 0x0821,
  0x0821, 0x0821, 0x0821, 0x0821, 0x0821, 0x0821, 0x0821, 0x0821,
  0x0821, 0x0821, 0x0821, 0x0821, 0x0821, 0x0821, 0x0821, 0x0821,
  0x0821, 0x0821, 0x0821, 0x0821, 0x0821, 0x0821, 0x0821, 0x0821,
  0x0821, 0x0821, 0x0821, 0x0821, 0x0821, 0x0821, 0x0821, 0x0821,
  0x0821, 0x0821, 0x0821, 0x0821, 0x0821, 0x0821, 0x0821, 0x0821,
  0x0821, 0x0821, 0x0821, 0x0821, 0x0821, 0x0821, 0x0821, 0x0821,
  0x0821, 0x0821, 0x0821, 0x0821, 0x0821, 0x0821, 0x0821, 0x0821,
  0x0821, 0x0821, 0x0821, 0x0821, 0x0821, 0x0821, 0x0821, 0x0821,
  0x0821, 0x0821, 0x0800, 0x0800, 0x0800, 0x1000, 0x1000, 0x1000,
  0x1000, 0x1000, 0x1800, 0x1800, 0x1800, 0x1800, 0x1800, 0x1800,
  0x1800, 0x1800, 0x1800, 0x1000, 0x1000, 0x0800, 0x0800, 0x0800,
  0x0821, 0x0821, 0x0821, 0x0821, 0x0821, 0x0821, 0x0821, 0x0821,
  0x0821, 0x0821, 0x0821, 0x0821, 0x0821, 0x0821, 0x0821, 0x0821,
  0x0821, 0x0821, 0x0821, 0x0821, 0x0821, 0x0821, 0x0821, 0x0821,
  0x0821, 0x0821, 0x0821, 0x0821, 0x0821, 0x0821, 0x0821, 0x0821,
  0x0821, 0x0821, 0x0821, 0x0821, 0x0821, 0x0821, 0x0821, 0x0821,
  0x0821, 0x0821, 0x0821, 0x0821, 0x0821, 0x0821, 0x0821, 0x0821,
  0x0821, 0x0821, 0x0821, 0x0821, 0x0821, 0x0821, 0x0821, 0x0821,
  0x0821, 0x0821, 0x0821, 0x0821, 0x0821, 0x0821, 0x0821, 0x0821,
  0x0821, 0x0821, 0x0821, 0x0821, 0x0821, 0x0821, 0x0821, 0x0821,
  0x0821, 0x0821, 0x0821, 0x0821, 0x0821, 0x0821, 0x0821, 0x0821,
  0x0821, 0x0821, 0x0821, 0x0821, 0x0821, 0x0821, 0x0821, 0x0821,
  0x0821, 0x0821, 0x0821, 0x0821, 0x0821, 0x0821, 0x0821, 0x0821,
  0x0821, 0x0821, 0x0821, 0x0821, 0x0821, 0x0821, 0x0821, 0x0821,
  0x0821, 0x0821, 0x0821, 0x0821, 0x0821, 0x0821, 0x0821, 0x0821,
  0x0821, 0x0821, 0x0821, 0x0821, 0x0821, 0x0821, 0x0821, 0x0821,
  0x0821, 0x0821, 0x0821, 0x0821, 0x0821, 0x0821, 0x0821, 0x0821,
  0x0821, 0x0821, 0x0821, 0x0821, 0x0821, 0x0821, 0x0821, 0x0821,
  0x0821, 0x0821, 0x0020, 0x0020, 0x0081, 0x0821, 0x0821, 0x0821,
  0x0821, 0x0821, 0x0821, 0x0821, 0x0821, 0x0821, 0x0821, 0x0821,
  0x0821, 0x0821, 0x0821, 0x0821, 0x0821, 0x0821, 0x0821, 0x0821,
  0x0821, 0x0020, 0x0060, 0x00C0, 0x2A45, 0x856F, 0xAF33, 0xBFD4,
  0xA7D1, 0x9FAF, 0x978F, 0x978F, 0x9FB0, 0xAFB1, 0x9F10, 0x7D6D,
  0x2A85, 0x00C0, 0x0040, 0x0020, 0x0821, 0x0821, 0x0821, 0x0820,
  0x0821, 0x0821, 0x0821, 0x0821, 0x0821, 0x0821, 0x0821, 0x0821,
  0x0821, 0x0821, 0x0821, 0x0800, 0x0821, 0x0821, 0x0821, 0x0821,
  0x0821, 0x0821, 0x0821, 0x0821, 0x0821, 0x0821, 0x0821, 0x0821,
  0x0821, 0x0821, 0x0821, 0x0821, 0x0821, 0x0821, 0x0821, 0x0821,
  0x0821, 0x0821, 0x0821, 0x0821, 0x0821, 0x0821, 0x0821, 0x0800,
  0x0821, 0x0821, 0x0821, 0x0821, 0x0821, 0x0821, 0x0821, 0x0821,
  0x0821, 0x0821, 0x0821, 0x0821, 0x0821, 0x0821, 0x0821, 0x0821,
  0x0821, 0x0821, 0x0821, 0x0821, 0x0821, 0x0821, 0x0821, 0x0821,
  0x0821, 0x0821, 0x0821, 0x0821, 0x0821, 0x0821, 0x0821, 0x0821,
  0x0821, 0x0821, 0x0821, 0x0821, 0x0821, 0x0800, 0x0800, 0x1000,
  0x1000, 0x1000, 0x1800, 0x3000, 0x2000, 0x2000, 0x2000, 0x2800,
  0x2800, 0x2800, 0x2800, 0x2800, 0x3000, 0x3000, 0x3000, 0x2800,
  0x2000, 0x1800, 0x1800, 0x1000, 0x0800, 0x0800, 0x0821, 0x0821,
  0x0821, 0x0821, 0x0821, 0x0821, 0x0821, 0x0821, 0x0821, 0x0821,
  0x0821, 0x0821, 0x0821, 0x0821, 0x0821, 0x0821, 0x0821, 0x0821,
  0x0821, 0x0821, 0x0821, 0x0821, 0x0821, 0x0821, 0x0821, 0x0821,
  0x0821, 0x0821, 0x0821, 0x0821, 0x0821, 0x0821, 0x0821, 0x0821,
  0x0821, 0x0821, 0x0821, 0x0821, 0x0821, 0x0821, 0x0821, 0x0821,
  0x0821, 0x0821, 0x0821, 0x0821, 0x0821, 0x0821, 0x0821, 0x0821,
  0x0821, 0x0821, 0x0821, 0x0821, 0x0821, 0x0821, 0x0821, 0x0821,
  0x0821, 0x0821, 0x0821, 0x0821, 0x0821, 0x0821, 0x0821, 0x0821,
  0x0821, 0x0821, 0x0821, 0x0821, 0x0821, 0x0821, 0x0821, 0x0821,
  0x0821, 0x0821, 0x0821, 0x0821, 0x0821, 0x0821, 0x0821, 0x0821,
  0x0821, 0x0821, 0x0821, 0x0821, 0x0821, 0x0821, 0x0821, 0x0821,
  0x0821, 0x0821, 0x0821, 0x0821, 0x0821, 0x0821, 0x0821, 0x0821,
  0x0821, 0x0821, 0x0821, 0x0821, 0x0821, 0x0821, 0x0821, 0x0821,
  0x0821, 0x0821, 0x0821, 0x0821, 0x0821, 0x0821, 0x0821, 0x0821,
  0x0821, 0x0821, 0x0821, 0x0821, 0x0821, 0x0821, 0x0821, 0x0821,
  0x0821, 0x0821, 0x0821, 0x0821, 0x0821, 0x0821, 0x0821, 0x0821,
  0x0821, 0x0821, 0x0821, 0x0821, 0x0821, 0x0821, 0x0040, 0x0020,
  0x0821, 0x0821, 0x0821, 0x0821, 0x0821, 0x0821, 0x0821, 0x0821,
  0x0821, 0x0821, 0x0821, 0x0821, 0x0821, 0x0821, 0x0821, 0x0821,
  0x0821, 0x0821, 0x0821, 0x0821, 0x0020, 0x0080, 0x19A3, 0x9570,
  0xBF95, 0xA7D1, 0x870D, 0x6DA9, 0x4406, 0x1A62, 0x09A0, 0x1201,
  0x3344, 0x6529, 0x7EAB, 0x978E, 0xA791, 0x7D8D, 0x11C2, 0x0080,
  0x0020, 0x0821, 0x0821, 0x0821, 0x0821, 0x0821, 0x0821, 0x0821,
  0x0821, 0x0821, 0x0821, 0x0821, 0x0821, 0x0821, 0x0821, 0x0821,
  0x0821, 0x0821, 0x0821, 0x0821, 0x0821, 0x0821, 0x0821, 0x0821,
  0x0821, 0x0821, 0x0821, 0x0821, 0x0821, 0x0821, 0x0821, 0x0821,
  0x0821, 0x0821, 0x0821, 0x0821, 0x0821, 0x0821, 0x0821, 0x0821,
  0x0821, 0x0821, 0x0821, 0x0821, 0x0821, 0x0821, 0x0821, 0x0821,
  0x0821, 0x0821, 0x0821, 0x0821, 0x0821, 0x0821, 0x0821, 0x0821,
  0x0821, 0x0821, 0x0821, 0x0821, 0x0821, 0x0821, 0x0821, 0x0821,
  0x0821, 0x0821, 0x0821, 0x0821, 0x0821, 0x0821, 0x0821, 0x0821,
  0x0821, 0x0821, 0x0821, 0x0821, 0x0821, 0x0821, 0x0821, 0x0821,
  0x0800, 0x0800, 0x1000, 0x1000, 0x1800, 0x1800, 0x2000, 0x3800,
  0x3000, 0x3800, 0x4000, 0x4800, 0x4800, 0x5000, 0x5800, 0x6000,
  0x5000, 0x5000, 0x5000, 0x4800, 0x4000, 0x3800, 0x2800, 0x2000,
  0x1800, 0x1000, 0x0800, 0x0800, 0x0821, 0x0821, 0x0821, 0x0821,
  0x0821, 0x0821, 0x0821, 0x0821, 0x0821, 0x0821, 0x0821, 0x0821,
  0x0821, 0x0821, 0x0821, 0x0821, 0x0821, 0x0821, 0x0821, 0x0821,
  0x0821, 0x0821, 0x0821, 0x0821, 0x0821, 0x0821, 0x0821, 0x0821,
  0x0821, 0x0821, 0x0821, 0x0821, 0x0821, 0x0821, 0x0821, 0x0821,
  0x0821, 0x0821, 0x0821, 0x0821, 0x0821, 0x0821, 0x0821, 0x0821,
  0x0821, 0x0821, 0x0821, 0x0821, 0x0821, 0x0821, 0x0821, 0x0821,
  0x0821, 0x0821, 0x0821, 0x0821, 0x0821, 0x0821, 0x0821, 0x0821,
  0x0821, 0x0821, 0x0821, 0x0821, 0x0821, 0x0821, 0x0821, 0x0821,
  0x0821, 0x0821, 0x0821, 0x0821, 0x0821, 0x0821, 0x0821, 0x0821,
  0x0821, 0x0821, 0x0821, 0x0821, 0x0821, 0x0821, 0x0821, 0x0821,
  0x0821, 0x0821, 0x0821, 0x0821, 0x0821, 0x0821, 0x0821, 0x0821,
  0x0821, 0x0821, 0x0821, 0x0821, 0x0821, 0x0821, 0x0821, 0x0821,
  0x0821, 0x0821, 0x0821, 0x0821, 0x0821, 0x0821, 0x0821, 0x0821,
  0x0821, 0x0821, 0x0821, 0x0821, 0x0821, 0x0821, 0x0821, 0x0821,
  0x0021, 0x0821, 0x0821, 0x0821, 0x0821, 0x0821, 0x0821, 0x0821,
  0x0821, 0x0821, 0x0821, 0x0821, 0x0821, 0x0821, 0x0821, 0x0821,
  0x0821, 0x0821, 0x0821, 0x0821, 0x0821, 0x0821, 0x0821, 0x0821,
  0x0821, 0x0821, 0x0821, 0x0020, 0x0821, 0x0821, 0x0821, 0x0821,
  0x0821, 0x0821, 0x0821, 0x0821, 0x0821, 0x0821, 0x0821, 0x0821,
  0x0080, 0x5369, 0xC736, 0xB7F2, 0x86CD, 0x4C47, 0x0140, 0x0080,
  0x0080, 0x00A0, 0x00A0, 0x00A0, 0x0080, 0x0080, 0x00E0, 0x3B85,
  0x7E8D, 0x9FD0, 0x970F, 0x3B46, 0x0080, 0x0020, 0x0821, 0x0821,
  0x0821, 0x0821, 0x0821, 0x0821, 0x0821, 0x0821, 0x0821, 0x0820,
  0x0821, 0x0821, 0x0821, 0x0821, 0x0821, 0x0821, 0x0821, 0x0821,
  0x0821, 0x0821, 0x0821, 0x0821, 0x0821, 0x0821, 0x0821, 0x0821,
  0x0821, 0x0821, 0x0821, 0x0821, 0x0821, 0x1820, 0x0821, 0x0821,
  0x0821, 0x0821, 0x0821, 0x0821, 0x0820, 0x0821, 0x0821, 0x0821,
  0x1020, 0x0821, 0x0821, 0x0821, 0x0821, 0x0821, 0x0821, 0x0821,
  0x0821, 0x0821, 0x0821, 0x0821, 0x0821, 0x0821, 0x0821, 0x0821,
  0x0821, 0x0821, 0x0821, 0x0821, 0x0821, 0x0821, 0x0821, 0x0821,
  0x0821, 0x0821, 0x0821, 0x0821, 0x0821, 0x0821, 0x0821, 0x0821,
  0x0821, 0x0821, 0x0821, 0x0800, 0x1000, 0x1000, 0x1000, 0x1800,
  0x2000, 0x3000, 0x3800, 0x4800, 0x4800, 0x6800, 0x6800, 0x6800,
  0x6800, 0x8000, 0x8000, 0x8800, 0x8800, 0x8800, 0x8000, 0x7800,
  0x7000, 0x6000, 0x5000, 0x4800, 0x3800, 0x2800, 0x2000, 0x1800,
  0x1000, 0x0800, 0x0821, 0x0821, 0x0821, 0x0821, 0x0821, 0x0821,
  0x0821, 0x0821, 0x0821, 0x0821, 0x0821, 0x0821, 0x0821, 0x0821,
  0x0821, 0x0821, 0x0821, 0x0821, 0x0821, 0x0821, 0x0821, 0x0821,
  0x0821, 0x0821, 0x0821, 0x0821, 0x0821, 0x0821, 0x0821, 0x0821,
  0x0821, 0x0821, 0x0821, 0x0821, 0x0821, 0x0821, 0x0821, 0x0821,
  0x0821, 0x0821, 0x0821, 0x0821, 0x0821, 0x0821, 0x0821, 0x0821,
  0x0821, 0x0821, 0x0821, 0x0821, 0x0821, 0x0821, 0x0821, 0x0821,
  0x0821, 0x0821, 0x0821, 0x0821, 0x0821, 0x0821, 0x0821, 0x0821,
  0x0821, 0x0821, 0x0821, 0x0821, 0x0821, 0x0821, 0x0821, 0x0821,
  0x0821, 0x0821, 0x0821, 0x0821, 0x0821, 0x0821, 0x0821, 0x0821,
  0x0821, 0x0821, 0x0821, 0x0821, 0x0821, 0x0821, 0x0821, 0x0821,
  0x0821, 0x0821, 0x0821, 0x0821, 0x0821, 0x0821, 0x0821, 0x0821,
  0x0821, 0x0821, 0x0821, 0x0821, 0x0821, 0x0821, 0x0821, 0x0821,
  0x0821, 0x0821, 0x0821, 0x0821, 0x0821, 0x0821, 0x0821, 0x0821,
  0x0821, 0x0821, 0x0821, 0x0821, 0x0821, 0x0821, 0x0821, 0x0821,
  0x0821, 0x0821, 0x0821, 0x0821, 0x0821, 0x0181, 0x0180, 0x0821,
  0x0821, 0x0821, 0x0821, 0x0821, 0x0821, 0x0821, 0x0821, 0x0821,
  0x0020, 0x0821, 0x0821, 0x0821, 0x0821, 0x0821, 0x0821, 0x0060,
  0x0821, 0x0821, 0x0821, 0x0821, 0x0821, 0x0821, 0x0821, 0x0821,
  0x0821, 0x0821, 0x0821, 0x0020, 0x0120, 0xB714, 0xA7B0, 0x6569,
  0x0180, 0x00A0, 0x00E0, 0x0160, 0x3B06, 0x6C8B, 0x74CC, 0x6C8B,
  0x3B06, 0x0961, 0x00C0, 0x0060, 0x00E0, 0x5CC9, 0x8F4E, 0x96EF,
  0x0120, 0x0821, 0x0020, 0x0821, 0x0821, 0x20E0, 0x10A0, 0x0840,
  0x0821, 0x0821, 0x0821, 0x0821, 0x0821, 0x0821, 0x0821, 0x0821,
  0x0821, 0x0821, 0x0821, 0x0821, 0x0821, 0x0821, 0x0821, 0x0821,
  0x0821, 0x0821, 0x0821, 0x0821, 0x0821, 0x0821, 0x0821, 0x0821,
  0x0821, 0x1820, 0x0821, 0x0821, 0x0821, 0x0821, 0x0821, 0x0820,
  0x1040, 0x0821, 0x0821, 0x0821, 0x0821, 0x0821, 0x0821, 0x0821,
  0x0821, 0x0821, 0x0821, 0x0821, 0x0821, 0x0821, 0x0821, 0x0821,
  0x0821, 0x0821, 0x0821, 0x0821, 0x0821, 0x0821, 0x0821, 0x0821,
  0x0821, 0x0821, 0x0821, 0x0821, 0x0821, 0x0821, 0x0821, 0x0821,
  0x0821, 0x0821, 0x0821, 0x0821, 0x0821, 0x0821, 0x0800, 0x0800,
  0x1000, 0x1000, 0x1800, 0x2800, 0x3000, 0x3800, 0x4000, 0x7800,
  0x6800, 0x8800, 0x8000, 0x9800, 0xA820, 0xC0A0, 0xD900, 0xD940,
  0xD9E2, 0xDA64, 0xE349, 0xDAE7, 0xC9C4, 0xB0E1, 0x9000, 0x7800,
  0x6000, 0x5000, 0x4000, 0x3000, 0x2000, 0x1800, 0x1000, 0x0800,
  0x0821, 0x0821, 0x0821, 0x0821, 0x0821, 0x0821, 0x0821, 0x0821,
  0x0821, 0x0821, 0x0821, 0x0821, 0x0821, 0x0821, 0x0821, 0x0821,
  0x0821, 0x0821, 0x0821, 0x0821, 0x0821, 0x0821, 0x0821, 0x0821,
  0x0821, 0x0821, 0x0821, 0x0821, 0x0821, 0x0821, 0x0821, 0x0821,
  0x0821, 0x0821, 0x0821, 0x0821, 0x0821, 0x0821, 0x0821, 0x0821,
  0x0821, 0x0821, 0x0821, 0x0821, 0x0821, 0x0821, 0x0821, 0x0821,
  0x0821, 0x0821, 0x0821, 0x0821, 0x0821, 0x0821, 0x0821, 0x0821,
  0x0821, 0x0821, 0x0821, 0x0821, 0x0821, 0x0821, 0x0821, 0x0821,
  0x0821, 0x0821, 0x0821, 0x0821, 0x0821, 0x0821, 0x0821, 0x0821,
  0x0821, 0x0821, 0x0821, 0x0821, 0x0821, 0x0821, 0x0821, 0x0821,
  0x0821, 0x0821, 0x0821, 0x0821, 0x0821, 0x0821, 0x0821, 0x0821,
  0x0821, 0x0821, 0x0821, 0x0821, 0x0821, 0x0821, 0x0821, 0x0821,
  0x0821, 0x0821, 0x0821, 0x0821, 0x0821, 0x0821, 0x0821, 0x0821,
  0x0821, 0x0821, 0x0821, 0x0821, 0x0821, 0x0821, 0x0821, 0x0821,
  0x0821, 0x0821, 0x0821, 0x0821, 0x0821, 0x0821, 0x0821, 0x0821,
  0x0821, 0x0020, 0x0821, 0x0821, 0x0821, 0x0821, 0x0821, 0x0020,
  0x0821, 0x0821, 0x0821, 0x0821, 0x0821, 0x0821, 0x0821, 0x0821,
  0x0821, 0x0040, 0x0821, 0x0821, 0x0821, 0x0821, 0x0821, 0x09E1,
  0x0080, 0x0821, 0x0821, 0x0821, 0x0821, 0x0020, 0x0821, 0x0020,
  0x00C0, 0x53E8, 0x43E6, 0x00E0, 0x00A0, 0x11C2, 0x852E, 0xAF13,
  0xAFB2, 0x9FAF, 0x97AE, 0x9FAF, 0xAFD1, 0xB752, 0x858D, 0x19E2,
  0x0080, 0x0080, 0x2AC4, 0x43A6, 0x00C0, 0x0821, 0x0020, 0x0821,
  0x0821, 0x0821, 0x0821, 0x0821, 0x0821, 0x0821, 0x0821, 0x0821,
  0x0821, 0x0821, 0x0821, 0x0821, 0x1840, 0x0821, 0x0821, 0x0821,
  0x0821, 0x0821, 0x0821, 0x0821, 0x0821, 0x0821, 0x0821, 0x1020,
  0x2060, 0x0821, 0x0821, 0x0821, 0x0821, 0x1020, 0x0020, 0x0821,
  0x0820, 0x0020, 0x0020, 0x2080, 0x1040, 0x0821, 0x0800, 0x0821,
  0x0821, 0x0800, 0x0821, 0x0821, 0x0821, 0x0821, 0x0821, 0x0821,
  0x0821, 0x0821, 0x0821, 0x0821, 0x0821, 0x0821, 0x0821, 0x0821,
  0x0821, 0x0821, 0x0821, 0x0821, 0x0821, 0x0821, 0x0821, 0x0821,
  0x0821, 0x0821, 0x0821, 0x0821, 0x0821, 0x0821, 0x0821, 0x0821,
  0x0821, 0x0800, 0x1000, 0x1000, 0x1000, 0x1000, 0x1800, 0x2000,
  0x2800, 0x3800, 0x5000, 0x7000, 0x6800, 0x7800, 0x9800, 0xB000,
  0xC800, 0xD020, 0xD820, 0xF0C0, 0xF0A0, 0xF860, 0xF8C0, 0xF9E4,
  0xFB28, 0xFBCA, 0xFBCA, 0xE3A9, 0xCA66, 0x98A0, 0x7000, 0x5800,
  0x4000, 0x3000, 0x2000, 0x1000, 0x0800, 0x0821, 0x0821, 0x0821,
  0x0821, 0x0821, 0x0821, 0x0821, 0x0821, 0x0821, 0x0821, 0x0821,
  0x0821, 0x0821, 0x0821, 0x0821, 0x0821, 0x0821, 0x0821, 0x0821,
  0x0821, 0x0821, 0x0821, 0x0821, 0x0821, 0x0821, 0x0821, 0x0821,
  0x0821, 0x0821, 0x0821, 0x0821, 0x0821, 0x0821, 0x0821, 0x0821,
  0x0821, 0x0821, 0x0821, 0x0821, 0x0821, 0x0821, 0x0821, 0x0821,
  0x0821, 0x0821, 0x0821, 0x0821, 0x0821, 0x0821, 0x0821, 0x0821,
  0x0821, 0x0821, 0x0821, 0x0821, 0x0821, 0x0821, 0x0821, 0x0821,
  0x0821, 0x0821, 0x0821, 0x0821, 0x0821, 0x0821, 0x0821, 0x0821,
  0x0821, 0x0821, 0x0821, 0x0821, 0x0821, 0x0821, 0x0821, 0x0821,
  0x0821, 0x0821, 0x0821, 0x0821, 0x0821, 0x0821, 0x0821, 0x0821,
  0x0821, 0x0821, 0x0821, 0x0821, 0x0821, 0x0821, 0x0821, 0x0821,
  0x0821, 0x0821, 0x0821, 0x0821, 0x0821, 0x0821, 0x0821, 0x0821,
  0x0821, 0x0821, 0x0821, 0x0821, 0x0821, 0x0821, 0x0821, 0x0821,
  0x0821, 0x0821, 0x0821, 0x0821, 0x0821, 0x0821, 0x0821, 0x0821,
  0x0821, 0x0821, 0x0821, 0x0821, 0x0061, 0x0020, 0x0821, 0x0020,
  0x0020, 0x0821, 0x0821, 0x0821, 0x0821, 0x0821, 0x0821, 0x0821,
  0x02A2, 0x0821, 0x0821, 0x0821, 0x0821, 0x0821, 0x0821, 0x0821,
  0x0821, 0x0821, 0x0821, 0x0040, 0x0821, 0x0821, 0x0821, 0x0821,
  0x0821, 0x0821, 0x0020, 0x0020, 0x0020, 0x0080, 0x0080, 0x00C0,
  0x4B68, 0xB714, 0xA7B1, 0x768A, 0x4CA7, 0x2B24, 0x1AA2, 0x3384,
  0x4CC7, 0x76AB, 0x8FAF, 0x972F, 0x4BE7, 0x00A0, 0x0060, 0x0060,
  0x0821, 0x0821, 0x0821, 0x0821, 0x0821, 0x0821, 0x0821, 0x0821,
  0x0821, 0x0821, 0x0821, 0x0821, 0x0821, 0x0821, 0x0821, 0x0821,
  0x0821, 0x0821, 0x0821, 0x0821, 0x0821, 0x0821, 0x0821, 0x0821,
  0x0821, 0x0821, 0x0821, 0x0821, 0x0821, 0x0821, 0x0821, 0x0821,
  0x0821, 0x1020, 0x0821, 0x0821, 0x0020, 0x0821, 0x0821, 0x1040,
  0x0820, 0x0800, 0x1820, 0x0821, 0x0821, 0x0821, 0x0821, 0x0821,
  0x0821, 0x0800, 0x0821, 0x0821, 0x0821, 0x0821, 0x0821, 0x0821,
  0x0821, 0x0821, 0x0821, 0x0821, 0x0821, 0x0821, 0x0821, 0x0821,
  0x0821, 0x0821, 0x0821, 0x0821, 0x0821, 0x0821, 0x0821, 0x0821,
  0x0821, 0x0821, 0x0821, 0x0821, 0x0821, 0x0800, 0x1000, 0x1000,
  0x1000, 0x1800, 0x2000, 0x3000, 0x3800, 0x3800, 0x4800, 0x7800,
  0x6000, 0x6800, 0x8000, 0x8000, 0x8000, 0xA020, 0xB000, 0xC000,
  0xD020, 0xD860, 0xE060, 0xE860, 0xF880, 0xF8C0, 0xF8E0, 0xF961,
  0xFAE7, 0xFB89, 0xDAC7, 0xA0E2, 0x7000, 0x5000, 0x3800, 0x2000,
  0x1000, 0x0800, 0x0800, 0x0821, 0x0821, 0x0821, 0x0821, 0x0821,
  0x0821, 0x0821, 0x0821, 0x0821, 0x0821, 0x0821, 0x0821, 0x0821,
  0x0821, 0x0821, 0x0821, 0x0821, 0x0821, 0x0821, 0x0821, 0x0821,
  0x0821, 0x0821, 0x0821, 0x0821, 0x0821, 0x0821, 0x0821, 0x0821,
  0x0821, 0x0821, 0x0821, 0x0821, 0x0821, 0x0821, 0x0821, 0x0821,
  0x0821, 0x0821, 0x0821, 0x0821, 0x0821, 0x0821, 0x0821, 0x0821,
  0x0821, 0x0821, 0x0821, 0x0821, 0x0821, 0x0821, 0x0821, 0x0821,
  0x0821, 0x0821, 0x0821, 0x0821, 0x0821, 0x0821, 0x0821, 0x0821,
  0x0821, 0x0821, 0x0821, 0x0821, 0x0821, 0x0821, 0x0821, 0x0821,
  0x0821, 0x0821, 0x0821, 0x0821, 0x0821, 0x0821, 0x0821, 0x0821,
  0x0821, 0x0821, 0x0821, 0x0821, 0x0821, 0x0821, 0x0821, 0x0821,
  0x0821, 0x0821, 0x0821, 0x0821, 0x0821, 0x0821, 0x0821, 0x0821,
  0x0821, 0x0821, 0x0821, 0x0821, 0x0821, 0x0821, 0x0821, 0x0821,
  0x0821, 0x0821, 0x0821, 0x0821, 0x0821, 0x0821, 0x0821, 0x0821,
  0x0821, 0x0821, 0x0821, 0x0821, 0x0020, 0x0821, 0x0040, 0x0060,
  0x0821, 0x0821, 0x0040, 0x00A0, 0x0081, 0x0821, 0x0821, 0x0821,
  0x0821, 0x0821, 0x0821, 0x0821, 0x0162, 0x0821, 0x0060, 0x0821,
  0x0821, 0x0821, 0x0821, 0x0020, 0x0821, 0x0821, 0x0821, 0x0821,
  0x0821, 0x0821, 0x0821, 0x0821, 0x0821, 0x0821, 0x0040, 0x0821,
  0x0821, 0x0821, 0x0020, 0x0180, 0xA6F1, 0x9F90, 0x54C7, 0x0120,
  0x0080, 0x00C0, 0x00E0, 0x00C0, 0x0060, 0x00A0, 0x4446, 0x8F4D,
  0x96EE, 0x0140, 0x0020, 0x0821, 0x0821, 0x0821, 0x0821, 0x0821,
  0x0821, 0x0821, 0x0821, 0x0821, 0x0020, 0x0821, 0x0821, 0x0821,
  0x0821, 0x0820, 0x0821, 0x0821, 0x0821, 0x0821, 0x0821, 0x0821,
  0x0820, 0x0821, 0x0821, 0x0821, 0x0821, 0x0821, 0x0821, 0x0020,
  0x0821, 0x0821, 0x0821, 0x0821, 0x0821, 0x2860, 0x0821, 0x0821,
  0x0821, 0x0821, 0x1060, 0x1860, 0x1840, 0x0821, 0x0821, 0x0821,
  0x0821, 0x0821, 0x0821, 0x0821, 0x0821, 0x0821, 0x0821, 0x0821,
  0x0821, 0x0821, 0x0821, 0x0821, 0x0821, 0x0821, 0x0821, 0x0800,
  0x0821, 0x0821, 0x0821, 0x0821, 0x0821, 0x0821, 0x0821, 0x0821,
  0x0821, 0x0821, 0x0821, 0x0821, 0x0821, 0x0821, 0x0821, 0x0821,
  0x0821, 0x0800, 0x1800, 0x1000, 0x1000, 0x1000, 0x1000, 0x2000,
  0x2800, 0x2800, 0x3800, 0x6000, 0x4800, 0x5800, 0xA060, 0x8020,
  0x8000, 0x8800, 0x9000, 0xA800, 0xA800, 0xA800, 0xA800, 0xA800,
  0xB000, 0xD020, 0xE060, 0xF0A0, 0xF8A0, 0xF8A0, 0xF962, 0xFAE8,
  0xDA66, 0x8040, 0x5000, 0x3000, 0x2000, 0x1000, 0x0800, 0x0800,
  0x0821, 0x0821, 0x0821, 0x0821, 0x0821, 0x0821, 0x0821, 0x0821,
  0x0821, 0x0821, 0x0821, 0x0821, 0x0821, 0x0821, 0x0821, 0x0821,
  0x0821, 0x0821, 0x0821, 0x0821, 0x0821, 0x0821, 0x0821, 0x0821,
  0x0821, 0x0821, 0x0821, 0x0821, 0x0821, 0x0821, 0x0821, 0x0821,
  0x0821, 0x0821, 0x0821, 0x0821, 0x0821, 0x0821, 0x0821, 0x0821,
  0x0821, 0x0821, 0x0821, 0x0821, 0x0821, 0x0821, 0x0821, 0x0821,
  0x0821, 0x0821, 0x0821, 0x0821, 0x0821, 0x0821, 0x0821, 0x0821,
  0x0821, 0x0821, 0x0821, 0x0821, 0x0821, 0x0821, 0x0821, 0x0821,
  0x0821, 0x0821, 0x0821, 0x0821, 0x0821, 0x0821, 0x0821, 0x0821,
  0x0821, 0x0821, 0x0821, 0x0821, 0x0821, 0x0821, 0x0821, 0x0821,
  0x0821, 0x0821, 0x0821, 0x0821, 0x0821, 0x0821, 0x0821, 0x0821,
  0x0821, 0x0821, 0x0821, 0x0821, 0x0821, 0x0821, 0x0821, 0x0821,
  0x0821, 0x0821, 0x0821, 0x0821, 0x0821, 0x0821, 0x0821, 0x0821,
  0x0821, 0x0821, 0x0821, 0x0821, 0x0821, 0x0821, 0x0821, 0x0821,
  0x0821, 0x0821, 0x0101, 0x0080, 0x0821, 0x0821, 0x0821, 0x0821,
  0x0821, 0x0020, 0x0821, 0x00A0, 0x0040, 0x00A0, 0x0020, 0x0821,
  0x0020, 0x0821, 0x0020, 0x0020, 0x00E0, 0x0821, 0x0821, 0x0821,
  0x0821, 0x0821, 0x0821, 0x0821, 0x0821, 0x0821, 0x0821, 0x0821,
  0x0821, 0x0821, 0x0821, 0x0821, 0x0821, 0x0840, 0x0821, 0x00C0,
  0x4346, 0x3B46, 0x00A0, 0x00C0, 0x1202, 0x644A, 0x852E, 0x6C8C,
  0x2263, 0x00C0, 0x0040, 0x1A22, 0x2283, 0x0080, 0x0821, 0x0821,
  0x0821, 0x0821, 0x0821, 0x0821, 0x0821, 0x0821, 0x0821, 0x0821,
  0x0821, 0x0821, 0x0020, 0x1040, 0x0821, 0x0821, 0x0820, 0x0821,
  0x0821, 0x0821, 0x0821, 0x0821, 0x28E0, 0x0821, 0x0821, 0x0821,
  0x0821, 0x0821, 0x0821, 0x0821, 0x0821, 0x0821, 0x0821, 0x0821,
  0x0020, 0x2880, 0x0821, 0x0821, 0x0821, 0x0821, 0x1860, 0x2060,
  0x2060, 0x0821, 0x0020, 0x0821, 0x0821, 0x0821, 0x0821, 0x0821,
  0x0821, 0x0821, 0x0821, 0x0821, 0x0821, 0x0821, 0x0821, 0x0821,
  0x0821, 0x0821, 0x0821, 0x0821, 0x0821, 0x0821, 0x0821, 0x0821,
  0x0821, 0x0821, 0x0821, 0x0821, 0x0821, 0x0821, 0x0821, 0x0821,
  0x0821, 0x0821, 0x0821, 0x0821, 0x0821, 0x0800, 0x0800, 0x1000,
  0x1000, 0x1000, 0x1000, 0x2800, 0x4000, 0x2800, 0x3800, 0x6820,
  0x7800, 0x7800, 0x6800, 0x6800, 0x8000, 0x8800, 0x9000, 0xA821,
  0xA840, 0xA800, 0x9800, 0x8800, 0x8800, 0x9000, 0xA000, 0xA800,
  0xC820, 0xE060, 0xF060, 0xF080, 0xF1A3, 0xE246, 0x90A1, 0x5000,
  0x3000, 0x2000, 0x1000, 0x0800, 0x0800, 0x0821, 0x0821, 0x0821,
  0x0821, 0x0821, 0x0821, 0x0821, 0x0821, 0x0821, 0x0821, 0x0821,
  0x0821, 0x0821, 0x0821, 0x0821, 0x0821, 0x0821, 0x0821, 0x0821,
  0x0821, 0x0821, 0x0821, 0x0821, 0x0821, 0x0821, 0x0821, 0x0821,
  0x0821, 0x0821, 0x0821, 0x0821, 0x0821, 0x0821, 0x0821, 0x0821,
  0x0821, 0x0821, 0x0821, 0x0821, 0x0821, 0x0821, 0x0821, 0x0821,
  0x0821, 0x0821, 0x0821, 0x0821, 0x0821, 0x0821, 0x0821, 0x0821,
  0x0821, 0x0821, 0x0821, 0x0821, 0x0821, 0x0821, 0x0821, 0x0821,
  0x0821, 0x0821, 0x0821, 0x0821, 0x0821, 0x0821, 0x0821, 0x0821,
  0x0821, 0x0821, 0x0821, 0x0821, 0x0821, 0x0821, 0x0821, 0x0821,
  0x0821, 0x0821, 0x0821, 0x0821, 0x0821, 0x0821, 0x0821, 0x0821,
  0x0821, 0x0821, 0x0821, 0x0821, 0x0821, 0x0821, 0x0821, 0x0821,
  0x0821, 0x0821, 0x0821, 0x0821, 0x0821, 0x0821, 0x0821, 0x0821,
  0x0821, 0x0821, 0x0821, 0x0821, 0x0021, 0x0020, 0x0821, 0x0821,
  0x0821, 0x0821, 0x0821, 0x0821, 0x0821, 0x0821, 0x0020, 0x0020,
  0x0821, 0x0020, 0x0020, 0x0821, 0x0821, 0x0040, 0x0821, 0x0020,
  0x0821, 0x0080, 0x0821, 0x0821, 0x0020, 0x0821, 0x0821, 0x0821,
  0x0821, 0x0821, 0x0821, 0x0821, 0x0821, 0x0181, 0x0160, 0x0821,
  0x0821, 0x0821, 0x0821, 0x0020, 0x0040, 0x0020, 0x0821, 0x0821,
  0x0821, 0x0821, 0x0821, 0x0020, 0x0040, 0x0040, 0x0120, 0x6489,
  0xA750, 0x9FB0, 0x8F8E, 0x978F, 0x974F, 0x5D09, 0x0100, 0x0020,
  0x0020, 0x0821, 0x0821, 0x0821, 0x0821, 0x0821, 0x0821, 0x0821,
  0x0821, 0x0821, 0x0821, 0x0821, 0x0821, 0x0840, 0x1060, 0x0821,
  0x0821, 0x0020, 0x1860, 0x0821, 0x0821, 0x0821, 0x0821, 0x0821,
  0x0821, 0x0821, 0x0821, 0x0821, 0x0821, 0x1020, 0x0821, 0x0821,
  0x0821, 0x0821, 0x0821, 0x0821, 0x0820, 0x1840, 0x0821, 0x0821,
  0x0821, 0x0821, 0x0821, 0x1040, 0x1840, 0x0821, 0x0821, 0x0820,
  0x0821, 0x0020, 0x0821, 0x0821, 0x0821, 0x0821, 0x0821, 0x0821,
  0x0821, 0x0821, 0x0821, 0x0820, 0x0821, 0x0821, 0x0821, 0x0821,
  0x0821, 0x0821, 0x0821, 0x0821, 0x0821, 0x0821, 0x0821, 0x0821,
  0x0821, 0x0821, 0x0821, 0x0821, 0x0821, 0x0821, 0x0821, 0x0821,
  0x0821, 0x0800, 0x0800, 0x0800, 0x1000, 0x1000, 0x1000, 0x1800,
  0x2000, 0x2800, 0x4820, 0x7020, 0xC960, 0xE200, 0xD242, 0xB920,
  0xA820, 0xC000, 0xF021, 0xF083, 0xF146, 0xF2EB, 0xEBCF, 0xD3F0,
  0xA34D, 0x7945, 0x6800, 0x7000, 0x8000, 0x9000, 0xB020, 0xD040,
  0xD860, 0xD8C0, 0xD9A3, 0x8080, 0x4800, 0x2800, 0x1800, 0x1000,
  0x0800, 0x0800, 0x0821, 0x0821, 0x0821, 0x0821, 0x0821, 0x0821,
  0x0821, 0x0821, 0x0821, 0x0821, 0x0821, 0x0821, 0x0821, 0x0821,
  0x0821, 0x0821, 0x0821, 0x0821, 0x0821, 0x0821, 0x0821, 0x0821,
  0x0821, 0x0821, 0x0821, 0x0821, 0x0821, 0x0821, 0x0821, 0x0821,
  0x0821, 0x0821, 0x0821, 0x0821, 0x0821, 0x0821, 0x0821, 0x0821,
  0x0821, 0x0821, 0x0821, 0x0821, 0x0821, 0x0821, 0x0821, 0x0821,
  0x0821, 0x0821, 0x0821, 0x0821, 0x0821, 0x0821, 0x0821, 0x0821,
  0x0821, 0x0821, 0x0821, 0x0821, 0x0821, 0x0821, 0x0821, 0x0821,
  0x0821, 0x0821, 0x0821, 0x0821, 0x0821, 0x0821, 0x0821, 0x0821,
  0x0821, 0x0821, 0x0821, 0x0821, 0x0821, 0x0821, 0x0821, 0x0821,
  0x0821, 0x0821, 0x0821, 0x0821, 0x0821, 0x0821, 0x0821, 0x0821,
  0x0821, 0x0821, 0x0821, 0x0821, 0x0821, 0x0821, 0x0821, 0x0821,
  0x0821, 0x0821, 0x0821, 0x0821, 0x0821, 0x0021, 0x0821, 0x0821,
  0x0821, 0x0020, 0x0020, 0x00C2, 0x0020, 0x0821, 0x0821, 0x0821,
  0x0821, 0x0020, 0x0020, 0x0020, 0x0040, 0x0821, 0x0821, 0x0821,
  0x0821, 0x0821, 0x0821, 0x0821, 0x0821, 0x0821, 0x0020, 0x0040,
  0x0040, 0x0821, 0x0040, 0x0821, 0x0821, 0x0821, 0x0821, 0x0821,
  0x0821, 0x0821, 0x0821, 0x0821, 0x0821, 0x0821, 0x0821, 0x0040,
  0x0020, 0x0821, 0x0821, 0x0020, 0x0840, 0x0821, 0x0020, 0x0821,
  0x0821, 0x0020, 0x0120, 0x7DCC, 0x870C, 0x4CC6, 0x2303, 0x4466,
  0x7EAB, 0x762A, 0x0160, 0x0821, 0x0821, 0x0821, 0x0821, 0x0821,
  0x0800, 0x0821, 0x0821, 0x0821, 0x0821, 0x0821, 0x0821, 0x0821,
  0x0821, 0x0821, 0x0821, 0x0821, 0x0821, 0x0821, 0x0821, 0x0821,
  0x0821, 0x0821, 0x0821, 0x0821, 0x0821, 0x0821, 0x0821, 0x0821,
  0x0821, 0x0821, 0x0821, 0x0821, 0x0821, 0x0821, 0x0821, 0x2080,
  0x0820, 0x30A0, 0x0821, 0x0821, 0x0821, 0x0821, 0x0821, 0x0821,
  0x1040, 0x0821, 0x0821, 0x0821, 0x0820, 0x28A0, 0x0840, 0x0821,
  0x0821, 0x0821, 0x0821, 0x0821, 0x0821, 0x0821, 0x1820, 0x0821,
  0x0821, 0x0821, 0x0821, 0x0821, 0x0821, 0x0821, 0x0821, 0x0821,
  0x0821, 0x0821, 0x0821, 0x0821, 0x0821, 0x0821, 0x0821, 0x0821,
  0x0821, 0x0821, 0x0821, 0x0821, 0x0821, 0x0800, 0x0800, 0x0800,
  0x1000, 0x1000, 0x1000, 0x1800, 0x2000, 0x3000, 0x99C0, 0xECCE,
  0xFE35, 0xF614, 0xF634, 0xF615, 0xF594, 0xE3AD, 0xD8E3, 0xE000,
  0xE000, 0xE800, 0xF000, 0xF8E5, 0xFAEC, 0xF493, 0xDC93, 0x92CC,
  0x5061, 0x5800, 0x6800, 0x8000, 0xB020, 0xC840, 0xC860, 0xD142,
  0x7860, 0x4000, 0x2000, 0x1800, 0x1000, 0x0800, 0x0821, 0x0821,
  0x0821, 0x0821, 0x0821, 0x0821, 0x0821, 0x0821, 0x0821, 0x0821,
  0x0821, 0x0821, 0x0821, 0x0821, 0x0821, 0x0821, 0x0821, 0x0821,
  0x0821, 0x0821, 0x0821, 0x0821, 0x0821, 0x0821, 0x0821, 0x0821,
  0x0821, 0x0821, 0x0821, 0x0821, 0x0821, 0x0821, 0x0821, 0x0821,
  0x0821, 0x0821, 0x0821, 0x0821, 0x0821, 0x0821, 0x0821, 0x0821,
  0x0821, 0x0821, 0x0821, 0x0821, 0x0821, 0x0821, 0x0821, 0x0821,
  0x0821, 0x0821, 0x0821, 0x0821, 0x0821, 0x0821, 0x0821, 0x0821,
  0x0020, 0x0821, 0x0821, 0x0821, 0x0821, 0x0821, 0x0821, 0x0821,
  0x0821, 0x0821, 0x0821, 0x0821, 0x0821, 0x0821, 0x0821, 0x0821,
  0x0821, 0x0821, 0x0821, 0x0821, 0x0821, 0x0821, 0x0821, 0x0821,
  0x0821, 0x0821, 0x0821, 0x0821, 0x0821, 0x0821, 0x0821, 0x0821,
  0x0821, 0x0821, 0x0821, 0x0821, 0x0821, 0x0821, 0x0821, 0x0821,
  0x0821, 0x0821, 0x0821, 0x0821, 0x0821, 0x0020, 0x0020, 0x0020,
  0x0102, 0x00C1, 0x0081, 0x0020, 0x0020, 0x0020, 0x0020, 0x0020,
  0x0081, 0x0020, 0x0020, 0x0020, 0x0821, 0x0821, 0x0821, 0x0821,
  0x0821, 0x0821, 0x00C0, 0x00E1, 0x0040, 0x0821, 0x0821, 0x0821,
  0x0821, 0x0821, 0x0821, 0x0821, 0x0020, 0x0821, 0x0821, 0x0821,
  0x0821, 0x0821, 0x0821, 0x0821, 0x0821, 0x0821, 0x0821, 0x0821,
  0x0821, 0x0821, 0x0820, 0x0821, 0x0821, 0x0821, 0x0020, 0x00E0,
  0x0180, 0x0060, 0x0040, 0x0040, 0x0140, 0x0160, 0x0040, 0x0820,
  0x0821, 0x0821, 0x0821, 0x0820, 0x1820, 0x0821, 0x0821, 0x0821,
  0x0821, 0x0020, 0x0821, 0x0821, 0x0821, 0x0821, 0x0821, 0x0821,
  0x0821, 0x0821, 0x0821, 0x0821, 0x0020, 0x0821, 0x0821, 0x0821,
  0x0821, 0x0821, 0x0821, 0x0821, 0x0821, 0x0821, 0x0821, 0x0821,
  0x0821, 0x0821, 0x0821, 0x0020, 0x0821, 0x1020, 0x0821, 0x0821,
  0x0821, 0x0820, 0x0821, 0x0821, 0x1020, 0x0821, 0x0800, 0x0821,
  0x0821, 0x30E0, 0x0821, 0x1040, 0x0821, 0x0821, 0x0821, 0x0800,
  0x0821, 0x0821, 0x0821, 0x0821, 0x0821, 0x0821, 0x0821, 0x0821,
  0x0821, 0x0821, 0x0821, 0x0821, 0x0821, 0x0821, 0x0821, 0x0821,
  0x0821, 0x0821, 0x0821, 0x0821, 0x0821, 0x0821, 0x1000, 0x0821,
  0x0821, 0x0800, 0x0800, 0x0800, 0x0800, 0x0800, 0x2000, 0x2000,
  0x1800, 0x99E1, 0xFE14, 0xEDD4, 0xD40B, 0xC38A, 0xBB6A, 0xBB4A,
  0xBB8C, 0xCCF2, 0xDD74, 0xE513, 0xCAEA, 0xC040, 0xC000, 0xC800,
  0xD000, 0xE000, 0xF0A3, 0xFAED, 0xE390, 0x92AB, 0x4000, 0x5000,
  0x6000, 0x8800, 0xB840, 0xB840, 0xB080, 0x6020, 0x4000, 0x2000,
  0x1000, 0x0800, 0x0800, 0x0821, 0x0821, 0x0821, 0x0821, 0x0821,
  0x0821, 0x0821, 0x0821, 0x0821, 0x0821, 0x0821, 0x0821, 0x0821,
  0x0821, 0x0821, 0x0821, 0x0821, 0x0821, 0x0821, 0x0821, 0x0821,
  0x0821, 0x0821, 0x0821, 0x0821, 0x0821, 0x0821, 0x0821, 0x0821,
  0x0821, 0x0821, 0x0821, 0x0821, 0x0821, 0x0821, 0x0821, 0x0821,
  0x0821, 0x0821, 0x0821, 0x0821, 0x0821, 0x0821, 0x0821, 0x0821,
  0x0821, 0x0821, 0x0821, 0x0821, 0x0821, 0x0821, 0x0821, 0x0821,
  0x0821, 0x0821, 0x0020, 0x0021, 0x0021, 0x0021, 0x0021, 0x0021,
  0x0021, 0x0021, 0x0821, 0x0821, 0x0821, 0x0821, 0x0821, 0x0821,
  0x0821, 0x0821, 0x0821, 0x0821, 0x0821, 0x0821, 0x0821, 0x0821,
  0x0821, 0x0821, 0x0821, 0x0821, 0x0821, 0x0821, 0x0821, 0x0821,
  0x0001, 0x0022, 0x0821, 0x0821, 0x0821, 0x0821, 0x0821, 0x0821,
  0x0821, 0x0821, 0x0821, 0x0821, 0x0821, 0x0821, 0x0821, 0x0020,
  0x0020, 0x0020, 0x0020, 0x0021, 0x0021, 0x0020, 0x0020, 0x0020,
  0x0021, 0x0020, 0x0020, 0x0020, 0x0061, 0x0020, 0x0020, 0x0020,
  0x0020, 0x0020, 0x0821, 0x0080, 0x0821, 0x0020, 0x0060, 0x0020,
  0x0081, 0x0821, 0x0821, 0x0821, 0x0821, 0x0821, 0x0821, 0x0821,
  0x0020, 0x0821, 0x0821, 0x0821, 0x0821, 0x0020, 0x20C0, 0x0821,
  0x00C0, 0x00E0, 0x00E0, 0x0100, 0x0100, 0x0100, 0x0100, 0x0120,
  0x0120, 0x0120, 0x0120, 0x0120, 0x0120, 0x0120, 0x0120, 0x0140,
  0x0940, 0x0940, 0x0940, 0x0940, 0x0140, 0x0140, 0x0940, 0x0940,
  0x1140, 0x0940, 0x0940, 0x0120, 0x00E0, 0x0821, 0x0821, 0x0821,
  0x0821, 0x0821, 0x0821, 0x0821, 0x0821, 0x0821, 0x2080, 0x0821,
  0x0821, 0x0821, 0x1880, 0x0821, 0x0020, 0x0020, 0x0821, 0x0821,
  0x0821, 0x0821, 0x0821, 0x0860, 0x28E0, 0x1020, 0x0821, 0x0821,
  0x0821, 0x0820, 0x0821, 0x0020, 0x0821, 0x0821, 0x0821, 0x0820,
  0x1040, 0x0821, 0x2060, 0x0821, 0x0821, 0x0821, 0x0821, 0x0821,
  0x0821, 0x0821, 0x0821, 0x0821, 0x0821, 0x0821, 0x0821, 0x0821,
  0x0821, 0x0821, 0x0821, 0x0821, 0x0821, 0x0820, 0x0820, 0x0820,
  0x0821, 0x0820, 0x0800, 0x0821, 0x0821, 0x0821, 0x0821, 0x0821,
  0x0821, 0x0800, 0x1020, 0x0800, 0x0800, 0x0800, 0x0800, 0x0800,
  0x1000, 0x1000, 0x0800, 0x2800, 0x3060, 0xE531, 0xE5B4, 0xC3AB,
  0xBB8A, 0xAB29, 0xA32A, 0x9B0A, 0x92CA, 0x92A9, 0x9289, 0x9ACB,
  0xBC71, 0xCCB2, 0xC3CF, 0xA124, 0xA000, 0xA800, 0xB800, 0xC800,
  0xD800, 0xE1E9, 0xC1C9, 0x5883, 0x3800, 0x4800, 0x7000, 0xA040,
  0xA040, 0x9060, 0x5000, 0x3800, 0x1800, 0x1000, 0x0800, 0x0800,
  0x0821, 0x0821, 0x0821, 0x0821, 0x0821, 0x0821, 0x0821, 0x0821,
  0x0821, 0x0821, 0x0821, 0x0821, 0x0821, 0x0821, 0x0821, 0x0821,
  0x0821, 0x0821, 0x0821, 0x0821, 0x0821, 0x0821, 0x0821, 0x0821,
  0x0821, 0x0821, 0x0821, 0x0821, 0x0821, 0x0001, 0x0821, 0x0821,
  0x0821, 0x0821, 0x0821, 0x0001, 0x0821, 0x0001, 0x0044, 0x0821,
  0x0821, 0x0821, 0x0821, 0x0821, 0x0821, 0x0821, 0x0821, 0x0821,
  0x0821, 0x0821, 0x0821, 0x0821, 0x0821, 0x0821, 0x0020, 0x0021,
  0x0021, 0x0021, 0x0021, 0x0021, 0x0021, 0x0001, 0x0021, 0x0021,
  0x0001, 0x0001, 0x0821, 0x0821, 0x0821, 0x0821, 0x0821, 0x0821,
  0x0821, 0x0821, 0x0821, 0x0821, 0x0821, 0x0821, 0x0821, 0x0821,
  0x0821, 0x0821, 0x0043, 0x0084, 0x0022, 0x0001, 0x0821, 0x0821,
  0x0821, 0x0821, 0x0821, 0x0001, 0x0042, 0x0821, 0x0821, 0x0821,
  0x0021, 0x0020, 0x0020, 0x0020, 0x0020, 0x0020, 0x0021, 0x0021,
  0x0021, 0x0021, 0x0081, 0x00C2, 0x0021, 0x0020, 0x0020, 0x0020,
  0x0040, 0x0020, 0x0040, 0x0020, 0x0020, 0x0020, 0x0020, 0x0020,
  0x0821, 0x0821, 0x0821, 0x0821, 0x0081, 0x0821, 0x0821, 0x0821,
  0x0821, 0x0821, 0x0821, 0x0821, 0x0821, 0x0821, 0x0821, 0x0821,
  0x0020, 0x10A0, 0x31A0, 0x0821, 0x0980, 0x0120, 0x0120, 0x0120,
  0x0140, 0x0140, 0x0160, 0x0160, 0x0180, 0x0180, 0x0180, 0x0180,
  0x0160, 0x0160, 0x0160, 0x0180, 0x0180, 0x0180, 0x0180, 0x0180,
  0x0180, 0x0180, 0x0160, 0x0140, 0x0140, 0x0140, 0x0140, 0x0140,
  0x0160, 0x0020, 0x0821, 0x0821, 0x0020, 0x0821, 0x0020, 0x0821,
  0x0821, 0x0821, 0x0821, 0x0821, 0x0820, 0x0821, 0x0821, 0x1860,
  0x0020, 0x0821, 0x0821, 0x0020, 0x0020, 0x0821, 0x0821, 0x0821,
  0x0821, 0x0821, 0x0821, 0x0020, 0x0020, 0x1860, 0x0821, 0x0821,
  0x0821, 0x0821, 0x0821, 0x0820, 0x0820, 0x0821, 0x1040, 0x0820,
  0x0821, 0x0821, 0x0821, 0x0821, 0x0821, 0x0821, 0x0800, 0x0821,
  0x0821, 0x0821, 0x0821, 0x0821, 0x0821, 0x0821, 0x0821, 0x0821,
  0x0821, 0x0821, 0x0821, 0x0821, 0x0821, 0x0821, 0x1020, 0x0821,
  0x0821, 0x0821, 0x0821, 0x0821, 0x0821, 0x1000, 0x0800, 0x0800,
  0x0800, 0x0800, 0x1000, 0x1000, 0x1000, 0x1000, 0x0800, 0x1820,
  0xC3EB, 0xEDD4, 0xBB8A, 0xB34A, 0xB2A8, 0xDB50, 0xC30F, 0x82A9,
  0x8289, 0x7A69, 0x7A49, 0x7229, 0x7209, 0x7209, 0x82ED, 0xAC31,
  0xB3CF, 0x89C7, 0x7800, 0x8800, 0x9800, 0xB000, 0xC800, 0xD0C5,
  0x78A4, 0x3000, 0x4000, 0x5800, 0x9040, 0x9040, 0x6840, 0x4000,
  0x3000, 0x3000, 0x2000, 0x0800, 0x0821, 0x0821, 0x0821, 0x0821,
  0x0821, 0x0821, 0x0821, 0x0821, 0x0821, 0x0821, 0x0821, 0x0821,
  0x0821, 0x0821, 0x0821, 0x0821, 0x0821, 0x0821, 0x0821, 0x0821,
  0x0821, 0x0821, 0x0821, 0x0821, 0x0821, 0x0821, 0x0821, 0x0821,
  0x0821, 0x0821, 0x0821, 0x0821, 0x0821, 0x0821, 0x0821, 0x0021,
  0x0821, 0x0821, 0x0001, 0x0821, 0x0021, 0x0023, 0x0821, 0x0821,
  0x0821, 0x0001, 0x0821, 0x0821, 0x0821, 0x0821, 0x0821, 0x0022,
  0x0821, 0x0821, 0x0001, 0x0021, 0x0001, 0x0021, 0x0001, 0x0001,
  0x0001, 0x0021, 0x0021, 0x0021, 0x0022, 0x0022, 0x0022, 0x0021,
  0x0021, 0x0021, 0x0021, 0x0021, 0x0001, 0x0001, 0x0022, 0x0821,
  0x0821, 0x0821, 0x0821, 0x0821, 0x0821, 0x0065, 0x0063, 0x0821,
  0x0001, 0x0821, 0x0821, 0x0821, 0x0022, 0x0021, 0x0821, 0x0821,
  0x0821, 0x0821, 0x0821, 0x0821, 0x0083, 0x0020, 0x0041, 0x0145,
  0x0021, 0x0021, 0x0062, 0x0062, 0x0021, 0x0021, 0x0041, 0x0041,
  0x0021, 0x0021, 0x0021, 0x0020, 0x0041, 0x0020, 0x0040, 0x0020,
  0x0020, 0x0020, 0x0020, 0x0821, 0x0020, 0x0821, 0x0020, 0x0020,
  0x0020, 0x0821, 0x0020, 0x0821, 0x0821, 0x0821, 0x0821, 0x0821,
  0x0821, 0x0821, 0x0821, 0x0020, 0x0821, 0x0040, 0x0840, 0x0821,
  0x0980, 0x0140, 0x0160, 0x1AE1, 0x2301, 0x1AC1, 0x1260, 0x01C0,
  0x0A60, 0x2342, 0x1AE1, 0x01C0, 0x01E0, 0x1B01, 0x2301, 0x1AE1,
  0x01E0, 0x01C0, 0x12A0, 0x1AC1, 0x1AE2, 0x0A20, 0x01E0, 0x1AE2,
  0x2302, 0x01C0, 0x0160, 0x0160, 0x01A0, 0x0020, 0x0821, 0x0821,
  0x0821, 0x0020, 0x0821, 0x0020, 0x0821, 0x0821, 0x0821, 0x0821,
  0x0821, 0x0821, 0x30C0, 0x0020, 0x0821, 0x0020, 0x0821, 0x38C0,
  0x0020, 0x0821, 0x0821, 0x0821, 0x0020, 0x0020, 0x0821, 0x0020,
  0x0821, 0x20A0, 0x0821, 0x0821, 0x0821, 0x0820, 0x2080, 0x0820,
  0x0820, 0x0821, 0x0821, 0x0821, 0x0821, 0x0821, 0x0821, 0x0821,
  0x0821, 0x0821, 0x2080, 0x0800, 0x0800, 0x0821, 0x0821, 0x0821,
  0x0821, 0x0820, 0x0821, 0x0821, 0x0821, 0x0821, 0x0821, 0x0821,
  0x0821, 0x0821, 0x0821, 0x0821, 0x0821, 0x0821, 0x0821, 0x0821,
  0x0800, 0x0800, 0x0800, 0x0800, 0x0800, 0x1000, 0x3800, 0x0800,
  0x1000, 0x1020, 0x1020, 0x9AC5, 0xF636, 0xC38A, 0xAB29, 0x9AE9,
  0xB206, 0xD2AD, 0x922A, 0x7269, 0x7269, 0x6A49, 0x6A2A, 0x620A,
  0x620A, 0x59EA, 0x59C9, 0x59C9, 0x620B, 0x9390, 0xA3F2, 0x820A,
  0x7021, 0x8000, 0x9800, 0xB000, 0xD042, 0x9821, 0x3800, 0x3000,
  0x5800, 0x8020, 0x6800, 0x4000, 0x3800, 0x3020, 0x0800, 0x0800,
  0x0821, 0x0821, 0x0821, 0x0821, 0x0821, 0x0821, 0x0821, 0x0821,
  0x0821, 0x0821, 0x0821, 0x0821, 0x0821, 0x0821, 0x0821, 0x0821,
  0x0821, 0x0821, 0x0821, 0x0821, 0x0821, 0x0821, 0x0821, 0x0821,
  0x0821, 0x0821, 0x0821, 0x0821, 0x0821, 0x0821, 0x0821, 0x0821,
  0x0001, 0x0821, 0x0821, 0x0821, 0x0021, 0x0001, 0x0821, 0x0021,
  0x0821, 0x0821, 0x0821, 0x0821, 0x0044, 0x0023, 0x0821, 0x0821,
  0x0001, 0x0821, 0x0821, 0x0001, 0x0001, 0x0001, 0x0001, 0x0021,
  0x0022, 0x0022, 0x0022, 0x0022, 0x0021, 0x0043, 0x0022, 0x0022,
  0x0021, 0x0001, 0x0001, 0x0001, 0x0001, 0x0001, 0x0001, 0x0821,
  0x0821, 0x0821, 0x0001, 0x0001, 0x0001, 0x0001, 0x0001, 0x0001,
  0x0001, 0x0001, 0x0001, 0x0001, 0x0001, 0x0001, 0x0001, 0x0001,
  0x0001, 0x0021, 0x0001, 0x0821, 0x0821, 0x0821, 0x0821, 0x0821,
  0x0001, 0x0021, 0x0021, 0x00C4, 0x0021, 0x0021, 0x0021, 0x0082,
  0x0021, 0x00E2, 0x0081, 0x0021, 0x0041, 0x0041, 0x0041, 0x0021,
  0x0021, 0x0021, 0x0020, 0x0020, 0x0020, 0x0020, 0x0821, 0x0821,
  0x0821, 0x00C1, 0x0020, 0x0020, 0x0020, 0x0020, 0x0821, 0x0821,
  0x0020, 0x0040, 0x01C0, 0x0220, 0x0200, 0x0200, 0x0220, 0x01C0,
  0x0120, 0x0120, 0x0100, 0x00A0, 0x01A0, 0x0140, 0x0180, 0x6EC8,
  0x5E46, 0x5605, 0x4543, 0x2362, 0x6EC7, 0x6667, 0x6EC7, 0x44E4,
  0x2BC2, 0x6F27, 0x5E46, 0x5E66, 0x55C5, 0x0AC0, 0x5EA6, 0x6667,
  0x7F49, 0x44C5, 0x4524, 0x6EE7, 0x6EA8, 0x6647, 0x01C0, 0x0180,
  0x01E0, 0x0080, 0x00A0, 0x00C0, 0x00C0, 0x00E0, 0x0120, 0x0140,
  0x0120, 0x08E0, 0x0040, 0x0020, 0x0821, 0x0821, 0x0821, 0x0821,
  0x0821, 0x0820, 0x0821, 0x2860, 0x0821, 0x0821, 0x0821, 0x0821,
  0x0020, 0x0020, 0x0821, 0x0821, 0x18A0, 0x2080, 0x0821, 0x0821,
  0x0821, 0x0821, 0x0821, 0x0820, 0x1040, 0x0820, 0x1040, 0x0820,
  0x0821, 0x0821, 0x0821, 0x0821, 0x0821, 0x0821, 0x0821, 0x0821,
  0x3080, 0x0821, 0x0821, 0x2060, 0x0821, 0x0820, 0x0820, 0x0821,
  0x0821, 0x0821, 0x0820, 0x0821, 0x0821, 0x0821, 0x0821, 0x1000,
  0x3020, 0x0800, 0x0820, 0x0800, 0x0820, 0x0800, 0x0800, 0x0800,
  0x0800, 0x0800, 0x3840, 0x1800, 0x0800, 0x1020, 0x7201, 0xF634,
  0xCC0C, 0xAB29, 0x9AE8, 0x8AC8, 0x82A8, 0x7227, 0x6A48, 0x6249,
  0x6229, 0x5A2A, 0x5A0A, 0x5A0A, 0x51EA, 0x51CA, 0x49CA, 0x49CA,
  0x49AA, 0x41AA, 0x49AB, 0x8371, 0x8B51, 0x718A, 0x7001, 0x8800,
  0xA000, 0xB800, 0x4000, 0x3000, 0x3000, 0x5800, 0x5800, 0x4000,
  0x3000, 0x2800, 0x0800, 0x0800, 0x0821, 0x0821, 0x0821, 0x0821,
  0x0821, 0x0821, 0x0821, 0x0821, 0x0821, 0x0821, 0x0821, 0x0821,
  0x0821, 0x0821, 0x0821, 0x0821, 0x0821, 0x0821, 0x0821, 0x0821,
  0x0821, 0x0821, 0x0821, 0x0821, 0x0821, 0x0821, 0x0821, 0x0821,
  0x0821, 0x0821, 0x0821, 0x0821, 0x0001, 0x0001, 0x00C7, 0x0022,
  0x0001, 0x0001, 0x0021, 0x0001, 0x00E9, 0x0044, 0x0821, 0x0821,
  0x0021, 0x0023, 0x0066, 0x0045, 0x0066, 0x0066, 0x0045, 0x0065,
  0x0065, 0x0065, 0x0066, 0x0086, 0x0086, 0x0086, 0x00A7, 0x00A8,
  0x00C8, 0x00C8, 0x00C8, 0x00C9, 0x00C9, 0x00C9, 0x00C9, 0x00C9,
  0x00C9, 0x00C9, 0x00C8, 0x00C9, 0x00C9, 0x00A8, 0x00A8, 0x00A7,
  0x00A7, 0x00A7, 0x00A7, 0x00A7, 0x00A7, 0x00C8, 0x00A8, 0x00A8,
  0x00A7, 0x00A7, 0x00A7, 0x0087, 0x0087, 0x0086, 0x0086, 0x0086,
  0x0066, 0x0066, 0x0065, 0x0065, 0x0065, 0x0065, 0x0065, 0x0065,
  0x0086, 0x0085, 0x0085, 0x0085, 0x0064, 0x01A4, 0x0081, 0x0041,
  0x0062, 0x0041, 0x0041, 0x0041, 0x0041, 0x0021, 0x0041, 0x0020,
  0x0020, 0x0060, 0x0020, 0x0040, 0x0020, 0x0020, 0x0020, 0x0020,
  0x0020, 0x0821, 0x0821, 0x0020, 0x0040, 0x0200, 0x856C, 0xAED0,
  0x966E, 0x964D, 0x862C, 0x860B, 0x7DEB, 0x75A9, 0x55C6, 0x4603,
  0x1340, 0x0140, 0x0180, 0x6EA8, 0x1B02, 0x0180, 0x01A0, 0x44A5,
  0x76A8, 0x0200, 0x0A40, 0x1280, 0x2BE3, 0x6EA7, 0x0220, 0x0A80,
  0x66A6, 0x0AA0, 0x2382, 0x3404, 0x7F2A, 0x2362, 0x2C02, 0x23C2,
  0x12E1, 0x772A, 0x1AA1, 0x01A0, 0x0A20, 0x7DC8, 0x7DE9, 0x85C9,
  0x85AA, 0x85AB, 0x858C, 0x858C, 0x854C, 0x74EA, 0x4C06, 0x0AA0,
  0x0140, 0x0821, 0x0820, 0x0820, 0x0821, 0x0821, 0x0821, 0x1020,
  0x0821, 0x0821, 0x0821, 0x0821, 0x0020, 0x0820, 0x1040, 0x0820,
  0x0020, 0x1840, 0x0020, 0x0821, 0x0020, 0x0020, 0x0821, 0x0020,
  0x0820, 0x0020, 0x0020, 0x0820, 0x0821, 0x2040, 0x0821, 0x0020,
  0x0821, 0x0800, 0x0821, 0x2040, 0x0020, 0x0020, 0x1020, 0x0821,
  0x1040, 0x0020, 0x0020, 0x0820, 0x0820, 0x0820, 0x0800, 0x0800,
  0x0800, 0x0800, 0x0800, 0x0800, 0x0800, 0x0800, 0x0820, 0x0820,
  0x2020, 0x1800, 0x0800, 0x0800, 0x0800, 0x0800, 0x1820, 0x1000,
  0x1000, 0x30A0, 0xE591, 0xD510, 0xAB49, 0x9B09, 0x8AC8, 0x7AA8,
  0x7268, 0x6A48, 0x6228, 0x5A09, 0x5209, 0x520A, 0x49EA, 0x49EA,
  0x49CA, 0x41CA, 0x41AA, 0x39AA, 0x39AA, 0x398A, 0x316A, 0x316A,
  0x396A, 0x62D0, 0x6AB0, 0x6128, 0x5800, 0x4000, 0x2800, 0x2800,
  0x3000, 0x70C0, 0x70C0, 0x4800, 0x4000, 0x2000, 0x1800, 0x0800,
  0x0821, 0x0821, 0x0821, 0x0821, 0x0821, 0x0821, 0x0821, 0x0821,
  0x0821, 0x0821, 0x0821, 0x0821, 0x0821, 0x0821, 0x0821, 0x0821,
  0x0821, 0x0821, 0x0821, 0x0821, 0x0821, 0x0821, 0x0821, 0x0821,
  0x0821, 0x0022, 0x0821, 0x0821, 0x0821, 0x0821, 0x0821, 0x0821,
  0x0821, 0x0001, 0x00A6, 0x0021, 0x0001, 0x0821, 0x0821, 0x0001,
  0x0023, 0x0001, 0x0821, 0x0084, 0x0023, 0x0088, 0x0043, 0x0022,
  0x0021, 0x0043, 0x0043, 0x0042, 0x0042, 0x0043, 0x0043, 0x0044,
  0x0043, 0x0043, 0x0064, 0x0064, 0x0064, 0x0064, 0x0044, 0x0044,
  0x0064, 0x0064, 0x0064, 0x0064, 0x0064, 0x0064, 0x0064, 0x0064,
  0x0064, 0x0064, 0x0064, 0x0064, 0x0064, 0x0064, 0x0064, 0x0064,
  0x0064, 0x0064, 0x0064, 0x0064, 0x0064, 0x0064, 0x0043, 0x0043,
  0x0043, 0x0043, 0x0043, 0x0043, 0x0043, 0x0043, 0x0022, 0x0042,
  0x0042, 0x0042, 0x0042, 0x0042, 0x0043, 0x0063, 0x0063, 0x0064,
  0x00A5, 0x0083, 0x0041, 0x0041, 0x0041, 0x0041, 0x0041, 0x0041,
  0x0041, 0x0041, 0x0021, 0x0020, 0x0020, 0x0060, 0x0020, 0x0040,
  0x0020, 0x0020, 0x0060, 0x0020, 0x0020, 0x0821, 0x0821, 0x0821,
  0x0821, 0x0240, 0xBF13, 0x2403, 0x1261, 0x0A00, 0x01E0, 0x01C0,
  0x01C0, 0x01C0, 0x01C0, 0x01E0, 0x01C0, 0x0140, 0x0180, 0x6EC8,
  0x5E26, 0x55C4, 0x3442, 0x1AC2, 0x76C9, 0x76A9, 0x65C8, 0x2302,
  0x33E3, 0x7708, 0x4D25, 0x4544, 0x5E46, 0x0220, 0x0220, 0x7EEA,
  0x76A9, 0x12A1, 0x0200, 0x0240, 0x4DA6, 0x6648, 0x01E0, 0x0180,
  0x01A0, 0x33A3, 0x3BC4, 0x3BA5, 0x43A5, 0x4BC6, 0x4BE6, 0x4C07,
  0x64A9, 0x7D4B, 0x9E0E, 0xAEAF, 0x74E9, 0x0A40, 0x0821, 0x0820,
  0x0820, 0x0821, 0x0821, 0x0821, 0x0821, 0x0800, 0x0821, 0x0821,
  0x0020, 0x0820, 0x51E0, 0x72A0, 0x0820, 0x0820, 0x2880, 0x1840,
  0x0820, 0x0020, 0x0820, 0x0820, 0x1040, 0x0820, 0x1020, 0x0821,
  0x1840, 0x38E0, 0x2060, 0x0820, 0x0800, 0x0800, 0x0820, 0x1020,
  0x0800, 0x0820, 0x0800, 0x0800, 0x0820, 0x1020, 0x0820, 0x0820,
  0x0820, 0x0800, 0x0800, 0x0820, 0x0800, 0x0800, 0x0800, 0x0800,
  0x0800, 0x0800, 0x1820, 0x1820, 0x0800, 0x0800, 0x3800, 0x3000,
  0x1800, 0x1000, 0x1820, 0x0800, 0x1840, 0xBC2B, 0xE5D3, 0xB349,
  0x9B09, 0x82C9, 0x7AA9, 0x6A68, 0x6248, 0x5A28, 0x5209, 0x5209,
  0x49E9, 0x49EA, 0x41CA, 0x41CA, 0x39AA, 0x39AA, 0x31AA, 0x318A,
  0x298A, 0x298A, 0x296A, 0x216A, 0x2149, 0x2129, 0x212A, 0x4AB0,
  0x4270, 0x1885, 0x1800, 0x1800, 0x2800, 0x4800, 0x3800, 0x3000,
  0x2800, 0x1800, 0x2000, 0x0800, 0x0821, 0x0821, 0x0821, 0x0821,
  0x0821, 0x0821, 0x0821, 0x0821, 0x0821, 0x0821, 0x0821, 0x0821,
  0x0821, 0x0821, 0x0821, 0x0821, 0x0821, 0x0821, 0x0821, 0x0821,
  0x0821, 0x0821, 0x0821, 0x0821, 0x0821, 0x0821, 0x0821, 0x0821,
  0x0043, 0x0063, 0x0821, 0x0821, 0x0821, 0x0821, 0x0021, 0x0821,
  0x0021, 0x0021, 0x0001, 0x0021, 0x0001, 0x0821, 0x0001, 0x0044,
  0x0089, 0x0044, 0x0065, 0x0044, 0x0042, 0x0042, 0x0043, 0x0043,
  0x0064, 0x00A7, 0x0065, 0x0064, 0x0064, 0x0085, 0x0085, 0x0085,
  0x0085, 0x0085, 0x0085, 0x0085, 0x0085, 0x0085, 0x0085, 0x0085,
  0x00A6, 0x0085, 0x0085, 0x0085, 0x0085, 0x0085, 0x0085, 0x0085,
  0x0085, 0x0085, 0x0085, 0x0085, 0x0085, 0x0085, 0x0085, 0x0085,
  0x0085, 0x0084, 0x0084, 0x0064, 0x0086, 0x0086, 0x0064, 0x0043,
  0x0043, 0x0064, 0x0043, 0x0043, 0x0043, 0x0063, 0x0063, 0x0064,
  0x0043, 0x0063, 0x0063, 0x0084, 0x0084, 0x00C6, 0x00E5, 0x0062,
  0x0082, 0x0144, 0x0061, 0x0041, 0x0041, 0x0041, 0x0041, 0x0021,
  0x0061, 0x0040, 0x0081, 0x00A1, 0x0020, 0x0020, 0x0020, 0x0821,
  0x0040, 0x0821, 0x0821, 0x0821, 0x0821, 0x1261, 0xA693, 0x01C0,
  0x0821, 0x0821, 0x0821, 0x0821, 0x0821, 0x0821, 0x0821, 0x0821,
  0x0160, 0x0140, 0x0180, 0x6EC9, 0x3463, 0x2381, 0x12C0, 0x01E0,
  0x0240, 0x3C04, 0x7669, 0x6E48, 0x3403, 0x7F08, 0x44C4, 0x3C83,
  0x1AC1, 0x01E0, 0x0200, 0x12C1, 0x6668, 0x4D46, 0x0220, 0x4DE6,
  0x5E87, 0x1281, 0x01A0, 0x0180, 0x0160, 0x0020, 0x0821, 0x0821,
  0x0020, 0x0020, 0x0020, 0x0020, 0x0020, 0x00A0, 0x09E0, 0x1AE1,
  0x85AB, 0x7DAB, 0x1240, 0x0821, 0x0020, 0x0020, 0x0821, 0x0821,
  0x0821, 0x0821, 0x0821, 0x0821, 0x0020, 0x0821, 0x0820, 0x1060,
  0x0820, 0x2060, 0x1840, 0x1040, 0x1020, 0x1880, 0x4180, 0x6A80,
  0x8360, 0x93E0, 0x9400, 0x9C60, 0xB4E1, 0xBD01, 0xBD21, 0xBCC0,
  0xB460, 0xABE0, 0xABC0, 0xA380, 0x9320, 0x82A0, 0x61C0, 0x5120,
  0x3880, 0x1820, 0x0821, 0x0820, 0x0820, 0x0800, 0x0800, 0x0820,
  0x0800, 0x0800, 0x0800, 0x0800, 0x0800, 0x0800, 0x0800, 0x0800,
  0x0800, 0x0800, 0x0820, 0x2820, 0x0800, 0x0800, 0x0800, 0x3880,
  0x9AA5, 0xEE36, 0xB389, 0x9B28, 0x82C9, 0x7AC9, 0x6AA9, 0x5A49,
  0x5229, 0x5209, 0x49E9, 0x41E9, 0x41EA, 0x41CA, 0x39AA, 0x39AA,
  0x31AA, 0x318A, 0x298A, 0x218A, 0x218A, 0x21AB, 0x3ACC, 0x3ACC,
  0x2A4B, 0x1929, 0x1109, 0x1109, 0x21CC, 0x3B32, 0x10A6, 0x1000,
  0x2000, 0x1800, 0x3800, 0x2000, 0x2000, 0x1800, 0x1000, 0x1800,
  0x0800, 0x0821, 0x0821, 0x0821, 0x0821, 0x0821, 0x0821, 0x0821,
  0x0821, 0x0821, 0x0821, 0x0821, 0x0821, 0x0821, 0x0821, 0x0821,
  0x0821, 0x0821, 0x0821, 0x0821, 0x0821, 0x0821, 0x0821, 0x0821,
  0x0821, 0x0821, 0x0821, 0x0821, 0x0821, 0x0021, 0x0001, 0x0022,
  0x0042, 0x0021, 0x0022, 0x0021, 0x0021, 0x0021, 0x0022, 0x0001,
  0x0022, 0x0022, 0x0066, 0x00A9, 0x0044, 0x0023, 0x0044, 0x0042,
  0x0042, 0x0043, 0x0043, 0x0043, 0x0063, 0x0064, 0x0085, 0x0085,
  0x0086, 0x0085, 0x0085, 0x0085, 0x0085, 0x0085, 0x0085, 0x0086,
  0x00A6, 0x00A6, 0x00A6, 0x00A6, 0x00A6, 0x00A6, 0x00A6, 0x00A6,
  0x00A6, 0x00A6, 0x00A6, 0x00A6, 0x00A6, 0x00A6, 0x00A6, 0x00A6,
  0x00A6, 0x00A6, 0x00A6, 0x0085, 0x0085, 0x0086, 0x0085, 0x0085,
  0x0085, 0x0085, 0x0064, 0x0064, 0x0063, 0x0063, 0x0043, 0x0043,
  0x0063, 0x0063, 0x0063, 0x0063, 0x0063, 0x0063, 0x0063, 0x0083,
  0x0084, 0x00A4, 0x00E6, 0x00C4, 0x00A2, 0x0082, 0x0061, 0x0061,
  0x0061, 0x0041, 0x0041, 0x0041, 0x0041, 0x0040, 0x0122, 0x00E1,
  0x0020, 0x0020, 0x0060, 0x0020, 0x0020, 0x0821, 0x0060, 0x0901,
  0x0020, 0x1241, 0xAE94, 0x01A0, 0x0060, 0x0020, 0x0821, 0x0821,
  0x0821, 0x0821, 0x0020, 0x0821, 0x0140, 0x0120, 0x0160, 0x6EC9,
  0x3C84, 0x2BE2, 0x2341, 0x2361, 0x4D85, 0x3443, 0x55A6, 0x6668,
  0x3423, 0x76A8, 0x0180, 0x0180, 0x01A0, 0x2341, 0x5E06, 0x44C4,
  0x66A8, 0x4525, 0x4D66, 0x6F28, 0x3483, 0x2C02, 0x0200, 0x0180,
  0x0160, 0x0821, 0x0821, 0x0820, 0x2060, 0x0821, 0x0821, 0x0820,
  0x0020, 0x0020, 0x0840, 0x0040, 0x09E0, 0x85AD, 0x6D09, 0x00E0,
  0x0820, 0x0020, 0x0821, 0x20C0, 0x20C0, 0x0820, 0x0821, 0x0020,
  0x0840, 0x1840, 0x4960, 0x7AE0, 0xA440, 0xBD01, 0xC560, 0xC4C0,
  0xBCA0, 0xBCC0, 0xB460, 0xA400, 0xA400, 0x9380, 0x82E0, 0x82C0,
  0x7AA0, 0x7240, 0x7240, 0x69E0, 0x61C0, 0x61C0, 0x61C0, 0x59C0,
  0x61E0, 0x7A40, 0x7A00, 0x89C0, 0x99A0, 0xA160, 0x9920, 0x98A0,
  0x8860, 0x8060, 0x7020, 0x3020, 0x0800, 0x0800, 0x0800, 0x0800,
  0x0800, 0x0800, 0x0820, 0x0820, 0x0800, 0x0800, 0x0800, 0x0800,
  0x1020, 0x3000, 0x1800, 0x6940, 0xED92, 0xBBEC, 0x9B08, 0x8B09,
  0x72E9, 0x5227, 0x3164, 0x3165, 0x41E8, 0x41E9, 0x41C9, 0x39C9,
  0x39CA, 0x31AA, 0x31AA, 0x318A, 0x298A, 0x298A, 0x218A, 0x198A,
  0x19AB, 0x3B6C, 0x2D28, 0x2E48, 0x2448, 0x128A, 0x0989, 0x0929,
  0x0929, 0x1A0C, 0x3B52, 0x1043, 0x1000, 0x1000, 0x2000, 0x2000,
  0x2000, 0x1000, 0x1000, 0x1000, 0x0800, 0x0821, 0x0821, 0x0821,
  0x0821, 0x0821, 0x0821, 0x0821, 0x0821, 0x0821, 0x0821, 0x0821,
  0x0821, 0x0821, 0x0821, 0x0821, 0x0821, 0x0821, 0x0821, 0x0821,
  0x0821, 0x0821, 0x0821, 0x0821, 0x0821, 0x0821, 0x0821, 0x0821,
  0x0821, 0x0821, 0x0021, 0x00A6, 0x00A6, 0x0021, 0x0021, 0x0001,
  0x0021, 0x0022, 0x0021, 0x0021, 0x0044, 0x0044, 0x00AA, 0x0065,
  0x0044, 0x0043, 0x0043, 0x0043, 0x0043, 0x0043, 0x0043, 0x0063,
  0x0064, 0x0085, 0x00A6, 0x0085, 0x0086, 0x0085, 0x0086, 0x00A6,
  0x00A6, 0x00A6, 0x00A6, 0x00A6, 0x00C7, 0x00C7, 0x00C7, 0x00C7,
  0x00C7, 0x00C7, 0x00C7, 0x00C7, 0x00C7, 0x00C7, 0x00C7, 0x00C7,
  0x00A6, 0x00A6, 0x00A6, 0x00A6, 0x00A6, 0x00A6, 0x00A6, 0x00A6,
  0x00A6, 0x00A6, 0x00A5, 0x0085, 0x0085, 0x0085, 0x0065, 0x0064,
  0x0063, 0x0063, 0x0063, 0x0063, 0x0063, 0x0063, 0x0063, 0x0063,
  0x0063, 0x0063, 0x0063, 0x0083, 0x00A3, 0x00A4, 0x00C4, 0x00E6,
  0x00C4, 0x0082, 0x0082, 0x0061, 0x0061, 0x0061, 0x0041, 0x0041,
  0x0041, 0x0041, 0x0081, 0x00E2, 0x0020, 0x0020, 0x0020, 0x0020,
  0x0040, 0x0020, 0x19E1, 0x6423, 0x0060, 0x0A21, 0xAE74, 0x0180,
  0x0040, 0x0821, 0x0821, 0x0020, 0x0821, 0x0821, 0x0821, 0x0840,
  0x0140, 0x0120, 0x0160, 0x5546, 0x5DC7, 0x55C6, 0x44E4, 0x12C0,
  0x55A5, 0x5E27, 0x5E07, 0x2BA3, 0x2322, 0x5D66, 0x0180, 0x0180,
  0x0180, 0x0A20, 0x5586, 0x6608, 0x5586, 0x0AC0, 0x44C5, 0x5E07,
  0x5E06, 0x55E4, 0x1280, 0x0180, 0x0160, 0x0821, 0x0820, 0x0020,
  0x0821, 0x0020, 0x0820, 0x0020, 0x0821, 0x2060, 0x1020, 0x0020,
  0x0020, 0x1A82, 0x96AD, 0x12E0, 0x0020, 0x0820, 0x0820, 0x49A0,
  0x4180, 0x5A40, 0x8C00, 0xBD20, 0xCDC0, 0xDE00, 0xD5C0, 0xBD20,
  0xA460, 0x92E0, 0x8180, 0x7060, 0x6860, 0x6080, 0x5060, 0x5060,
  0x5860, 0x4840, 0x4040, 0x4040, 0x4060, 0x2840, 0x2820, 0x3040,
  0x2020, 0x3840, 0x2820, 0x2820, 0x2820, 0x3000, 0x3800, 0x3800,
  0x3800, 0x4000, 0x4000, 0x4000, 0x3000, 0x4000, 0x6020, 0x8020,
  0x8000, 0x7800, 0x6000, 0x3800, 0x1000, 0x0820, 0x0820, 0x0800,
  0x2040, 0x0800, 0x1020, 0x1020, 0x0800, 0x2020, 0x3060, 0xDCEF,
  0xD4CF, 0x9B08, 0x9309, 0x5A47, 0x4183, 0x5248, 0x2124, 0x10C3,
  0x1082, 0x39C9, 0x39C9, 0x31CA, 0x31CA, 0x31AA, 0x298A, 0x298A,
  0x2169, 0x196A, 0x196A, 0x118A, 0x2B0D, 0x3529, 0x25C8, 0x1E27,
  0x1E87, 0x1E07, 0x0A2A, 0x0129, 0x0129, 0x0129, 0x4414, 0x08A6,
  0x0800, 0x0800, 0x0800, 0x3000, 0x1000, 0x1800, 0x1000, 0x0800,
  0x0800, 0x0821, 0x0821, 0x0821, 0x0821, 0x0821, 0x0821, 0x0821,
  0x0821, 0x0821, 0x0821, 0x0821, 0x0821, 0x0821, 0x0821, 0x0821,
  0x0821, 0x0821, 0x0821, 0x0821, 0x0821, 0x0821, 0x0821, 0x0821,
  0x0821, 0x0821, 0x0821, 0x0821, 0x0821, 0x0821, 0x0821, 0x0022,
  0x0821, 0x0021, 0x0021, 0x0022, 0x0022, 0x0085, 0x0021, 0x0022,
  0x0065, 0x00AA, 0x0045, 0x0043, 0x0043, 0x0064, 0x0063, 0x0043,
  0x0043, 0x0043, 0x0063, 0x0064, 0x0064, 0x0085, 0x0085, 0x0085,
  0x00A6, 0x00A6, 0x00A6, 0x00A6, 0x00A6, 0x00C7, 0x00C7, 0x00C7,
  0x00C8, 0x00E8, 0x00E8, 0x00E8, 0x00E9, 0x00E9, 0x00E9, 0x00E8,
  0x00E8, 0x00E8, 0x00E8, 0x00E8, 0x00C7, 0x00C7, 0x00C7, 0x00C7,
  0x00C7, 0x00C7, 0x00C7, 0x00C6, 0x00A6, 0x00A6, 0x00A6, 0x00A6,
  0x0085, 0x0085, 0x0085, 0x0064, 0x0064, 0x0063, 0x0063, 0x0063,
  0x0063, 0x0063, 0x0063, 0x0063, 0x0063, 0x0063, 0x0083, 0x0083,
  0x00A3, 0x00A3, 0x00A4, 0x00C5, 0x0106, 0x0082, 0x0082, 0x0082,
  0x0061, 0x00C2, 0x0041, 0x0041, 0x0041, 0x0041, 0x0041, 0x0041,
  0x0020, 0x0020, 0x0060, 0x0060, 0x0020, 0x0821, 0x0040, 0x0080,
  0x0821, 0x0A21, 0xA674, 0x0160, 0x0060, 0x0821, 0x0821, 0x0020,
  0x0821, 0x00C0, 0x0821, 0x0821, 0x0140, 0x0120, 0x0140, 0x0160,
  0x01A0, 0x01A0, 0x01A0, 0x01A0, 0x01A0, 0x01A0, 0x01C0, 0x01C0,
  0x01A0, 0x0180, 0x0180, 0x0160, 0x0160, 0x0180, 0x01A0, 0x0180,
  0x01C0, 0x01C0, 0x01C0, 0x01C0, 0x01C0, 0x01C0, 0x01A0, 0x0180,
  0x0980, 0x0020, 0x3960, 0x0020, 0x0840, 0x1040, 0x0820, 0x0020,
  0x0821, 0x0821, 0x0821, 0x1020, 0x0820, 0x0100, 0x65A6, 0x3D02,
  0x20A0, 0x72E0, 0xACC0, 0xCE00, 0xDE81, 0xD620, 0xBD40, 0x9BE0,
  0x7200, 0x68C0, 0x70A0, 0x70C0, 0x7100, 0x60A0, 0x3040, 0x0800,
  0x0821, 0x0020, 0x1020, 0x0821, 0x1020, 0x0821, 0x0820, 0x0820,
  0x0820, 0x0020, 0x0020, 0x0800, 0x0821, 0x1020, 0x0020, 0x0020,
  0x0020, 0x0020, 0x1800, 0x2000, 0x2800, 0x2800, 0x3000, 0x3000,
  0x3800, 0x4000, 0x4000, 0x4000, 0x3000, 0x2800, 0x3000, 0x5800,
  0x7800, 0x6800, 0x5000, 0x1820, 0x1020, 0x1020, 0x2040, 0x30A1,
  0x1020, 0x1000, 0xBC0B, 0xE5B3, 0xA2E8, 0x92C8, 0x7268, 0x28E1,
  0x3964, 0x7431, 0x1905, 0x0082, 0x0020, 0x3188, 0x39E9, 0x62EB,
  0x62EB, 0x3229, 0x2148, 0x2169, 0x1949, 0x1149, 0x1149, 0x0969,
  0x1B0B, 0x3F09, 0x3F6A, 0x0C46, 0x1546, 0x0D66, 0x0A2B, 0x0129,
  0x0129, 0x0149, 0x4476, 0x00A6, 0x0800, 0x0800, 0x0800, 0x0800,
  0x0821, 0x2000, 0x1000, 0x0800, 0x0821, 0x0821, 0x0821, 0x0821,
  0x0821, 0x0821, 0x0821, 0x0821, 0x0821, 0x0821, 0x0821, 0x0821,
  0x0821, 0x0821, 0x0821, 0x0821, 0x0821, 0x0821, 0x0821, 0x0821,
  0x0821, 0x0821, 0x0821, 0x0821, 0x0821, 0x0821, 0x0821, 0x0821,
  0x0821, 0x0821, 0x0821, 0x0821, 0x0022, 0x0021, 0x0064, 0x0022,
  0x0022, 0x0022, 0x0043, 0x0066, 0x00EB, 0x0087, 0x00A7, 0x0064,
  0x0063, 0x0063, 0x0063, 0x0063, 0x0063, 0x0063, 0x0064, 0x0064,
  0x0085, 0x0085, 0x00A5, 0x00A6, 0x00A6, 0x00A6, 0x00A6, 0x00A7,
  0x00C7, 0x00C7, 0x00C8, 0x00E8, 0x00E9, 0x0109, 0x0109, 0x010A,
  0x012A, 0x012A, 0x012A, 0x010A, 0x010A, 0x0109, 0x0109, 0x00E8,
  0x00E8, 0x00E8, 0x00E8, 0x00E8, 0x00E8, 0x00C8, 0x00C7, 0x00C7,
  0x00C7, 0x00C6, 0x00A6, 0x00A6, 0x00A6, 0x0085, 0x0085, 0x0084,
  0x0064, 0x0064, 0x0063, 0x0063, 0x0063, 0x0063, 0x0063, 0x0063,
  0x0063, 0x0063, 0x0083, 0x0083, 0x00A3, 0x00A3, 0x00A3, 0x00C4,
  0x00E6, 0x0107, 0x00C3, 0x0082, 0x0082, 0x0081, 0x0162, 0x0061,
  0x0061, 0x0041, 0x0041, 0x0041, 0x0040, 0x0060, 0x0081, 0x0040,
  0x0020, 0x0020, 0x0020, 0x0020, 0x0821, 0x1A83, 0xAE94, 0x0140,
  0x0040, 0x0821, 0x0821, 0x0020, 0x0020, 0x0821, 0x0820, 0x0821,
  0x00C0, 0x0940, 0x0940, 0x0940, 0x0980, 0x0980, 0x0960, 0x0960,
  0x0160, 0x0160, 0x0160, 0x0160, 0x0160, 0x0180, 0x0980, 0x0160,
  0x0940, 0x21A0, 0x0960, 0x0960, 0x0960, 0x0960, 0x0980, 0x0980,
  0x0180, 0x0980, 0x09A0, 0x1180, 0x0920, 0x0820, 0x0020, 0x0020,
  0x0020, 0x0020, 0x0020, 0x0860, 0x0020, 0x0020, 0x0840, 0x0020,
  0x1060, 0x6280, 0x9CA1, 0xC5E0, 0xE5E1, 0xD5C1, 0xB4C1, 0x82C0,
  0x6140, 0x5900, 0x50E0, 0x40A0, 0x2040, 0x1020, 0x0020, 0x0840,
  0x0840, 0x1060, 0x0820, 0x0821, 0x0821, 0x0821, 0x0020, 0x0020,
  0x1020, 0x0821, 0x0020, 0x0821, 0x0020, 0x0820, 0x0020, 0x0020,
  0x0020, 0x0020, 0x0020, 0x0040, 0x0840, 0x0020, 0x0020, 0x0020,
  0x0820, 0x1020, 0x1060, 0x1020, 0x0800, 0x2800, 0x2800, 0x2800,
  0x3000, 0x3000, 0x3800, 0x3800, 0x3800, 0x2800, 0x3800, 0x4800,
  0x4800, 0x3000, 0x1000, 0x3840, 0x0800, 0x8A64, 0xF655, 0xB328,
  0x92C8, 0x7AA9, 0x4185, 0x20A1, 0x18C3, 0x1945, 0x08A3, 0x0821,
  0x18A3, 0x5A8A, 0x62EA, 0x430C, 0x6597, 0x46BB, 0x0107, 0x1127,
  0x1149, 0x0949, 0x0949, 0x0149, 0x024A, 0x1DA8, 0x14C7, 0x0627,
  0x0565, 0x0269, 0x018A, 0x0149, 0x0149, 0x0A0C, 0x3414, 0x00C6,
  0x0821, 0x0821, 0x0800, 0x0821, 0x0821, 0x1000, 0x1000, 0x1000,
  0x0821, 0x0821, 0x0821, 0x0821, 0x0821, 0x0821, 0x0821, 0x0821,
  0x0821, 0x0821, 0x0821, 0x0821, 0x0821, 0x0821, 0x0821, 0x0821,
  0x0821, 0x0821, 0x0821, 0x0001, 0x0821, 0x0821, 0x0821, 0x0821,
  0x0821, 0x0821, 0x0821, 0x0001, 0x0821, 0x0023, 0x0001, 0x0021,
  0x0022, 0x0021, 0x0042, 0x0042, 0x0043, 0x0085, 0x0086, 0x010C,
  0x00A8, 0x0087, 0x00A7, 0x0064, 0x0064, 0x0064, 0x0064, 0x0063,
  0x0063, 0x0064, 0x0064, 0x0064, 0x0085, 0x00A5, 0x00A6, 0x00A6,
  0x00A6, 0x00A6, 0x00A7, 0x00C7, 0x00C8, 0x00E8, 0x00E8, 0x00E9,
  0x0109, 0x012A, 0x012A, 0x014B, 0x014B, 0x014B, 0x014B, 0x014B,
  0x012B, 0x012A, 0x010A, 0x0109, 0x0109, 0x00E8, 0x00E8, 0x00E8,
  0x00E8, 0x00E8, 0x00C8, 0x00C7, 0x00C7, 0x00C7, 0x00C7, 0x00A6,
  0x00A6, 0x00A6, 0x0085, 0x0085, 0x0084, 0x0064, 0x0063, 0x0063,
  0x0063, 0x0063, 0x0063, 0x0063, 0x0063, 0x0063, 0x0083, 0x0083,
  0x00A3, 0x00A3, 0x00A3, 0x00C4, 0x00C4, 0x0127, 0x0147, 0x00E3,
  0x00E3, 0x0082, 0x02A6, 0x0061, 0x0061, 0x0041, 0x0041, 0x0081,
  0x00C1, 0x00A1, 0x0121, 0x0080, 0x0040, 0x0060, 0x0040, 0x0020,
  0x0821, 0x22C3, 0xA673, 0x0120, 0x0020, 0x0020, 0x0821, 0x0020,
  0x0020, 0x0821, 0x0821, 0x0821, 0x0821, 0x0820, 0x0020, 0x0821,
  0x0821, 0x1080, 0x0840, 0x0020, 0x0821, 0x0821, 0x0821, 0x0821,
  0x0821, 0x0821, 0x0020, 0x0821, 0x0821, 0x3080, 0x2060, 0x0821,
  0x1820, 0x2040, 0x0821, 0x0821, 0x0821, 0x0820, 0x0821, 0x1020,
  0x0821, 0x1860, 0x1040, 0x0020, 0x0020, 0x0020, 0x0020, 0x1060,
  0x0840, 0x2940, 0x7BA1, 0xBD40, 0xE660, 0xE620, 0xBCC0, 0xC500,
  0x7980, 0x70E0, 0x6120, 0x5A20, 0x18C0, 0x1880, 0x0020, 0x0821,
  0x0840, 0x0020, 0x0020, 0x0020, 0x0840, 0x20A0, 0x1040, 0x0821,
  0x0821, 0x0840, 0x0020, 0x0040, 0x1080, 0x00C1, 0x0102, 0x0984,
  0x19E5, 0x1A26, 0x1A67, 0x2287, 0x2246, 0x11A4, 0x0902, 0x00C1,
  0x0060, 0x0020, 0x0020, 0x0020, 0x0020, 0x0040, 0x0060, 0x0040,
  0x0020, 0x0041, 0x0082, 0x00A3, 0x0082, 0x0041, 0x1020, 0x3020,
  0x3000, 0x4000, 0x4820, 0x3800, 0x5020, 0x5000, 0x4800, 0x4820,
  0x4880, 0xEDF4, 0xC3EC, 0x9AC8, 0x7A89, 0x7289, 0x51C6, 0x0821,
  0x0841, 0x0041, 0x0821, 0x0821, 0x2987, 0x3B2D, 0x6DF8, 0x977E,
  0x5E39, 0x3F1D, 0x0149, 0x00E6, 0x0129, 0x0129, 0x0129, 0x0149,
  0x0149, 0x02E8, 0x1C88, 0x0466, 0x02E8, 0x020A, 0x0129, 0x0149,
  0x0149, 0x4C96, 0x09ED, 0x00A6, 0x0821, 0x0821, 0x0821, 0x0002,
  0x0821, 0x0821, 0x0800, 0x0800, 0x0821, 0x0021, 0x0821, 0x0821,
  0x0821, 0x0821, 0x0821, 0x0821, 0x0821, 0x0821, 0x0821, 0x0821,
  0x0821, 0x0821, 0x0821, 0x0821, 0x0821, 0x0821, 0x0821, 0x0821,
  0x0821, 0x0821, 0x0821, 0x0821, 0x0821, 0x0821, 0x0001, 0x0001,
  0x0821, 0x0023, 0x0001, 0x0021, 0x0021, 0x0022, 0x0064, 0x0064,
  0x00C6, 0x010A, 0x0170, 0x012C, 0x00E9, 0x00E9, 0x00E8, 0x00C8,
  0x00C7, 0x00C7, 0x00C7, 0x00E7, 0x00E8, 0x00E8, 0x0108, 0x0129,
  0x016A, 0x018B, 0x020D, 0x024E, 0x022F, 0x026F, 0x0351, 0x03D2,
  0x0433, 0x04B4, 0x14D5, 0x2CF5, 0x5515, 0x7516, 0x8516, 0x8D36,
  0x9536, 0x8D36, 0x8D16, 0x8D36, 0x7D16, 0x7515, 0x7D35, 0x7515,
  0x6D15, 0x6CF5, 0x5CF4, 0x4CF4, 0x44F4, 0x2CD4, 0x0493, 0x0494,
  0x0CB4, 0x0453, 0x0433, 0x03D2, 0x0350, 0x02CF, 0x02CF, 0x020D,
  0x016A, 0x0128, 0x00E7, 0x00C6, 0x00A6, 0x00A5, 0x00A5, 0x00A5,
  0x00A5, 0x00A4, 0x00A4, 0x00A4, 0x00A4, 0x00C5, 0x00C5, 0x00C5,
  0x00E5, 0x00E6, 0x0148, 0x0167, 0x0102, 0x0123, 0x0082, 0x0061,
  0x0061, 0x0061, 0x0061, 0x0061, 0x0061, 0x00A1, 0x00C1, 0x0161,
  0x0080, 0x0181, 0x0040, 0x0020, 0x0821, 0x2B84, 0x8E4E, 0x0100,
  0x0080, 0x0020, 0x0020, 0x0020, 0x0821, 0x0821, 0x0821, 0x0821,
  0x0821, 0x0821, 0x0821, 0x2080, 0x2080, 0x0821, 0x0821, 0x0821,
  0x0821, 0x0821, 0x0821, 0x0821, 0x0821, 0x0821, 0x0821, 0x0821,
  0x0821, 0x0821, 0x0821, 0x1060, 0x0020, 0x0820, 0x0820, 0x0821,
  0x0821, 0x0821, 0x0821, 0x0821, 0x0821, 0x0821, 0x0820, 0x1040,
  0x0821, 0x0821, 0x3980, 0x9CA3, 0xD663, 0xF722, 0xD620, 0x9420,
  0x59C0, 0x60C0, 0x6280, 0x9EA0, 0x29A0, 0x0020, 0x08A1, 0x73A2,
  0x2960, 0x0020, 0x0020, 0x0821, 0x0020, 0x28C0, 0x0020, 0x00E3,
  0x12A9, 0x1BCE, 0x2CF1, 0x3594, 0x3E36, 0x56B7, 0x6ED8, 0x76F8,
  0x8718, 0x8F18, 0x9718, 0x96F9, 0x96F9, 0x96F9, 0x8EF9, 0x8F19,
  0x973A, 0x8F39, 0x8739, 0x8F59, 0x8F59, 0x8F19, 0x86F7, 0x7E77,
  0x7E16, 0x7553, 0x542F, 0x22CA, 0x0185, 0x01A7, 0x0209, 0x024A,
  0x01E9, 0x0146, 0x0082, 0x0820, 0x0020, 0x38A1, 0x2040, 0x3000,
  0x6020, 0x3800, 0x3800, 0x5800, 0xDCB0, 0xD511, 0x9AC8, 0x82A9,
  0x72A9, 0x6A89, 0x6248, 0x3124, 0x0042, 0x0821, 0x0021, 0x10E6,
  0x1967, 0x4E18, 0x4597, 0x12CD, 0x0A6C, 0x271C, 0x0149, 0x00E7,
  0x0108, 0x0108, 0x0129, 0x0129, 0x0129, 0x0108, 0x0108, 0x0148,
  0x0129, 0x0129, 0x0129, 0x0149, 0x5BF2, 0x5434, 0x018C, 0x00E7,
  0x0821, 0x0821, 0x0821, 0x0023, 0x0821, 0x0821, 0x0821, 0x0821,
  0x0821, 0x0821, 0x0821, 0x0821, 0x0821, 0x0821, 0x0821, 0x0821,
  0x0821, 0x0821, 0x0821, 0x0821, 0x0821, 0x0821, 0x0821, 0x0821,
  0x0821, 0x0821, 0x0821, 0x0821, 0x0821, 0x0821, 0x0821, 0x0821,
  0x0821, 0x0821, 0x0821, 0x0001, 0x0821, 0x0021, 0x0021, 0x0021,
  0x0042, 0x0063, 0x00A6, 0x020E, 0x0272, 0x0275, 0x0255, 0x0254,
  0x0253, 0x0233, 0x0232, 0x0231, 0x0231, 0x0210, 0x0210, 0x0230,
  0x020F, 0x020F, 0x020F, 0x020F, 0x020F, 0x022F, 0x0270, 0x0271,
  0x0292, 0x02D3, 0x0334, 0x0395, 0x03B6, 0x03F7, 0x0417, 0x0C38,
  0x1C78, 0x2CB8, 0x2C98, 0x3497, 0x3CB7, 0x3476, 0x2C56, 0x3496,
  0x2C76, 0x2455, 0x2C55, 0x2455, 0x2435, 0x2435, 0x1C14, 0x13D4,
  0x13D4, 0x0BB3, 0x0332, 0x0352, 0x0393, 0x0332, 0x0311, 0x0311,
  0x0290, 0x024F, 0x026F, 0x01ED, 0x018B, 0x016A, 0x014A, 0x0129,
  0x0149, 0x0149, 0x0129, 0x0129, 0x0129, 0x0129, 0x0149, 0x0149,
  0x0149, 0x0169, 0x0169, 0x018A, 0x018A, 0x0169, 0x0169, 0x01A9,
  0x1A06, 0x0964, 0x00A2, 0x0062, 0x0163, 0x0081, 0x0061, 0x0061,
  0x0061, 0x0061, 0x0061, 0x00E1, 0x0040, 0x0020, 0x0020, 0x0020,
  0x0120, 0x5D4A, 0x758B, 0x0080, 0x00A0, 0x0080, 0x0020, 0x0180,
  0x0100, 0x0020, 0x0821, 0x0020, 0x0020, 0x0821, 0x0020, 0x0820,
  0x18A0, 0x0040, 0x0821, 0x0821, 0x0821, 0x0821, 0x0821, 0x0821,
  0x0821, 0x0821, 0x0821, 0x7260, 0x1840, 0x0821, 0x0020, 0x0020,
  0x0020, 0x0820, 0x0020, 0x0020, 0x0821, 0x0020, 0x0020, 0x0821,
  0x0821, 0x0821, 0x0821, 0x2920, 0x8C23, 0xCE25, 0xEF06, 0xD624,
  0xA461, 0x7220, 0x5900, 0x50E0, 0x2880, 0x1900, 0x2CE0, 0x66A0,
  0x0920, 0x0020, 0x0040, 0x0881, 0x0040, 0x0165, 0x0B6D, 0x14B2,
  0x2553, 0x35B5, 0x4637, 0x3E57, 0x2E15, 0x25D3, 0x2592, 0x1551,
  0x0D31, 0x0D12, 0x04D1, 0x0490, 0x0470, 0x0450, 0x0491, 0x04D2,
  0x0513, 0x04F3, 0x04F3, 0x04F3, 0x04F3, 0x04F3, 0x04D3, 0x04B2,
  0x04D2, 0x04F2, 0x0D32, 0x2532, 0x3D93, 0x5E16, 0x6637, 0x7699,
  0x7EFA, 0x76BA, 0x7E79, 0x65D7, 0x2C52, 0x026B, 0x0187, 0x0167,
  0x0082, 0x1861, 0x0820, 0x0820, 0x0800, 0x2820, 0x3000, 0xB2E9,
  0xE5F5, 0x9AA8, 0x8288, 0x7289, 0x41A5, 0x3984, 0x3144, 0x3103,
  0x2946, 0x1926, 0x1906, 0x1907, 0x1106, 0x0106, 0x00E7, 0x0107,
  0x026B, 0x0F1C, 0x0128, 0x00C6, 0x00E7, 0x0108, 0x0148, 0x01A9,
  0x0A6D, 0x026F, 0x0129, 0x0128, 0x0129, 0x0129, 0x0129, 0x11CB,
  0x7517, 0x018C, 0x016B, 0x00E7, 0x0821, 0x0821, 0x0821, 0x0821,
  0x0821, 0x0821, 0x0821, 0x0821, 0x0821, 0x0821, 0x0821, 0x0064,
  0x0821, 0x0821, 0x0821, 0x0821, 0x0821, 0x0821, 0x0821, 0x0821,
  0x0821, 0x0821, 0x0821, 0x0821, 0x0821, 0x0821, 0x0821, 0x0821,
  0x0821, 0x0821, 0x0821, 0x0821, 0x0821, 0x0821, 0x0821, 0x0821,
  0x0821, 0x0020, 0x0021, 0x0022, 0x0042, 0x0084, 0x128F, 0x4417,
  0xBEBE, 0xD75F, 0xD75E, 0xCF3E, 0xCF3E, 0xCF3E, 0xD73E, 0xCF3E,
  0xCF1E, 0xCF1E, 0xCF1D, 0xCF1D, 0xCF1D, 0xCEFD, 0xCEFD, 0xCEFD,
  0xCEDC, 0xC6DC, 0xCEDC, 0xCEFC, 0xCEDC, 0xC6BC, 0xCEDC, 0xCEDC,
  0xCEDC, 0xCEFD, 0xCEFC, 0xCEDC, 0xCEDC, 0xC6BC, 0xBEBC, 0xC6BC,
  0xC6BC, 0xBEBB, 0xC6BC, 0xC6BC, 0xBE9B, 0xBE9B, 0xBEBB, 0xBEBB,
  0xB69B, 0xBE9B, 0xBE9B, 0xB67B, 0xC69B, 0xC69B, 0xC69B, 0xC69B,
  0xC69B, 0xC69B, 0xCEBB, 0xCEDB, 0xCEDB, 0xCEDB, 0xCEBB, 0xC69B,
  0xC69B, 0xCEDB, 0xCEBB, 0xC6BB, 0xCEBB, 0xC6BB, 0xBE9A, 0xBE9A,
  0xBE9A, 0xBE7A, 0xB679, 0xBE7A, 0xB659, 0xBE79, 0xC6BA, 0xC6BA,
  0xC69A, 0xC69A, 0xB659, 0x95F7, 0x64B3, 0x4AC6, 0x1985, 0x00A2,
  0x0082, 0x00A2, 0x00A1, 0x0081, 0x0081, 0x0081, 0x0081, 0x00A1,
  0x0040, 0x0020, 0x0020, 0x0040, 0x0B20, 0x9ED0, 0x33E5, 0x0821,
  0x0060, 0x0182, 0x00E0, 0x0300, 0x0200, 0x0821, 0x0020, 0x0060,
  0x0020, 0x0020, 0x2040, 0x0020, 0x0020, 0x0821, 0x0821, 0x0821,
  0x0821, 0x0821, 0x0821, 0x0821, 0x0821, 0x0821, 0x0821, 0x0821,
  0x0821, 0x0820, 0x0820, 0x0020, 0x0020, 0x0820, 0x0020, 0x0020,
  0x0020, 0x0840, 0x0821, 0x0020, 0x0840, 0x6AE2, 0xBD84, 0xEF26,
  0xDE85, 0xA462, 0x81E0, 0x7980, 0x6100, 0x2020, 0x0060, 0x2A40,
  0x4400, 0x3D80, 0x3680, 0x13C1, 0x1A49, 0x2431, 0x1CF3, 0x2514,
  0x1D13, 0x0D13, 0x0490, 0x03CC, 0x034B, 0x0BCD, 0x1450, 0x1CD1,
  0x14B0, 0x1490, 0x0C0E, 0x02CA, 0x01E7, 0x0944, 0x0061, 0x0841,
  0x1061, 0x0820, 0x0820, 0x0820, 0x1061, 0x0820, 0x0820, 0x0020,
  0x0020, 0x0020, 0x0020, 0x0020, 0x0020, 0x0020, 0x0082, 0x0104,
  0x0208, 0x0B4C, 0x040F, 0x040F, 0x034D, 0x032E, 0x24D5, 0x661A,
  0x767A, 0x4DF8, 0x3DB7, 0x1C52, 0x01C9, 0x01A7, 0x00A3, 0x0021,
  0x0020, 0x0820, 0x8983, 0xE5D5, 0xAB08, 0x8A88, 0x7268, 0x51E7,
  0x4143, 0x18C3, 0x0882, 0x0041, 0x10A3, 0x2127, 0x1906, 0x1906,
  0x10E6, 0x08E6, 0x00E6, 0x00C6, 0x0127, 0x03D0, 0x0084, 0x00C6,
  0x00E7, 0x1127, 0x18E4, 0x2925, 0x00C5, 0x0128, 0x01CC, 0x0128,
  0x0128, 0x0129, 0x0129, 0x5C74, 0x224D, 0x014A, 0x016B, 0x0064,
  0x0821, 0x0821, 0x0821, 0x0821, 0x0821, 0x0821, 0x0821, 0x0821,
  0x0821, 0x0821, 0x0021, 0x0821, 0x0821, 0x0821, 0x0821, 0x0821,
  0x0821, 0x0821, 0x0821, 0x0821, 0x0821, 0x0821, 0x0821, 0x0821,
  0x0821, 0x0821, 0x0821, 0x0821, 0x0821, 0x0821, 0x0821, 0x0821,
  0x0821, 0x0821, 0x0821, 0x0821, 0x0821, 0x0020, 0x0021, 0x0021,
  0x0042, 0x0148, 0x4CD8, 0xCF1D, 0x9558, 0x2B74, 0x1334, 0x1313,
  0x1312, 0x12F2, 0x12D2, 0x12B1, 0x1290, 0x1270, 0x124F, 0x0A4E,
  0x0A4E, 0x0A2D, 0x0A0D, 0x09EC, 0x09CB, 0x09AA, 0x09AA, 0x09AA,
  0x0189, 0x0168, 0x0968, 0x0968, 0x0948, 0x0947, 0x0927, 0x0106,
  0x00E6, 0x00E6, 0x00C5, 0x00C5, 0x00C5, 0x00C5, 0x00C5, 0x00C5,
  0x00A4, 0x00A4, 0x00C5, 0x00C5, 0x00A4, 0x00C4, 0x00A4, 0x00A4,
  0x00C4, 0x00C4, 0x00C4, 0x00C5, 0x0905, 0x0926, 0x0946, 0x1187,
  0x0967, 0x0967, 0x0987, 0x0146, 0x0126, 0x0126, 0x0105, 0x0106,
  0x0906, 0x0106, 0x0105, 0x0105, 0x0105, 0x00E5, 0x00E5, 0x0105,
  0x0105, 0x0126, 0x0146, 0x0146, 0x0146, 0x0167, 0x0166, 0x11C8,
  0x6516, 0x4C93, 0x7B46, 0x0103, 0x00A2, 0x0102, 0x0162, 0x0181,
  0x0181, 0x01C1, 0x09E1, 0x0A61, 0x0A41, 0x0A00, 0x0A60, 0x1341,
  0x8E4D, 0x7DAC, 0x0221, 0x0020, 0x0040, 0x0181, 0x02A2, 0x00C0,
  0x0020, 0x0061, 0x0040, 0x0020, 0x0020, 0x0840, 0x0020, 0x0020,
  0x0020, 0x0880, 0x0821, 0x0020, 0x0020, 0x0020, 0x0020, 0x0020,
  0x0020, 0x0821, 0x0821, 0x0821, 0x0821, 0x10A0, 0x0840, 0x0840,
  0x0020, 0x0020, 0x0820, 0x0820, 0x0840, 0x0860, 0x5261, 0xAD23,
  0xDEA5, 0xDE85, 0xACC2, 0x82C0, 0x71E0, 0x6160, 0x28C0, 0x3A20,
  0x5B40, 0x6C00, 0x7CC0, 0x7D01, 0x758B, 0x75F1, 0x6552, 0x5CF3,
  0x3C91, 0x0B0A, 0x0247, 0x0249, 0x026A, 0x028A, 0x0269, 0x01E7,
  0x0104, 0x0021, 0x0040, 0x0061, 0x0060, 0x18C0, 0x0040, 0x0040,
  0x0040, 0x10A0, 0x0020, 0x0020, 0x0840, 0x0840, 0x0820, 0x0840,
  0x0840, 0x0020, 0x0020, 0x0020, 0x1020, 0x0020, 0x0020, 0x1040,
  0x0020, 0x0020, 0x0020, 0x0020, 0x0020, 0x0820, 0x0020, 0x0820,
  0x0041, 0x00C4, 0x01A9, 0x02AD, 0x028C, 0x022A, 0x0A29, 0x130D,
  0x0C52, 0x03F2, 0x036F, 0x0125, 0x0041, 0x6942, 0xE573, 0xB3CC,
  0x8A87, 0x7A48, 0x6A48, 0x3945, 0x30E1, 0x0882, 0x0882, 0x0821,
  0x10A4, 0x2147, 0x1906, 0x10E6, 0x08E7, 0x00E7, 0x00E7, 0x00E7,
  0x00C6, 0x0084, 0x00A6, 0x00C6, 0x10E5, 0x39E8, 0x1105, 0x00C5,
  0x00C5, 0x0084, 0x0108, 0x0108, 0x0108, 0x0128, 0x432F, 0x4BD2,
  0x014A, 0x0129, 0x00E8, 0x0821, 0x0821, 0x0042, 0x0042, 0x0821,
  0x0022, 0x0821, 0x0821, 0x0821, 0x0821, 0x0821, 0x0821, 0x0821,
  0x0821, 0x0821, 0x0821, 0x0821, 0x0821, 0x0821, 0x0821, 0x0821,
  0x0821, 0x0821, 0x0821, 0x0821, 0x0821, 0x0821, 0x0821, 0x0821,
  0x0022, 0x0821, 0x0024, 0x0821, 0x0821, 0x0821, 0x0821, 0x0821,
  0x0020, 0x0020, 0x0020, 0x0021, 0x0083, 0x228D, 0x6D59, 0xAE7B,
  0x0334, 0x0314, 0x0272, 0x0272, 0x0272, 0x0271, 0x0251, 0x0250,
  0x0230, 0x01EF, 0x01EF, 0x01EE, 0x01CE, 0x01CD, 0x01AC, 0x018B,
  0x016A, 0x0149, 0x0149, 0x0128, 0x0127, 0x0107, 0x00E6, 0x00E6,
  0x00C5, 0x00A5, 0x0084, 0x0064, 0x0063, 0x0043, 0x0043, 0x0043,
  0x0023, 0x0022, 0x0022, 0x0022, 0x0022, 0x0022, 0x0022, 0x0022,
  0x0022, 0x0022, 0x0022, 0x0022, 0x0022, 0x0022, 0x0043, 0x0063,
  0x0083, 0x00A4, 0x00E4, 0x0125, 0x0185, 0x01A5, 0x0185, 0x0144,
  0x0104, 0x00E4, 0x00C3, 0x0083, 0x0083, 0x0083, 0x0083, 0x0083,
  0x0083, 0x0083, 0x00A4, 0x00A4, 0x00C4, 0x00E5, 0x00E5, 0x00E5,
  0x0105, 0x0125, 0x0146, 0x0187, 0x01A8, 0x5557, 0x83E6, 0x2DE0,
  0x1DE0, 0x4DE7, 0x75CC, 0x7DCD, 0x7DAD, 0x7DCD, 0x85AE, 0x85AE,
  0x75AC, 0x75CB, 0x7E4B, 0x96ED, 0x6D69, 0x0281, 0x0020, 0x00A1,
  0x0020, 0x00A0, 0x0080, 0x0060, 0x0040, 0x0040, 0x0040, 0x0020,
  0x08C0, 0x0040, 0x0840, 0x1860, 0x0840, 0x0040, 0x0020, 0x0020,
  0x0020, 0x0020, 0x0040, 0x0020, 0x0020, 0x0020, 0x0820, 0x0020,
  0x0020, 0x0840, 0x3140, 0x8BC0, 0x7B20, 0x18A0, 0x1040, 0x28E0,
  0x83C2, 0xCE24, 0xF745, 0xCE03, 0x8BA0, 0x7A40, 0x7220, 0x5240,
  0x6320, 0x6BA0, 0x7400, 0x7441, 0x84EB, 0x9591, 0x9592, 0x8D53,
  0x642F, 0x2207, 0x0164, 0x0164, 0x0144, 0x0165, 0x0103, 0x0060,
  0x0020, 0x1040, 0x0020, 0x0020, 0x0840, 0x1860, 0x1880, 0x0860,
  0x1080, 0x18A0, 0x1080, 0x1080, 0x10A0, 0x10A0, 0x1080, 0x1080,
  0x18A0, 0x1080, 0x1080, 0x1060, 0x10A0, 0x0040, 0x0860, 0x0020,
  0x0020, 0x0820, 0x0020, 0x0820, 0x0020, 0x0820, 0x0840, 0x0840,
  0x1040, 0x1040, 0x0820, 0x1040, 0x0040, 0x0041, 0x0083, 0x0147,
  0x0147, 0x00C4, 0x0862, 0x1041, 0x0841, 0x1041, 0x0966, 0x0AED,
  0x4410, 0xDD31, 0xC511, 0x8A87, 0x7A67, 0x6A48, 0x6228, 0x4166,
  0x1040, 0x0020, 0x0041, 0x0022, 0x1927, 0x2146, 0x3BD0, 0x1452,
  0x00E7, 0x00E7, 0x00E7, 0x00E7, 0x00C7, 0x00C7, 0x00C7, 0x0084,
  0x1125, 0x04D6, 0x04B5, 0x00C5, 0x00A5, 0x0084, 0x00C7, 0x0108,
  0x0108, 0x098A, 0x6CD5, 0x018B, 0x0129, 0x0129, 0x00A5, 0x0821,
  0x0020, 0x0020, 0x0821, 0x0821, 0x0821, 0x0821, 0x0821, 0x0821,
  0x0021, 0x0821, 0x0821, 0x0821, 0x0821, 0x0821, 0x0821, 0x0821,
  0x0821, 0x0821, 0x0821, 0x0821, 0x0821, 0x0821, 0x0821, 0x0821,
  0x0821, 0x0821, 0x0821, 0x0821, 0x0021, 0x0821, 0x0821, 0x0821,
  0x0821, 0x0020, 0x0821, 0x0821, 0x0020, 0x0020, 0x0020, 0x0041,
  0x0042, 0x2A8C, 0x5CF6, 0x4D98, 0x0354, 0x0210, 0x01AE, 0x0210,
  0x020F, 0x020F, 0x022F, 0x022F, 0x020F, 0x020F, 0x022E, 0x024E,
  0x024E, 0x026E, 0x024D, 0x024C, 0x024C, 0x022B, 0x022A, 0x022A,
  0x022A, 0x020A, 0x0209, 0x01E9, 0x01C8, 0x01A7, 0x0187, 0x0166,
  0x0166, 0x0146, 0x0105, 0x00E5, 0x00E4, 0x00C4, 0x0083, 0x0083,
  0x0042, 0x0042, 0x0001, 0x0001, 0x0001, 0x0001, 0x0001, 0x0001,
  0x0001, 0x0001, 0x0001, 0x0001, 0x0001, 0x0021, 0x0062, 0x0983,
  0x7CEB, 0x9DAB, 0x5403, 0x0403, 0x03E3, 0x03A3, 0x0363, 0x0303,
  0x02A3, 0x0182, 0x0063, 0x00E6, 0x00C5, 0x0022, 0x0022, 0x0042,
  0x0042, 0x0062, 0x0062, 0x0062, 0x0062, 0x0082, 0x0082, 0x00A3,
  0x00C3, 0x44F5, 0x6B06, 0x2402, 0x03A1, 0x1B82, 0x33E6, 0x4467,
  0x4CC8, 0x5509, 0x5D09, 0x5D29, 0x5529, 0x44C6, 0x1BA2, 0x02E1,
  0x01A1, 0x0020, 0x0040, 0x0060, 0x0020, 0x0020, 0x0020, 0x0060,
  0x0040, 0x0080, 0x0040, 0x0040, 0x0060, 0x10A0, 0x20C0, 0x1040,
  0x1060, 0x1060, 0x1060, 0x1040, 0x0840, 0x0840, 0x0840, 0x0020,
  0x0060, 0x0020, 0x0040, 0x7AE0, 0x3940, 0x0020, 0x6B00, 0xEF29,
  0xB4C1, 0x3940, 0xA4E2, 0xEF24, 0xEF03, 0xACE2, 0x7AC0, 0x82A0,
  0x9B40, 0x93A0, 0x8400, 0x7C40, 0x7C88, 0x952E, 0x8D51, 0x8512,
  0x53AE, 0x11E5, 0x0163, 0x0164, 0x0164, 0x0123, 0x08C1, 0x10C0,
  0x0040, 0x0860, 0x0860, 0x08C0, 0x10C0, 0x3160, 0x41E0, 0x62A1,
  0x8382, 0x9445, 0x9CA7, 0xA4E7, 0xB567, 0xC5C8, 0xC60B, 0xCE2D,
  0xCE2B, 0xCE2B, 0xCE0B, 0xCE4C, 0xCE2C, 0xC5EB, 0xBDA9, 0xBD8A,
  0xAD49, 0x9C86, 0x83C3, 0x6B21, 0x4A20, 0x2900, 0x1060, 0x1060,
  0x0840, 0x1080, 0x20C0, 0x30E0, 0x4140, 0x4140, 0x18A0, 0x0840,
  0x0840, 0x1040, 0x0020, 0x1082, 0x2901, 0x0821, 0x0820, 0x2820,
  0x1020, 0x2840, 0x1020, 0x4963, 0xCBEB, 0xD5D5, 0x8AA8, 0x7A68,
  0x6A48, 0x5A28, 0x5208, 0x49C8, 0x18A3, 0x0821, 0x0821, 0x10C6,
  0x2147, 0x3985, 0x35F7, 0x1DB7, 0x00E7, 0x00E7, 0x00E7, 0x00E7,
  0x00C7, 0x00C7, 0x00C7, 0x0042, 0x026C, 0x04D5, 0x069C, 0x030E,
  0x00A4, 0x0043, 0x00E7, 0x0108, 0x0108, 0x6C94, 0x226E, 0x016B,
  0x016B, 0x00A6, 0x00A4, 0x0821, 0x0020, 0x0020, 0x0085, 0x0043,
  0x0042, 0x0821, 0x0821, 0x0821, 0x0021, 0x0821, 0x0821, 0x0821,
  0x0821, 0x0821, 0x0821, 0x0021, 0x0821, 0x0821, 0x0821, 0x0821,
  0x0821, 0x0821, 0x0821, 0x0821, 0x0821, 0x0821, 0x0821, 0x0821,
  0x0821, 0x0821, 0x0821, 0x0821, 0x0800, 0x0821, 0x0821, 0x0821,
  0x0020, 0x0020, 0x0821, 0x1063, 0x0042, 0x222A, 0x5474, 0x1D57,
  0x0B32, 0x01CE, 0x0313, 0x01EE, 0x022F, 0x024F, 0x0270, 0x026F,
  0x026F, 0x026F, 0x028F, 0x028E, 0x028E, 0x02AE, 0x02AD, 0x028C,
  0x026B, 0x024B, 0x024A, 0x024A, 0x022A, 0x0209, 0x0209, 0x01E9,
  0x01C8, 0x01C8, 0x01A8, 0x0187, 0x0187, 0x0167, 0x0126, 0x0105,
  0x00E5, 0x00C4, 0x00A4, 0x0083, 0x0063, 0x0042, 0x00A4, 0x0001,
  0x0001, 0x0001, 0x0001, 0x0001, 0x0001, 0x0001, 0x0001, 0x0001,
  0x0001, 0x0001, 0x0041, 0x11A3, 0x9DAF, 0xBE90, 0x6484, 0x0444,
  0x0403, 0x03C3, 0x0383, 0x0343, 0x02E3, 0x01A2, 0x0022, 0x00E7,
  0x00C5, 0x0021, 0x0022, 0x0042, 0x0042, 0x0042, 0x0062, 0x0062,
  0x0062, 0x0082, 0x0082, 0x00A2, 0x00A3, 0x44F5, 0x5A24, 0x1143,
  0x0124, 0x0904, 0x0101, 0x00C1, 0x00E1, 0x0121, 0x00E0, 0x0100,
  0x0101, 0x00A1, 0x00A1, 0x0081, 0x00A1, 0x0040, 0x0060, 0x0101,
  0x0020, 0x0020, 0x0020, 0x0060, 0x0040, 0x0040, 0x0040, 0x0840,
  0x1060, 0x1880, 0x28A0, 0x38C0, 0x38E0, 0x38E0, 0x30C0, 0x2080,
  0x1060, 0x10E0, 0x0860, 0x0840, 0x0040, 0x0020, 0x0860, 0x20C0,
  0x1060, 0x0821, 0x1080, 0x62A0, 0xBD40, 0xEF22, 0xEEA1, 0xC4C0,
  0xBBE0, 0xB400, 0xA3C0, 0x8360, 0x5B84, 0x5CAC, 0x6CCE, 0x74AE,
  0x63ED, 0x2A27, 0x0142, 0x0142, 0x00E1, 0x09A2, 0x0060, 0x0080,
  0x1100, 0x2140, 0x5AE1, 0x8C43, 0xA504, 0xB5A6, 0xC607, 0xD687,
  0xE6C7, 0xE6E8, 0xDEC8, 0xDE88, 0xD668, 0xD629, 0xCE09, 0xCE08,
  0xCDC7, 0xCDC6, 0xD606, 0xD605, 0xD5C5, 0xDE26, 0xDE26, 0xD605,
  0xD5E5, 0xD5C6, 0xD5E6, 0xD607, 0xCE09, 0xC5E7, 0xC5C6, 0xCE06,
  0xD646, 0xD667, 0xD667, 0xDE88, 0xCE47, 0xBD87, 0xACC5, 0xABE0,
  0xBC00, 0xB3A0, 0x7AA0, 0x4160, 0x1880, 0x1880, 0x0821, 0x0020,
  0x0820, 0x0820, 0x0820, 0x2820, 0x1020, 0x1820, 0x1020, 0x9A03,
  0xEE56, 0x8B29, 0x7288, 0x6A68, 0x5A28, 0x51E8, 0x49C8, 0x41A8,
  0x3967, 0x2106, 0x18E6, 0x1907, 0x2946, 0x39A5, 0x2596, 0x15B7,
  0x2B6F, 0x55D7, 0x567B, 0x026B, 0x00C6, 0x00C7, 0x00C7, 0x0064,
  0x0821, 0x0001, 0x00C4, 0x00C5, 0x0042, 0x00A6, 0x00E8, 0x00E8,
  0x536F, 0x5C33, 0x018B, 0x012A, 0x0129, 0x0021, 0x0021, 0x0821,
  0x0021, 0x0821, 0x0022, 0x0043, 0x0021, 0x0821, 0x0821, 0x0821,
  0x0821, 0x0021, 0x0021, 0x0821, 0x0821, 0x0821, 0x0821, 0x0821,
  0x0821, 0x0821, 0x0821, 0x0821, 0x0821, 0x0821, 0x0821, 0x0821,
  0x0821, 0x0821, 0x0821, 0x0821, 0x0821, 0x0821, 0x0821, 0x0821,
  0x1800, 0x1800, 0x0821, 0x0800, 0x0020, 0x1821, 0x0021, 0x0042,
  0x0042, 0x2209, 0x4C12, 0x0D36, 0x0B11, 0x018C, 0x02B0, 0x00C9,
  0x00EA, 0x010B, 0x012C, 0x012C, 0x012C, 0x012B, 0x012B, 0x012A,
  0x0109, 0x0108, 0x0107, 0x00E6, 0x00E5, 0x00E5, 0x00E4, 0x00C4,
  0x00C3, 0x00A3, 0x00A3, 0x0082, 0x0062, 0x0042, 0x0042, 0x0042,
  0x0022, 0x0021, 0x0001, 0x0001, 0x0001, 0x0001, 0x0001, 0x0001,
  0x0001, 0x0001, 0x00E5, 0x0001, 0x0001, 0x0821, 0x0821, 0x0821,
  0x0001, 0x0001, 0x0001, 0x0001, 0x0001, 0x0001, 0x0021, 0x00C2,
  0x19C4, 0x2204, 0x0983, 0x0122, 0x00C2, 0x0081, 0x0081, 0x0061,
  0x0061, 0x0021, 0x0001, 0x0021, 0x0021, 0x0021, 0x0021, 0x0042,
  0x0042, 0x0042, 0x0062, 0x0062, 0x0062, 0x0082, 0x0082, 0x00A2,
  0x00A2, 0x4515, 0x5A43, 0x1963, 0x0144, 0x0143, 0x0182, 0x01A1,
  0x09C1, 0x1201, 0x1A61, 0x1341, 0x0241, 0x0181, 0x0100, 0x00E0,
  0x00A0, 0x0080, 0x0080, 0x0060, 0x0061, 0x0040, 0x0040, 0x00A0,
  0x0060, 0x0040, 0x0860, 0x1060, 0x1880, 0x28A0, 0x4920, 0x71A0,
  0x81E0, 0x8A00, 0x79C0, 0x6A20, 0x51E0, 0x5A60, 0x6280, 0x49C0,
  0x3940, 0x28C0, 0x20A0, 0x28C0, 0x3920, 0x72E0, 0xC580, 0xF720,
  0xDE60, 0xB4A0, 0x9360, 0x8B40, 0x6301, 0x3BE9, 0x346C, 0x346B,
  0x33EB, 0x11E4, 0x0121, 0x0121, 0x00E0, 0x00E0, 0x0900, 0x29C0,
  0x6321, 0x8C62, 0xB583, 0xCE24, 0xD645, 0xCE44, 0xCE25, 0xBDC6,
  0xB5A5, 0xB583, 0xBD82, 0xAD22, 0xA4E2, 0xA4C3, 0xA485, 0x9C86,
  0xA486, 0x9C87, 0x8428, 0x7BC9, 0x6B89, 0x6348, 0x5B27, 0x52E6,
  0x42A6, 0x4AC7, 0x5AE7, 0x5307, 0x5B68, 0x6B67, 0x6B87, 0x73A7,
  0x83E5, 0x8C24, 0x9423, 0x9C42, 0x9C01, 0x93A1, 0x93C1, 0xA401,
  0xB4A2, 0xBD24, 0xD5C5, 0xEEC6, 0xFF49, 0xFF09, 0xDE05, 0xA483,
  0x6280, 0x4160, 0x4140, 0x1880, 0x0820, 0x0820, 0x0820, 0x1040,
  0x0820, 0x0820, 0x58C0, 0xED93, 0xA40D, 0x7287, 0x6A67, 0x838C,
  0x838D, 0x6B0B, 0x41C8, 0x3987, 0x3167, 0x2947, 0x2127, 0x1907,
  0x10C5, 0x31A4, 0x2596, 0x2F9E, 0x5F3D, 0x3556, 0x028C, 0x0083,
  0x00A6, 0x00C6, 0x0084, 0x0884, 0x0043, 0x0023, 0x0022, 0x0043,
  0x00A6, 0x00E7, 0x00E8, 0x118A, 0x8536, 0x01AC, 0x014A, 0x012A,
  0x0085, 0x0064, 0x0021, 0x0021, 0x0001, 0x0021, 0x0021, 0x0821,
  0x0821, 0x0821, 0x0821, 0x0821, 0x0821, 0x0821, 0x0821, 0x0821,
  0x0821, 0x0821, 0x0821, 0x0001, 0x0001, 0x0821, 0x0821, 0x0821,
  0x0821, 0x0821, 0x0821, 0x0821, 0x0821, 0x0821, 0x0821, 0x0821,
  0x0821, 0x0821, 0x0821, 0x0821, 0x0821, 0x0820, 0x0820, 0x0020,
  0x0820, 0x0020, 0x0020, 0x0021, 0x0841, 0x21E8, 0x4B8F, 0x0CF5,
  0x12D0, 0x014A, 0x02AE, 0x00A8, 0x00EA, 0x0270, 0x0354, 0x0354,
  0x02D1, 0x018D, 0x018C, 0x018B, 0x016A, 0x0169, 0x0188, 0x0188,
  0x0187, 0x0166, 0x0166, 0x6BA7, 0x8447, 0x7C27, 0x2A24, 0x0123,
  0x0103, 0x00C3, 0x00C4, 0x00C3, 0x00A3, 0x0083, 0x0063, 0x0063,
  0x0042, 0x4A43, 0x7BC5, 0x7BC5, 0x5283, 0x0001, 0x0105, 0x0001,
  0x0821, 0x0821, 0x0821, 0x0821, 0x0082, 0x19C8, 0x0966, 0x0042,
  0x0001, 0x0001, 0x0021, 0x0021, 0x0061, 0x0062, 0x0061, 0x0041,
  0x0083, 0x328B, 0x32ED, 0x0125, 0x0021, 0x0001, 0x0001, 0x0021,
  0x0021, 0x0021, 0x0021, 0x0042, 0x0042, 0x0187, 0x0249, 0x0104,
  0x0062, 0x0082, 0x0082, 0x00A2, 0x00A2, 0x3D36, 0x6A83, 0x6B01,
  0x7B82, 0x8422, 0x9502, 0xA583, 0xB5C5, 0xB5E7, 0xBE08, 0xC64B,
  0xC66B, 0xC64A, 0xBE09, 0xB5A9, 0xA508, 0x7BC4, 0x3A41, 0x1181,
  0x0141, 0x0121, 0x0921, 0x0160, 0x08A0, 0x0860, 0x1080, 0x3100,
  0x61C0, 0x8A40, 0xB2A0, 0xD300, 0xDB80, 0xDBC1, 0xD422, 0xCCC3,
  0xC541, 0xC561, 0xC581, 0xCDE1, 0xD641, 0xDE41, 0xE620, 0xEE40,
  0xF701, 0xF701, 0xBD40, 0x6AC0, 0x39C0, 0x3B04, 0x4C6B, 0x3C6B,
  0x240B, 0x0A87, 0x0142, 0x0101, 0x0140, 0x1A80, 0x5421, 0x8D83,
  0xB644, 0xB624, 0xB5E3, 0xADA3, 0x9D02, 0x9CE2, 0x9C81, 0x8C42,
  0x8C23, 0x8C46, 0x8C47, 0x8428, 0x638A, 0x42EA, 0x4287, 0x09E8,
  0x0209, 0x0187, 0x31C6, 0x01C8, 0x0104, 0x00E4, 0x0104, 0x1964,
  0x00C3, 0x2923, 0x08A1, 0x0060, 0x0081, 0x0860, 0x0040, 0x0861,
  0x28E1, 0x0081, 0x0081, 0x00A2, 0x2901, 0x0942, 0x0124, 0x0124,
  0x0145, 0x0187, 0x01A7, 0x1144, 0x2961, 0x51E0, 0x7AE0, 0xB400,
  0xD4E0, 0xD500, 0xAC20, 0xA484, 0xA4C2, 0xA4C2, 0xA4C2, 0x7B82,
  0x3120, 0x1040, 0x1080, 0x0820, 0x40A0, 0x2880, 0xDC8E, 0xBCF1,
  0x7267, 0x7287, 0x730A, 0x4ACB, 0x226B, 0x1966, 0x4A28, 0x41C8,
  0x3147, 0x2947, 0x2127, 0x1928, 0x1107, 0x10A1, 0x1C10, 0x0411,
  0x00C4, 0x0021, 0x0021, 0x0084, 0x00C6, 0x0042, 0x3984, 0x1903,
  0x0021, 0x0064, 0x00A6, 0x00C7, 0x00E7, 0x00E8, 0x00E8, 0x7CD5,
  0x3AEF, 0x016B, 0x012A, 0x00C7, 0x0084, 0x0063, 0x0001, 0x0021,
  0x0021, 0x0021, 0x0021, 0x0821, 0x0821, 0x0821, 0x0821, 0x0821,
  0x0821, 0x0821, 0x0821, 0x0821, 0x0821, 0x0821, 0x0821, 0x0821,
  0x0821, 0x0821, 0x0821, 0x0821, 0x0821, 0x0821, 0x0821, 0x0821,
  0x0821, 0x0821, 0x0821, 0x0821, 0x0821, 0x0821, 0x0821, 0x0821,
  0x0821, 0x0820, 0x0820, 0x0820, 0x0820, 0x0820, 0x0820, 0x0821,
  0x1021, 0x29E7, 0x536E, 0x0CF4, 0x22AF, 0x012A, 0x028E, 0x00A8,
  0x010B, 0x0477, 0x065F, 0x067F, 0x0498, 0x016D, 0x014B, 0x014A,
  0x0128, 0x0127, 0x0126, 0x0125, 0x0125, 0x0125, 0x0165, 0xCE8B,
  0xFFCD, 0xFFCD, 0x73E6, 0x0123, 0x00E2, 0x00A2, 0x0082, 0x0082,
  0x0062, 0x0021, 0x0001, 0x0001, 0x0821, 0x9CA7, 0xF78B, 0xF76A,
  0xA4E7, 0x0001, 0x0126, 0x0001, 0x0821, 0x0821, 0x0041, 0x5CB3,
  0xB6FC, 0xB75E, 0x673E, 0x16FC, 0x0493, 0x0021, 0x0021, 0x0021,
  0x0021, 0x0021, 0x0042, 0x4C52, 0xBEFC, 0xD79F, 0xB73D, 0x46FC,
  0x0597, 0x0146, 0x0001, 0x0021, 0x0021, 0x0021, 0x0042, 0x0B4E,
  0x765A, 0xAF7D, 0x8F5D, 0x3F1C, 0x0535, 0x0104, 0x0082, 0x00A2,
  0x00A2, 0x2D16, 0x6242, 0x5AE1, 0x6380, 0x63A0, 0x7401, 0x8CA1,
  0xA522, 0xAD63, 0xAD83, 0xAD64, 0xB584, 0xBDC5, 0xC5C6, 0xCDE7,
  0xD628, 0xD66A, 0xDEAA, 0xE6EB, 0xDEEC, 0xCE4A, 0xC5E8, 0xBDC7,
  0xB585, 0xB563, 0xB563, 0xC5E5, 0xD645, 0xDE43, 0xF6A2, 0xFEE4,
  0xFF27, 0xFEE8, 0xFE86, 0xF624, 0xE5C1, 0xCD20, 0xC4E0, 0xBCE0,
  0xA440, 0xD580, 0xF6C0, 0xEEC1, 0xACE1, 0x52E1, 0x5C02, 0x4C63,
  0x3C47, 0x3429, 0x1285, 0x0222, 0x1341, 0x2440, 0x3540, 0x4DE0,
  0x4DE0, 0x6E01, 0x7D61, 0x6C62, 0x5382, 0x4B41, 0x5361, 0x5B61,
  0x6362, 0x4263, 0x1983, 0x0923, 0x0124, 0x0105, 0x0105, 0x2183,
  0x00A3, 0x0062, 0x10A0, 0x0840, 0x0840, 0x0820, 0x20C1, 0x0020,
  0x0860, 0x0040, 0x08C2, 0x39E1, 0x0020, 0x0840, 0x0020, 0x0040,
  0x0020, 0x0020, 0x0040, 0x0020, 0x1060, 0x0020, 0x0020, 0x0020,
  0x0820, 0x0020, 0x0020, 0x0040, 0x0840, 0x0020, 0x4200, 0x20C0,
  0x20A0, 0x1080, 0x3100, 0x59E0, 0x7280, 0x82E0, 0x6A40, 0x51C0,
  0x3940, 0x20E0, 0x49C0, 0x7342, 0x8BA2, 0x72C0, 0x51E0, 0x1880,
  0x2880, 0xBB68, 0xDDF5, 0x7267, 0x6A46, 0x6247, 0x22CC, 0x230F,
  0xAE39, 0x020A, 0x0147, 0x3986, 0x2947, 0x2127, 0x1928, 0x1928,
  0x1928, 0x08A6, 0x0021, 0x0821, 0x0001, 0x0022, 0x0085, 0x00C6,
  0x00A5, 0x3101, 0x10A2, 0x0062, 0x0021, 0x0021, 0x00A6, 0x00E7,
  0x00E7, 0x00E8, 0x532F, 0x7474, 0x018B, 0x012A, 0x0129, 0x0084,
  0x0022, 0x0084, 0x00E6, 0x0063, 0x0021, 0x0021, 0x0021, 0x0021,
  0x0021, 0x0821, 0x0821, 0x0821, 0x0821, 0x0821, 0x0821, 0x0821,
  0x0821, 0x0021, 0x0821, 0x0821, 0x0821, 0x0821, 0x0821, 0x0821,
  0x0821, 0x0821, 0x0821, 0x0821, 0x0821, 0x0821, 0x0800, 0x0821,
  0x0821, 0x0821, 0x0821, 0x0800, 0x0800, 0x1000, 0x3000, 0x1000,
  0x1000, 0x0800, 0x0800, 0x0820, 0x0821, 0x31A6, 0x632D, 0x0CD4,
  0x328F, 0x0109, 0x026E, 0x00C8, 0x012C, 0x03D6, 0x057D, 0x057D,
  0x03F7, 0x01CF, 0x01AE, 0x018C, 0x0148, 0x0147, 0x0146, 0x0266,
  0x1609, 0x1629, 0x0D08, 0xB629, 0xDF2B, 0xDF0B, 0x7C67, 0xC628,
  0xCE49, 0x9CE7, 0x5BA7, 0x8D4C, 0x8D4C, 0x4AE7, 0x0001, 0x0001,
  0x0821, 0x83E6, 0xD649, 0xD649, 0x8C46, 0x0001, 0x0126, 0x0001,
  0x0821, 0x0821, 0x0D55, 0xA79F, 0xE7BF, 0xCF5E, 0x1DBE, 0x0E1E,
  0x0EFE, 0x04F5, 0x0001, 0x0021, 0x0021, 0x0021, 0x1514, 0xAFBF,
  0xF7DF, 0xFFFF, 0xBE9B, 0x7D15, 0x3DF8, 0x0638, 0x0062, 0x0021,
  0x0021, 0x0042, 0x03AF, 0x877E, 0xEFBE, 0xFFFF, 0xD71C, 0xA659,
  0x5618, 0x0597, 0x00A3, 0x00A2, 0x00A2, 0x1D36, 0x6243, 0x11C3,
  0x1205, 0x1A25, 0x1204, 0x11A2, 0x11A1, 0x19C1, 0x1160, 0x19E1,
  0x1120, 0x1920, 0x2180, 0x4200, 0x6B01, 0x83C1, 0x93E1, 0x9402,
  0xA483, 0xB524, 0xC585, 0xCDE6, 0xCE05, 0xCDE3, 0xC5C3, 0xD624,
  0xDE03, 0xCD61, 0xCCC0, 0xC460, 0xC460, 0xBC00, 0xABA0, 0x92E0,
  0x7A60, 0x59E0, 0x5220, 0xB4E1, 0xEEC1, 0xE660, 0x9C60, 0x5322,
  0x5C23, 0x64E4, 0x3423, 0x0B63, 0x1441, 0x2560, 0x3620, 0x4680,
  0x3E00, 0x2D20, 0x2400, 0x1AE0, 0x11C0, 0x1A00, 0x2280, 0x2240,
  0x0980, 0x0920, 0x0080, 0x0060, 0x0040, 0x0040, 0x0040, 0x1060,
  0x0820, 0x0020, 0x0820, 0x0821, 0x0821, 0x0020, 0x1060, 0x0820,
  0x0820, 0x0821, 0x0821, 0x0020, 0x4180, 0x0020, 0x0081, 0x0020,
  0x0020, 0x0820, 0x0820, 0x0020, 0x0040, 0x0080, 0x0060, 0x0020,
  0x0020, 0x0820, 0x0020, 0x0020, 0x0820, 0x0020, 0x0840, 0x0820,
  0x0840, 0x1120, 0x0860, 0x0820, 0x0020, 0x0820, 0x0840, 0x1880,
  0x3100, 0x4140, 0x3920, 0x20C0, 0x1080, 0x0840, 0x0840, 0x0840,
  0x1060, 0x0840, 0x20A0, 0x49A0, 0xAB02, 0xE615, 0x82C8, 0x6A46,
  0x6A47, 0x31C7, 0x12CE, 0x8D77, 0xDF9E, 0x2B70, 0x0127, 0x2105,
  0x2127, 0x2127, 0x1928, 0x1928, 0x1908, 0x1108, 0x08C6, 0x00A6,
  0x00A6, 0x00C6, 0x00C6, 0x00C7, 0x0064, 0x28C0, 0x0021, 0x0021,
  0x0821, 0x0821, 0x00A5, 0x00E8, 0x00E8, 0x1169, 0x9577, 0x018C,
  0x014A, 0x016B, 0x0063, 0x0043, 0x00C5, 0x01A9, 0x0021, 0x0021,
  0x0021, 0x0022, 0x0021, 0x0021, 0x0021, 0x0001, 0x0021, 0x0821,
  0x0021, 0x0020, 0x0821, 0x0821, 0x0020, 0x0021, 0x0064, 0x0821,
  0x0821, 0x0821, 0x0821, 0x0821, 0x0821, 0x0821, 0x0821, 0x0821,
  0x0821, 0x0821, 0x0800, 0x0821, 0x0800, 0x0800, 0x0800, 0x0800,
  0x0800, 0x1000, 0x1800, 0x2000, 0x1000, 0x1800, 0x1800, 0x1820,
  0x1820, 0x4964, 0x7AEC, 0x14D4, 0x3A6E, 0x0909, 0x026D, 0x00C9,
  0x014C, 0x0396, 0x053D, 0x057D, 0x0418, 0x0293, 0x0292, 0x022F,
  0x0189, 0x0187, 0x0187, 0x0B08, 0x2F0C, 0x2F0C, 0x25EA, 0xB629,
  0xDF4B, 0xE74B, 0x84A7, 0xE72B, 0xEF2B, 0xB5A9, 0x5368, 0x84ED,
  0x84CD, 0x3A46, 0x0001, 0x0001, 0x0821, 0x8C06, 0xDE4A, 0xD609,
  0x8C05, 0x0001, 0x0126, 0x0001, 0x0821, 0x028B, 0x06FE, 0x865F,
  0xEFFF, 0xD77F, 0x055D, 0x047A, 0x020F, 0x069C, 0x024A, 0x0021,
  0x0021, 0x01C8, 0x3F7E, 0xCEFC, 0xF7DF, 0xFFFF, 0xC67A, 0x7452,
  0x3A8C, 0x15F7, 0x03F0, 0x0021, 0x0021, 0x0063, 0x1EDC, 0xC71C,
  0xFFFF, 0xFFFF, 0xDF3C, 0x9D96, 0x2A49, 0x0DD8, 0x0411, 0x00A2,
  0x00A2, 0x1536, 0x6283, 0x11A3, 0x0103, 0x00E3, 0x00E3, 0x00E3,
  0x0144, 0x0165, 0x01C8, 0x0209, 0x01E8, 0x0124, 0x00A1, 0x00A0,
  0x00E1, 0x00A0, 0x00C0, 0x0080, 0x00C1, 0x1941, 0x39C1, 0x5AA0,
  0x5A80, 0x62A0, 0x6AC1, 0x5A61, 0x39A0, 0x2900, 0x3100, 0x4120,
  0x5160, 0x5180, 0x4160, 0x3981, 0x5280, 0xB501, 0xEEC1, 0xDE21,
  0x8C21, 0x32A1, 0x33C2, 0x2D03, 0x25A3, 0x1E63, 0x26C2, 0x26A0,
  0x25A0, 0x1C60, 0x1320, 0x11E1, 0x0981, 0x09A1, 0x0981, 0x0100,
  0x00A0, 0x0080, 0x0060, 0x0040, 0x1060, 0x0020, 0x0820, 0x1040,
  0x0820, 0x0840, 0x1060, 0x0840, 0x0820, 0x0840, 0x0820, 0x0820,
  0x1860, 0x0820, 0x0820, 0x1040, 0x1040, 0x28A0, 0x4940, 0x0820,
  0x0840, 0x1020, 0x0820, 0x0820, 0x0820, 0x1860, 0x0840, 0x0020,
  0x0020, 0x0040, 0x0040, 0x0020, 0x0820, 0x0020, 0x3920, 0x4140,
  0x1060, 0x0820, 0x0020, 0x0820, 0x3A60, 0x3A60, 0x0020, 0x1840,
  0x0020, 0x0820, 0x0820, 0x0820, 0x1860, 0x30E0, 0x1040, 0x0820,
  0x0020, 0x0820, 0x0820, 0x3121, 0x1040, 0x0840, 0x0820, 0x5900,
  0xED73, 0x9BCD, 0x6A46, 0x6206, 0x5A07, 0x1946, 0x0A0B, 0x332F,
  0x7D77, 0x1A4C, 0x00C5, 0x2127, 0x2947, 0x5A6A, 0x6AAB, 0x6AAB,
  0x628B, 0x41C9, 0x08E7, 0x00E7, 0x00E7, 0x00E7, 0x00E7, 0x00E7,
  0x00A6, 0x0021, 0x0821, 0x0821, 0x0821, 0x0022, 0x00E7, 0x00E8,
  0x00E8, 0x84D5, 0x4310, 0x018B, 0x016B, 0x00C7, 0x0022, 0x0063,
  0x0085, 0x00C5, 0x0063, 0x0042, 0x0022, 0x00A6, 0x0021, 0x0021,
  0x0021, 0x0021, 0x0021, 0x0021, 0x0021, 0x0020, 0x0821, 0x0821,
  0x0821, 0x0020, 0x0021, 0x0821, 0x0821, 0x0821, 0x0821, 0x0821,
  0x0821, 0x0821, 0x0821, 0x0821, 0x0821, 0x0821, 0x0821, 0x0821,
  0x0800, 0x0800, 0x0800, 0x0800, 0x3820, 0x2800, 0x1800, 0x3000,
  0x3000, 0x2800, 0x3000, 0x3800, 0x4820, 0x7143, 0x92CB, 0x1CB4,
  0x3A4D, 0x08E8, 0x026D, 0x00C9, 0x014D, 0x0356, 0x04DD, 0x051D,
  0x03B7, 0x1517, 0x1DB8, 0x1535, 0x1C4E, 0x2610, 0x25EF, 0x0BEA,
  0x372D, 0x372C, 0x2E2B, 0xA5E9, 0xD6EB, 0xDF0C, 0x84A7, 0xDEEB,
  0xE70C, 0xB5AA, 0x3246, 0x532A, 0x4AC9, 0x1903, 0x0083, 0x0083,
  0x0063, 0x83C6, 0xD60A, 0xCDC9, 0x83C6, 0x0001, 0x0146, 0x0001,
  0x0001, 0x0473, 0x057C, 0x139B, 0x7DBE, 0xCF7F, 0x0479, 0x01EF,
  0x016E, 0x0538, 0x0472, 0x0021, 0x0021, 0x03D0, 0x5EFC, 0xADD8,
  0xCE9B, 0xF7DF, 0xC659, 0x4AED, 0x324A, 0x2BAF, 0x05D7, 0x0021,
  0x0021, 0x01E8, 0x371D, 0xADD8, 0xD71D, 0xFFDF, 0xD6FB, 0x4B0C,
  0x2229, 0x1BCF, 0x05D7, 0x0082, 0x00A2, 0x0D56, 0x5A63, 0x14D3,
  0x05D9, 0x05D8, 0x0597, 0x1596, 0x35B7, 0x5DD8, 0x7DF9, 0x8619,
  0x8619, 0x95B7, 0x7493, 0x120A, 0x01A9, 0x01A8, 0x00E1, 0x0141,
  0x29C1, 0x0061, 0x08C1, 0x1920, 0x0040, 0x0040, 0x0880, 0x10A0,
  0x0860, 0x18C1, 0x1080, 0x20E1, 0x2921, 0x21E3, 0x7BA3, 0xCD62,
  0xF640, 0xCDA0, 0x7C00, 0x1C00, 0x1DC0, 0x26C0, 0x2721, 0x2EA0,
  0x25C0, 0x1460, 0x0AC0, 0x0981, 0x1181, 0x11C1, 0x1181, 0x00E0,
  0x08C0, 0x0080, 0x0060, 0x0840, 0x1060, 0x2080, 0x4940, 0x51E0,
  0x72C0, 0x8B82, 0x9C04, 0xA445, 0xAC84, 0xB4E5, 0xBD47, 0xC567,
  0xC567, 0xC569, 0xCD8D, 0xCD8E, 0xC56D, 0xC52D, 0xBCED, 0xAC8C,
  0xA44A, 0x93A6, 0x7AA4, 0x5160, 0x3080, 0x3080, 0x3080, 0x30A0,
  0x30A0, 0x30C0, 0x1860, 0x0840, 0x0820, 0x0020, 0x0020, 0x0020,
  0x1840, 0x0020, 0x3100, 0x4181, 0x5A81, 0x0840, 0x0020, 0x0020,
  0x10A0, 0x0860, 0x0821, 0x0020, 0x0020, 0x0820, 0x0820, 0x0020,
  0x0020, 0x0820, 0x0020, 0x0020, 0x0020, 0x0020, 0x1040, 0x0820,
  0x0840, 0x1124, 0x2040, 0xCC0D, 0xB512, 0x6226, 0x5A06, 0x51E6,
  0x51E6, 0x2904, 0x0106, 0x0168, 0x0189, 0x0106, 0x18E5, 0x2967,
  0x5A8B, 0x9B4E, 0xE3F1, 0xF3B0, 0xCAAC, 0x59A7, 0x0907, 0x00E7,
  0x00E7, 0x00E7, 0x00E7, 0x00E7, 0x00C7, 0x00A6, 0x00A6, 0x0085,
  0x00A6, 0x00C7, 0x00E7, 0x00E8, 0x4AEE, 0x6C74, 0x01CD, 0x016B,
  0x014A, 0x0107, 0x0064, 0x0084, 0x0084, 0x0064, 0x0084, 0x0042,
  0x0084, 0x0084, 0x0022, 0x0042, 0x0021, 0x0022, 0x0022, 0x0021,
  0x0021, 0x0821, 0x0821, 0x0821, 0x0821, 0x0821, 0x00A5, 0x0021,
  0x0821, 0x0821, 0x0821, 0x0821, 0x0800, 0x0821, 0x0821, 0x0821,
  0x0821, 0x0821, 0x0821, 0x0821, 0x0800, 0x1000, 0x4000, 0x6000,
  0x5860, 0x1800, 0x1800, 0x2800, 0x5800, 0x6000, 0x6800, 0x7000,
  0x7000, 0x9143, 0x9ACB, 0x2494, 0x422D, 0x10C8, 0x028D, 0x00C9,
  0x016D, 0x0377, 0x04DE, 0x051E, 0x03D7, 0x2EBA, 0x377D, 0x2EDA,
  0x2551, 0x3F95, 0x3774, 0x14AC, 0x2F4C, 0x2F6C, 0x2E6C, 0xAE29,
  0xDF4B, 0xE74C, 0x84A7, 0xE74C, 0xEF6D, 0xBDEA, 0x00E2, 0x00A3,
  0x0062, 0x0021, 0x00A4, 0x00A4, 0x0083, 0x83A6, 0xD60A, 0xD5EA,
  0x8BE7, 0x0001, 0x0166, 0x0001, 0x0001, 0x0474, 0x04B7, 0x01B1,
  0x01F2, 0x4C16, 0x25DB, 0x13F6, 0x0232, 0x0497, 0x04F5, 0x0021,
  0x0021, 0x03AF, 0x2E19, 0x5B6F, 0x6BF0, 0x8472, 0x9D56, 0x6BB0,
  0x42CC, 0x3BD0, 0x05F8, 0x0021, 0x0041, 0x0209, 0x1E9B, 0x5BB0,
  0x7CB4, 0xA597, 0xA576, 0x5B8E, 0x32AB, 0x234E, 0x0619, 0x00A2,
  0x00A2, 0x0D56, 0x5263, 0x0A48, 0x01C8, 0x0104, 0x0105, 0x0126,
  0x0106, 0x0167, 0x01EA, 0x020B, 0x0A6D, 0x4455, 0x8DB9, 0x9E7B,
  0x861A, 0x54D6, 0x02D0, 0x026D, 0x01A8, 0x00A2, 0x0081, 0x08C0,
  0x0060, 0x0040, 0x0060, 0x10C1, 0x00E1, 0x0204, 0x0B88, 0x1469,
  0x8D26, 0xD5E2, 0xF641, 0xC580, 0x6CA0, 0x1580, 0x2680, 0x2E61,
  0x1D40, 0x13C1, 0x09E0, 0x09A1, 0x09A2, 0x09A3, 0x0184, 0x0102,
  0x00E1, 0x0901, 0x0880, 0x20C0, 0x51C0, 0x8320, 0xA420, 0xB4A0,
  0xB4E1, 0xBD21, 0xC581, 0xC562, 0xBD01, 0xC4C3, 0xC484, 0xBC03,
  0xC3A1, 0xC361, 0xCB81, 0xCB60, 0xD360, 0xDBA0, 0xEC22, 0xF462,
  0xF462, 0xFC84, 0xFCC7, 0xFCEA, 0xFD4D, 0xFD8F, 0xF5F1, 0xF610,
  0xE5CD, 0xD549, 0xBCC8, 0xA3C5, 0x8261, 0x5960, 0x30C0, 0x2080,
  0x1040, 0x30C0, 0x38E0, 0x0820, 0x1880, 0x0820, 0x0020, 0x0020,
  0x3120, 0x28E0, 0x0020, 0x0020, 0x0020, 0x0840, 0x0020, 0x0820,
  0x0821, 0x0820, 0x0020, 0x0820, 0x0820, 0x28A0, 0x0821, 0x0020,
  0x0821, 0x0820, 0x2880, 0x0020, 0x08C2, 0x1124, 0xBAA5, 0xD574,
  0x6227, 0x5A06, 0x51E6, 0x49C6, 0x41C6, 0x41A6, 0x2925, 0x18C4,
  0x18C4, 0x2105, 0x3167, 0x3187, 0x7249, 0xFB4E, 0xFA6B, 0xFA6B,
  0xFA6A, 0xB187, 0x0928, 0x00E7, 0x00E7, 0x00E7, 0x00E7, 0x00E7,
  0x00E7, 0x00E7, 0x00E7, 0x00E8, 0x00E8, 0x00E7, 0x00E8, 0x1169,
  0x8517, 0x020E, 0x01CD, 0x01AC, 0x00A5, 0x00A6, 0x018D, 0x00C6,
  0x0063, 0x0043, 0x0043, 0x0042, 0x0043, 0x0042, 0x00C5, 0x0063,
  0x0042, 0x0021, 0x0021, 0x0021, 0x0021, 0x0821, 0x0821, 0x0821,
  0x0821, 0x0821, 0x0063, 0x0042, 0x0821, 0x0821, 0x0821, 0x0021,
  0x0800, 0x1000, 0x1800, 0x1000, 0x0800, 0x0800, 0x0800, 0x0800,
  0x1000, 0x1000, 0x1000, 0x2000, 0x6000, 0x7000, 0x8020, 0x6020,
  0x6000, 0xB020, 0xB800, 0xB800, 0xB000, 0xC143, 0xAACA, 0x2C74,
  0x49EC, 0x10C7, 0x026D, 0x00C8, 0x016D, 0x03B8, 0x057F, 0x059F,
  0x0458, 0x3F1C, 0x47DF, 0x373C, 0x35D4, 0x47D9, 0x47D8, 0x1D2F,
  0x2F6D, 0x2F8D, 0x26AC, 0xB68A, 0xE78C, 0xE78C, 0x8D08, 0xEF8B,
  0xF78B, 0xBE29, 0x0124, 0x00E5, 0x00C5, 0x0062, 0x01E8, 0x0208,
  0x01A7, 0x6B06, 0xB52A, 0xB509, 0x7346, 0x0001, 0x0126, 0x0001,
  0x0001, 0x02CD, 0x05DB, 0x014E, 0x016E, 0x01AE, 0x0DDF, 0x67DF,
  0x5F3E, 0x0E7D, 0x0370, 0x0021, 0x0021, 0x01A8, 0x0EDC, 0x328C,
  0x2A0A, 0x21E9, 0x9535, 0xDF5D, 0xBE59, 0x6DF8, 0x04D3, 0x0021,
  0x0041, 0x00A3, 0x063B, 0x332E, 0x4B4F, 0x2A2A, 0x8CF4, 0xCEFB,
  0xA5D7, 0x55B7, 0x0515, 0x00A2, 0x00A2, 0x0D36, 0x4A43, 0x0121,
  0x00C2, 0x00C2, 0x00A1, 0x0081, 0x00C2, 0x00E2, 0x0081, 0x00A1,
  0x00A0, 0x00E5, 0x01EB, 0x026F, 0x1353, 0x5D58, 0x663B, 0x45D9,
  0x1C94, 0x0330, 0x02AE, 0x028E, 0x026C, 0x03B0, 0x0491, 0x04EF,
  0x0DCD, 0x468D, 0x866A, 0xC623, 0xDE00, 0xAD80, 0x54C1, 0x14A4,
  0x1448, 0x0B48, 0x0A04, 0x09C2, 0x0981, 0x01A2, 0x0182, 0x0A0A,
  0x0164, 0x1963, 0x4A45, 0x7A80, 0x8280, 0x8260, 0x92E0, 0x9300,
  0x82E0, 0x6A60, 0x5180, 0x5940, 0x30A0, 0x38A0, 0x38A0, 0x40A0,
  0x48A0, 0x5900, 0x6160, 0x6180, 0x61A0, 0x61C0, 0x59A0, 0x3920,
  0x4120, 0x4960, 0x4960, 0x51A0, 0x5A00, 0x72C0, 0x8360, 0x8BC0,
  0xA440, 0xBCC1, 0xCD02, 0xD562, 0xDD82, 0xE562, 0xE522, 0xE506,
  0xE525, 0xD4E3, 0xC4A2, 0xA3E1, 0x7B00, 0x4980, 0x4100, 0x28A0,
  0x30C0, 0x1040, 0x0840, 0x0820, 0x0820, 0x0840, 0x1040, 0x0020,
  0x0020, 0x1840, 0x0020, 0x0820, 0x0820, 0x0020, 0x1040, 0x0020,
  0x0820, 0x1040, 0x0820, 0x0820, 0x0821, 0x0821, 0x0820, 0x0840,
  0x0820, 0x6901, 0xDD53, 0x72C9, 0x5A06, 0x51E6, 0x49C6, 0x49C6,
  0x41A6, 0x41A6, 0x3986, 0x3986, 0x3166, 0x3166, 0x2947, 0x2147,
  0x99A7, 0xFA09, 0xFA29, 0xFA09, 0xF9E9, 0xA989, 0x0129, 0x00E7,
  0x0948, 0x3AEB, 0x330B, 0x330C, 0x1A0A, 0x00E7, 0x00E7, 0x00E7,
  0x00E7, 0x00E8, 0x0108, 0x6C73, 0x3B31, 0x022F, 0x01CE, 0x0129,
  0x00C6, 0x0270, 0x35BD, 0x012A, 0x0064, 0x0043, 0x0043, 0x0063,
  0x0064, 0x0042, 0x0042, 0x00A5, 0x0063, 0x0042, 0x0021, 0x0021,
  0x0021, 0x0021, 0x0021, 0x0001, 0x0064, 0x0821, 0x0821, 0x0022,
  0x0043, 0x0043, 0x0022, 0x0021, 0x0821, 0x0821, 0x1000, 0x2000,
  0x3800, 0x4800, 0x6000, 0x6800, 0x6800, 0x7800, 0x6820, 0x4000,
  0x4000, 0x4800, 0x7800, 0xC0A0, 0xE1C0, 0xF280, 0xF140, 0xF0C0,
  0xF080, 0xE9A3, 0xB30A, 0x3473, 0x51EC, 0x18C7, 0x028D, 0x00C8,
  0x016C, 0x0336, 0x04FE, 0x051E, 0x03F7, 0x36DB, 0x3F9E, 0x2EFB,
  0x2D94, 0x3F98, 0x3F97, 0x1D0F, 0x272D, 0x274D, 0x1E4B, 0x9E2A,
  0xCF2B, 0xCF0B, 0x7CE7, 0xDF2A, 0xDF29, 0xADE8, 0x0182, 0x0142,
  0x0102, 0x0082, 0x01E7, 0x0229, 0x01C7, 0x5AA5, 0x9C89, 0x9C8A,
  0x62E6, 0x0001, 0x0105, 0x0001, 0x0001, 0x0022, 0x05D9, 0x0415,
  0x010C, 0x0190, 0x049F, 0x369F, 0x67DF, 0x06DC, 0x0084, 0x0021,
  0x0021, 0x0021, 0x0556, 0x1577, 0x1987, 0x2A2A, 0x7C93, 0xC69B,
  0xE77E, 0x6F3C, 0x0186, 0x0041, 0x0041, 0x0062, 0x0494, 0x1598,
  0x2229, 0x2209, 0x6C52, 0xBE9B, 0xD73D, 0x66FC, 0x01E8, 0x00C2,
  0x00C3, 0x1556, 0x4223, 0x09A1, 0x00C1, 0x00E2, 0x00A1, 0x00A1,
  0x0081, 0x0061, 0x0060, 0x00E1, 0x0080, 0x0081, 0x00C1, 0x0061,
  0x00A2, 0x01EA, 0x022C, 0x024B, 0x0C11, 0x0D36, 0x0597, 0x05D7,
  0x0634, 0x0E6F, 0x2685, 0x3E81, 0x8620, 0xC600, 0xC5C0, 0x9CA2,
  0x4363, 0x02E8, 0x0266, 0x126A, 0x0A6C, 0x0A29, 0x11C4, 0x0961,
  0x0901, 0x2100, 0x3100, 0x5A04, 0x59E0, 0x59E0, 0x59C0, 0x4140,
  0x1860, 0x1020, 0x3060, 0x3880, 0x3080, 0x3060, 0x2860, 0x2860,
  0x0821, 0x0020, 0x30E0, 0x0821, 0x0020, 0x0821, 0x0821, 0x1860,
  0x0821, 0x28A0, 0x1060, 0x51A0, 0x2080, 0x20C0, 0x0020, 0x38E0,
  0x0020, 0x0840, 0x30C0, 0x30E0, 0x1080, 0x3160, 0x18C0, 0x2920,
  0x41A0, 0x7321, 0xACC2, 0xC5C3, 0xDE24, 0xE623, 0xD5A4, 0x9C43,
  0x6AA0, 0x82E0, 0x8B00, 0x7A60, 0x7220, 0x4920, 0x30C0, 0x30C0,
  0x1860, 0x1860, 0x1860, 0x1040, 0x1060, 0x0840, 0x1060, 0x0840,
  0x1860, 0x0820, 0x1020, 0x0820, 0x1020, 0x2060, 0x1040, 0x0820,
  0x0820, 0x38A0, 0x4900, 0x0821, 0x50E0, 0xD4B0, 0x93EE, 0x6206,
  0x5A06, 0x72E9, 0x8B4A, 0x8329, 0x6247, 0x3986, 0x3986, 0x3166,
  0x3166, 0x2946, 0x2946, 0x2127, 0x68A3, 0xE967, 0xF9A7, 0xF9A8,
  0xD188, 0x39AB, 0x00E7, 0x11C8, 0x3B2B, 0x4508, 0x3E29, 0x35E7,
  0x23EA, 0x01C9, 0x00E7, 0x00E7, 0x00E7, 0x00E8, 0x4B0E, 0x74D6,
  0x0250, 0x020F, 0x01EE, 0x01CA, 0x00C6, 0x00C7, 0x01CE, 0x00A6,
  0x00E8, 0x0085, 0x0063, 0x0043, 0x0065, 0x0043, 0x0043, 0x0064,
  0x00A5, 0x0108, 0x0084, 0x0021, 0x0021, 0x0021, 0x0021, 0x0042,
  0x00E8, 0x00E7, 0x00A6, 0x0064, 0x0001, 0x0821, 0x0021, 0x0821,
  0x0821, 0x0821, 0x0821, 0x1820, 0x4040, 0x0800, 0x2820, 0x1800,
  0x3000, 0x5000, 0x7000, 0x8800, 0xA000, 0xC000, 0xD040, 0xE060,
  0xF080, 0xF960, 0xFBE1, 0xFD67, 0xFCE4, 0xFB22, 0xB32A, 0x3C74,
  0x59ED, 0x20C7, 0x02AE, 0x00E8, 0x016C, 0x0315, 0x04FD, 0x053E,
  0x0417, 0x2EBA, 0x379D, 0x271B, 0x2D94, 0x3F77, 0x3F77, 0x1D2F,
  0x274E, 0x272D, 0x1E0B, 0x9E2A, 0xC70B, 0xC70B, 0x74A7, 0xD729,
  0xD729, 0xA5E7, 0x01E3, 0x01C3, 0x0183, 0x00E2, 0x0186, 0x01A6,
  0x0166, 0x5AA5, 0x9469, 0x9C6A, 0x62E6, 0x0001, 0x00E5, 0x0001,
  0x0001, 0x0001, 0x01C9, 0x067B, 0x05FB, 0x0438, 0x04BF, 0x05FF,
  0x06DC, 0x02AC, 0x0021, 0x0021, 0x0021, 0x0041, 0x0082, 0x0556,
  0x1619, 0x2CB4, 0x6556, 0x767A, 0x4EBC, 0x036E, 0x0041, 0x0041,
  0x0061, 0x0082, 0x00A2, 0x04F5, 0x0DB8, 0x1C31, 0x54D4, 0x7E7B,
  0x4EDC, 0x038F, 0x00C2, 0x00E2, 0x00E3, 0x1D76, 0x3A03, 0x0121,
  0x00C1, 0x00C1, 0x00A1, 0x00C1, 0x00A1, 0x00A1, 0x00C1, 0x00C0,
  0x0080, 0x00E1, 0x1181, 0x0080, 0x0101, 0x0142, 0x01A1, 0x0222,
  0x0322, 0x0C42, 0x1D81, 0x2642, 0x2604, 0x5D85, 0x9543, 0xBD42,
  0xACA1, 0x7384, 0x23AE, 0x0A86, 0x0A45, 0x1AAF, 0x122A, 0x1A07,
  0x11A4, 0x1140, 0x18E0, 0x18A0, 0x28C0, 0x38E0, 0x1040, 0x30E0,
  0x0820, 0x0020, 0x1860, 0x0820, 0x2040, 0x0821, 0x0020, 0x0821,
  0x1040, 0x0821, 0x18E0, 0x0821, 0x0821, 0x1020, 0x0821, 0x0821,
  0x0820, 0x0821, 0x1020, 0x0821, 0x0820, 0x28A0, 0x0020, 0x0821,
  0x0821, 0x0820, 0x0820, 0x0820, 0x0821, 0x0820, 0x0020, 0x2080,
  0x0020, 0x28C0, 0x0820, 0x0820, 0x0840, 0x18A0, 0x20C0, 0x3940,
  0x3960, 0x49C0, 0x7321, 0xACE4, 0xCE27, 0xDE68, 0xCE07, 0xAD05,
  0x8381, 0x7240, 0x7A00, 0x69C0, 0x6140, 0x40C0, 0x30A0, 0x28A0,
  0x2880, 0x2060, 0x20A0, 0x2080, 0x2080, 0x2880, 0x5940, 0x2060,
  0x38E0, 0x5140, 0x2060, 0x4100, 0x1020, 0x0820, 0x0820, 0x38E0,
  0xD42B, 0xBD53, 0x6226, 0x6226, 0x7AE9, 0x7A47, 0x91E6, 0x89A5,
  0x61A5, 0x51E6, 0x3165, 0x3166, 0x2946, 0x2946, 0x2146, 0x2147,
  0x10C4, 0x60A3, 0x8946, 0x7187, 0x2168, 0x00A5, 0x0127, 0x12C9,
  0x3DC8, 0x36C6, 0x2EE6, 0x2F06, 0x26C6, 0x0209, 0x00E7, 0x00E7,
  0x0107, 0x1169, 0x9DB8, 0x0AD2, 0x0271, 0x0291, 0x0109, 0x00E8,
  0x00E8, 0x0064, 0x0065, 0x0085, 0x01CD, 0x0065, 0x0064, 0x0064,
  0x00E7, 0x016B, 0x01EE, 0x018C, 0x00E7, 0x0042, 0x0043, 0x0043,
  0x0107, 0x018B, 0x01AB, 0x016A, 0x00C7, 0x0022, 0x0821, 0x0821,
  0x0821, 0x0821, 0x0821, 0x0821, 0x0821, 0x0800, 0x3000, 0x0800,
  0x0800, 0x0800, 0x1000, 0x1020, 0x0800, 0x0800, 0x1000, 0x1000,
  0x3000, 0x6800, 0x9000, 0xC020, 0xE920, 0xF9E0, 0xFAE1, 0xFC03,
  0xFD23, 0xFD00, 0xB368, 0x3C53, 0x59EC, 0x28C7, 0x024C, 0x00E8,
  0x016B, 0x02D5, 0x043C, 0x047D, 0x03D7, 0x1639, 0x1F1B, 0x26BA,
  0x2574, 0x3717, 0x36F6, 0x1CF0, 0x1ECE, 0x16AE, 0x15AC, 0x858A,
  0xAE6A, 0xAE4A, 0x6467, 0xBE48, 0xBE47, 0x9526, 0x01A4, 0x0123,
  0x00E3, 0x00A3, 0x0083, 0x0062, 0x0042, 0x4205, 0x7BA8, 0x83C8,
  0x5265, 0x0001, 0x00E5, 0x0001, 0x0021, 0x0021, 0x0021, 0x0043,
  0x038F, 0x0515, 0x04F5, 0x0370, 0x00C5, 0x0021, 0x0021, 0x0021,
  0x0041, 0x0041, 0x0041, 0x0041, 0x028A, 0x04D4, 0x0556, 0x0452,
  0x0105, 0x0041, 0x0061, 0x0061, 0x0081, 0x00A2, 0x00A2, 0x00A2,
  0x024A, 0x0493, 0x0556, 0x0453, 0x0187, 0x00E2, 0x00E2, 0x0103,
  0x0123, 0x1576, 0x4243, 0x0142, 0x0102, 0x00C1, 0x00E1, 0x00A1,
  0x00A1, 0x00A0, 0x00C1, 0x01E4, 0x0141, 0x01C2, 0x0283, 0x0323,
  0x0BC3, 0x1C82, 0x1D21, 0x1D80, 0x1582, 0x1D25, 0x3CC7, 0x7487,
  0x9CA5, 0xAC64, 0x8BC3, 0x42C2, 0x1A23, 0x22A6, 0x1C72, 0x2309,
  0x2204, 0x2182, 0x08E0, 0x10E0, 0x0880, 0x0060, 0x0020, 0x1040,
  0x1020, 0x1840, 0x1040, 0x0020, 0x1840, 0x0820, 0x1020, 0x1860,
  0x0821, 0x2080, 0x0821, 0x0821, 0x0040, 0x0821, 0x0860, 0x0020,
  0x0821, 0x0821, 0x0840, 0x1060, 0x0820, 0x0020, 0x0820, 0x0821,
  0x0020, 0x0840, 0x3100, 0x28C0, 0x0821, 0x0821, 0x1060, 0x1060,
  0x1880, 0x28A0, 0x0821, 0x0821, 0x0821, 0x0020, 0x1040, 0x0820,
  0x0840, 0x18A0, 0x0840, 0x1060, 0x1080, 0x1880, 0x59E0, 0x18E0,
  0x1900, 0x31C1, 0x5281, 0x8C24, 0xB586, 0xCE28, 0xCE48, 0xCE06,
  0xBDA7, 0xACA6, 0x8B63, 0x7200, 0x6160, 0x6120, 0x6160, 0x5100,
  0x40E0, 0x40E0, 0x40C0, 0x40A0, 0x40C0, 0x40C0, 0x4100, 0x38C0,
  0x1840, 0x69C0, 0x7A41, 0xB323, 0xD5B5, 0x6247, 0x59E5, 0x6A47,
  0x8143, 0xB984, 0xE38D, 0xC144, 0xA0E3, 0x3903, 0x3165, 0x2965,
  0x2946, 0x2146, 0x2126, 0x2126, 0x2126, 0x18E5, 0x0883, 0x0883,
  0x08A4, 0x08E6, 0x0127, 0x02E8, 0x3708, 0x26E6, 0x26E6, 0x2706,
  0x1EE6, 0x024A, 0x0107, 0x0107, 0x0108, 0x8D15, 0x5C35, 0x02F4,
  0x02D4, 0x0250, 0x00A6, 0x0086, 0x00C8, 0x0086, 0x0085, 0x00C7,
  0x00E7, 0x01AB, 0x02B2, 0x0313, 0x0272, 0x018D, 0x00A6, 0x00C7,
  0x016B, 0x0311, 0x0333, 0x02B1, 0x01ED, 0x00A6, 0x0063, 0x0022,
  0x0022, 0x0021, 0x0821, 0x0022, 0x0821, 0x0821, 0x0821, 0x0821,
  0x0821, 0x0821, 0x0800, 0x1800, 0x2000, 0x2800, 0x1800, 0x0821,
  0x0821, 0x0800, 0x6080, 0x0800, 0x1000, 0x78A0, 0x3800, 0x5800,
  0x8800, 0xB800, 0xE040, 0xFA42, 0xFBE6, 0xFC86, 0xBB68, 0x4433,
  0x618B, 0x28C8, 0x0A2C, 0x01AA, 0x01CB, 0x020D, 0x026E, 0x02AF,
  0x02EF, 0x0B50, 0x0BB1, 0x13F1, 0x1C11, 0x1C31, 0x1C31, 0x2430,
  0x2430, 0x1C0F, 0x1BEE, 0x1B8D, 0x134C, 0x0B0B, 0x0AEA, 0x0ACA,
  0x0AA9, 0x0A89, 0x0248, 0x01E7, 0x01A7, 0x0166, 0x0105, 0x00E5,
  0x00C5, 0x00C4, 0x0083, 0x0063, 0x0063, 0x0043, 0x00E5, 0x0021,
  0x0021, 0x0021, 0x0021, 0x0021, 0x0021, 0x0021, 0x0021, 0x0021,
  0x0021, 0x0021, 0x0021, 0x0041, 0x0041, 0x0041, 0x0041, 0x0041,
  0x0041, 0x0041, 0x0041, 0x0041, 0x0061, 0x0061, 0x0061, 0x0081,
  0x00A2, 0x00A2, 0x00A2, 0x00C2, 0x00C2, 0x00C2, 0x00C2, 0x00E2,
  0x00E2, 0x0103, 0x0103, 0x0123, 0x0164, 0x0D97, 0x4264, 0x0182,
  0x0122, 0x00E1, 0x0162, 0x00E1, 0x0141, 0x0201, 0x02A3, 0x0365,
  0x0BC3, 0x2CA2, 0x4580, 0x45E0, 0x35C1, 0x2546, 0x0C46, 0x33A7,
  0x6407, 0x9C87, 0xACA4, 0x8BE3, 0x52E3, 0x1A43, 0x2A84, 0x2A63,
  0x3242, 0x21C1, 0x29A0, 0x2940, 0x20E0, 0x1060, 0x0020, 0x0020,
  0x0820, 0x0821, 0x0821, 0x1020, 0x0821, 0x0821, 0x38E0, 0x0820,
  0x0821, 0x0821, 0x4980, 0x0821, 0x0821, 0x2060, 0x18E0, 0x0840,
  0x0821, 0x0821, 0x0821, 0x0020, 0x0821, 0x0821, 0x0821, 0x0821,
  0x0821, 0x0820, 0x0820, 0x0821, 0x0820, 0x28C0, 0x3900, 0x1040,
  0x0840, 0x0821, 0x0020, 0x1080, 0x2900, 0x28E0, 0x1840, 0x1860,
  0x0020, 0x0020, 0x0821, 0x2080, 0x0840, 0x0020, 0x0860, 0x0020,
  0x18A0, 0x0020, 0x28C0, 0x20A0, 0x0840, 0x1060, 0x1060, 0x1080,
  0x10C0, 0x10E0, 0x1960, 0x42A2, 0x7C25, 0xA547, 0xC629, 0xD688,
  0xD688, 0xCE28, 0xC5A8, 0xB50A, 0xA448, 0x9325, 0x8A41, 0x81A0,
  0x91A0, 0x9200, 0x81A0, 0x79A0, 0x5920, 0x7180, 0xA2C1, 0xD532,
  0x732B, 0x51E5, 0x51C5, 0x4164, 0x9861, 0xB104, 0xF555, 0xEC71,
  0xA0C2, 0x3040, 0x3165, 0x2945, 0x2945, 0x2126, 0x2126, 0x2126,
  0x2126, 0x2106, 0x18E5, 0x10C5, 0x10C5, 0x08E6, 0x0106, 0x0285,
  0x26A8, 0x1F06, 0x1EE6, 0x1EE6, 0x0526, 0x026B, 0x0108, 0x0128,
  0x532F, 0x9578, 0x03B6, 0x0335, 0x0376, 0x02B2, 0x00E8, 0x00A7,
  0x0129, 0x00E7, 0x022C, 0x1C95, 0x157A, 0x0437, 0x020F, 0x00E9,
  0x016C, 0x0311, 0x0CF8, 0x153A, 0x04B8, 0x0332, 0x0108, 0x0063,
  0x0042, 0x0063, 0x0063, 0x0022, 0x0021, 0x0021, 0x0021, 0x0021,
  0x0821, 0x0821, 0x0821, 0x0821, 0x0821, 0x0821, 0x0821, 0x0821,
  0x0821, 0x1000, 0x4000, 0x4800, 0x5000, 0x3800, 0x1000, 0x0800,
  0x4020, 0x2800, 0x7000, 0x6800, 0x3800, 0x4820, 0x7000, 0xA000,
  0xC800, 0xD940, 0xB286, 0x3C14, 0x612A, 0x30E8, 0x10E7, 0x0189,
  0x01CA, 0x01EB, 0x022C, 0x024C, 0x026D, 0x02CE, 0x030E, 0x0B6F,
  0x0BB0, 0x13D0, 0x13CF, 0x13CF, 0x13CF, 0x13CE, 0x138D, 0x134C,
  0x0B0B, 0x02CA, 0x02AA, 0x026A, 0x0249, 0x0229, 0x0209, 0x01C8,
  0x0187, 0x0167, 0x0126, 0x0105, 0x00E5, 0x00C5, 0x00A4, 0x0084,
  0x0084, 0x0084, 0x0022, 0x0021, 0x0021, 0x0021, 0x0021, 0x0021,
  0x0021, 0x0021, 0x0021, 0x0021, 0x0021, 0x0021, 0x0041, 0x0041,
  0x0041, 0x0061, 0x0061, 0x0061, 0x0061, 0x0061, 0x0061, 0x0061,
  0x0061, 0x0061, 0x0081, 0x00A1, 0x00A2, 0x00C2, 0x00C2, 0x00C2,
  0x00E2, 0x00E2, 0x0102, 0x0102, 0x0123, 0x0123, 0x0143, 0x0183,
  0x0225, 0x0639, 0x4AA4, 0x0A42, 0x0AC2, 0x1321, 0x0BA1, 0x03A1,
  0x2422, 0x54C1, 0x6D00, 0x6D00, 0x64C0, 0x5483, 0x2C48, 0x0C8C,
  0x34EB, 0x5CA8, 0x7C65, 0x9463, 0x83C1, 0x5AE1, 0x2A82, 0x32A3,
  0x32A4, 0x2A23, 0x0920, 0x00A0, 0x00A0, 0x0040, 0x0020, 0x0020,
  0x0020, 0x0020, 0x0020, 0x0821, 0x0821, 0x0821, 0x0821, 0x0821,
  0x0821, 0x0821, 0x0821, 0x0821, 0x0821, 0x0821, 0x0821, 0x0821,
  0x0821, 0x0821, 0x0821, 0x0821, 0x0821, 0x0821, 0x0821, 0x0821,
  0x0821, 0x0821, 0x0821, 0x0821, 0x0020, 0x0820, 0x2080, 0x0821,
  0x0020, 0x1040, 0x0821, 0x0821, 0x0821, 0x0821, 0x0821, 0x0821,
  0x0821, 0x0821, 0x0821, 0x0020, 0x0020, 0x0821, 0x0821, 0x0840,
  0x0860, 0x0020, 0x0821, 0x0020, 0x08C0, 0x0821, 0x0821, 0x1040,
  0x0020, 0x0821, 0x0821, 0x0820, 0x1020, 0x0020, 0x0020, 0x0020,
  0x0040, 0x0061, 0x00A1, 0x00A1, 0x2941, 0x3A01, 0x6344, 0x8C67,
  0xA52B, 0xBDCC, 0xCE0A, 0xD629, 0xE648, 0xEE88, 0xEE46, 0xEE04,
  0xEDC4, 0xE564, 0xE4CD, 0xA491, 0x51C5, 0x49A5, 0x41A5, 0x28E3,
  0x7000, 0x9986, 0xAA8A, 0xBB2C, 0x7820, 0x2861, 0x2944, 0x41C5,
  0x7328, 0x7B8A, 0x838A, 0x7B49, 0x39A6, 0x18E5, 0x18E5, 0x10C5,
  0x08C6, 0x00E6, 0x00E6, 0x0106, 0x0406, 0x0DE9, 0x0E6D, 0x0DCF,
  0x03EF, 0x0128, 0x0128, 0x11CA, 0xAE3A, 0x1C57, 0x0439, 0x0419,
  0x0271, 0x020E, 0x022D, 0x3433, 0x4558, 0x2D59, 0x1CB7, 0x0B53,
  0x0292, 0x0395, 0x0519, 0x2E1C, 0x2DFD, 0x14F9, 0x02D3, 0x016C,
  0x00C7, 0x0063, 0x0063, 0x0022, 0x0042, 0x0042, 0x0043, 0x0043,
  0x0042, 0x0022, 0x0001, 0x0821, 0x0821, 0x0821, 0x0821, 0x0821,
  0x0821, 0x0821, 0x0800, 0x0821, 0x0821, 0x0821, 0x0821, 0x0800,
  0x1800, 0x3000, 0x4000, 0x6000, 0x7000, 0x5800, 0x4800, 0x6000,
  0x8000, 0x8800, 0x6000, 0x5800, 0x7000, 0x9921, 0xBA64, 0x43B3,
  0x41EE, 0x4909, 0x39AA, 0x2A0B, 0x2A6C, 0x2ACE, 0x2B4F, 0x2BB0,
  0x2BF1, 0x2C31, 0x2C72, 0x2CD3, 0x34F3, 0x3513, 0x3D33, 0x3D33,
  0x3D13, 0x4513, 0x44F2, 0x3CD2, 0x3CB1, 0x3C91, 0x3451, 0x3430,
  0x2BEF, 0x23AE, 0x1B6E, 0x1B4D, 0x130D, 0x12EC, 0x12CC, 0x12AC,
  0x0A8B, 0x0A6B, 0x0A4A, 0x0209, 0x01E9, 0x01E9, 0x01C8, 0x01A8,
  0x01A8, 0x01C8, 0x01C8, 0x01E8, 0x01E8, 0x01C8, 0x01C8, 0x01C7,
  0x01C7, 0x01C7, 0x01C7, 0x01E6, 0x01E6, 0x01E6, 0x01E6, 0x01E6,
  0x01E5, 0x01E5, 0x0205, 0x0205, 0x0205, 0x0205, 0x0205, 0x0225,
  0x0225, 0x0225, 0x0245, 0x0A45, 0x0A44, 0x0A65, 0x1285, 0x1285,
  0x12A5, 0x1AC5, 0x1AE4, 0x2324, 0x1CF1, 0x0D95, 0x54A1, 0x4D01,
  0x6541, 0x8DC2, 0xAE43, 0xB621, 0x9D80, 0x7CA1, 0x43C6, 0x03CB,
  0x0C2D, 0x34AE, 0x5CCA, 0x6CA6, 0x7C83, 0x6BC2, 0x5301, 0x2A00,
  0x21E0, 0x21E0, 0x0920, 0x0900, 0x0080, 0x0040, 0x0840, 0x0821,
  0x0821, 0x0800, 0x0821, 0x0821, 0x0821, 0x0821, 0x0821, 0x0821,
  0x0821, 0x0821, 0x0821, 0x0821, 0x0821, 0x0821, 0x0821, 0x0840,
  0x0821, 0x0821, 0x0821, 0x0821, 0x0821, 0x0821, 0x0840, 0x0821,
  0x0821, 0x0821, 0x0821, 0x0821, 0x0821, 0x0821, 0x0821, 0x0821,
  0x0821, 0x0821, 0x0821, 0x0821, 0x0821, 0x0821, 0x0821, 0x0821,
  0x0821, 0x0821, 0x0821, 0x0821, 0x0821, 0x0821, 0x0821, 0x0821,
  0x0820, 0x0821, 0x0821, 0x0821, 0x0821, 0x0821, 0x0821, 0x0821,
  0x0821, 0x10A0, 0x0821, 0x0821, 0x0821, 0x0080, 0x0821, 0x0821,
  0x0820, 0x0821, 0x0821, 0x0020, 0x0821, 0x0020, 0x0020, 0x0020,
  0x0021, 0x0041, 0x0040, 0x0860, 0x0861, 0x0861, 0x18A0, 0x18C0,
  0x3940, 0x51A0, 0x5180, 0x5A00, 0x6AA0, 0xBC24, 0xB533, 0x49C5,
  0x41A4, 0x4185, 0x3985, 0x3144, 0x2800, 0x5800, 0x6000, 0x5820,
  0x3820, 0x18E3, 0x41E5, 0x7B27, 0xCE4E, 0xF7B0, 0xFFCE, 0xD68C,
  0x7B26, 0x18E5, 0x10C5, 0x08C5, 0x00C6, 0x00C6, 0x00E6, 0x00E7,
  0x00E6, 0x0125, 0x01C5, 0x0147, 0x0128, 0x0129, 0x0149, 0x9D76,
  0x7537, 0x053B, 0x053C, 0x0D9C, 0x1559, 0x25FB, 0x3DDB, 0x3519,
  0x0BB6, 0x03B5, 0x1D19, 0x467D, 0x2F1F, 0x1EDF, 0x0D9C, 0x0398,
  0x01CF, 0x00E9, 0x00C7, 0x0064, 0x0043, 0x0043, 0x0064, 0x0086,
  0x00A6, 0x00A5, 0x0063, 0x0021, 0x0821, 0x0821, 0x0821, 0x0821,
  0x0821, 0x0821, 0x0821, 0x0821, 0x0821, 0x0821, 0x0821, 0x0821,
  0x0821, 0x0821, 0x0821, 0x0821, 0x0821, 0x0821, 0x0800, 0x4040,
  0x2000, 0x5800, 0x9820, 0xA820, 0xA800, 0x8800, 0x9000, 0x9800,
  0xA000, 0xA820, 0xDAC5, 0xA164, 0x42F3, 0x2B12, 0x3352, 0x33B3,
  0x3414, 0x3C55, 0x4495, 0x4CD6, 0x5516, 0x5D37, 0x6577, 0x6577,
  0x6577, 0x6DB8, 0x75B8, 0x75B7, 0x75B7, 0x7DD7, 0x7DB7, 0x75B7,
  0x75B7, 0x75B8, 0x75B8, 0x75B8, 0x6D97, 0x6577, 0x5D57, 0x6557,
  0x5D57, 0x5D57, 0x5D77, 0x5D57, 0x5D57, 0x5516, 0x54F5, 0x4CF5,
  0x44D5, 0x3CD4, 0x2CD5, 0x24B5, 0x2494, 0x24B5, 0x24D5, 0x2CD5,
  0x24D5, 0x24D5, 0x24B5, 0x2CB5, 0x2CB5, 0x34B5, 0x34D5, 0x34B5,
  0x3494, 0x3C74, 0x3C74, 0x3C73, 0x3C74, 0x4494, 0x3C94, 0x3474,
  0x3474, 0x3494, 0x3474, 0x3474, 0x3494, 0x3474, 0x2C73, 0x2C74,
  0x2C33, 0x2C52, 0x2C93, 0x2492, 0x24B0, 0x24D0, 0x1CCF, 0x3D0E,
  0x85EE, 0xB645, 0xD707, 0xDF29, 0xCE46, 0x94E2, 0x4B83, 0x13E6,
  0x0448, 0x0C6A, 0x348A, 0x5C47, 0x7444, 0x7421, 0x63A0, 0x4AE0,
  0x2200, 0x19E0, 0x1140, 0x0080, 0x08A0, 0x0880, 0x0821, 0x0020,
  0x0880, 0x0821, 0x0821, 0x0020, 0x0821, 0x0821, 0x0821, 0x0821,
  0x0821, 0x0821, 0x0821, 0x0821, 0x0821, 0x0821, 0x0821, 0x0821,
  0x0821, 0x0821, 0x0821, 0x0020, 0x0821, 0x0821, 0x0821, 0x0821,
  0x0821, 0x0821, 0x0821, 0x0821, 0x0821, 0x0821, 0x0821, 0x0821,
  0x0821, 0x0821, 0x0821, 0x0821, 0x0821, 0x0821, 0x0821, 0x0821,
  0x0821, 0x0821, 0x0821, 0x0821, 0x0821, 0x0821, 0x0821, 0x0821,
  0x0821, 0x0821, 0x0821, 0x0821, 0x0821, 0x1060, 0x0821, 0x0821,
  0x0821, 0x0821, 0x0040, 0x0821, 0x0821, 0x0821, 0x0821, 0x0821,
  0x0821, 0x0080, 0x0020, 0x0821, 0x0820, 0x0821, 0x0020, 0x0821,
  0x0821, 0x0020, 0x0020, 0x0821, 0x0021, 0x08E1, 0x1081, 0x0021,
  0x1922, 0x0041, 0x0020, 0x0860, 0x1880, 0x28A0, 0x20C0, 0x28E0,
  0x7AE3, 0xB4D0, 0x62EA, 0x4185, 0x3985, 0x3985, 0x3965, 0x3165,
  0x2904, 0x1061, 0x1041, 0x0862, 0x18C4, 0x2145, 0x62A4, 0xC5C9,
  0xFFE9, 0xFFE9, 0xFFE9, 0xFFE9, 0xB546, 0x39A4, 0x08C5, 0x00C6,
  0x00C6, 0x00C6, 0x00E6, 0x00E7, 0x00E7, 0x00E7, 0x00E7, 0x0108,
  0x0128, 0x0129, 0x536F, 0xA5F9, 0x04F9, 0x05BC, 0x071F, 0x1F3E,
  0x1EFD, 0x1E9D, 0x26BD, 0x5EFE, 0x7F5F, 0x5F9F, 0x4F5F, 0x1E7F,
  0x04DC, 0x0316, 0x01F0, 0x0109, 0x0085, 0x0065, 0x00E8, 0x0109,
  0x012A, 0x0109, 0x00C7, 0x0043, 0x0021, 0x0021, 0x0020, 0x0020,
  0x0821, 0x0821, 0x0821, 0x0821, 0x0821, 0x0821, 0x0821, 0x0821,
  0x0821, 0x0821, 0x0821, 0x0821, 0x0821, 0x0821, 0x0821, 0x0821,
  0x0821, 0x0821, 0x4020, 0x0821, 0x0800, 0x4060, 0x1800, 0x3800,
  0x4000, 0x8800, 0xC0C0, 0xD140, 0xD9C0, 0xE140, 0xF181, 0xF2A2,
  0xC901, 0xA062, 0x7843, 0x5023, 0x3042, 0x2042, 0x1042, 0x0862,
  0x0883, 0x08A3, 0x08C4, 0x08E4, 0x08E5, 0x0105, 0x0105, 0x0105,
  0x0125, 0x0926, 0x0926, 0x0105, 0x0105, 0x0105, 0x0105, 0x0126,
  0x0125, 0x0105, 0x00E5, 0x00E5, 0x0907, 0x090A, 0x092B, 0x092B,
  0x092B, 0x010A, 0x00A3, 0x0063, 0x0062, 0x0042, 0x0042, 0x0021,
  0x0021, 0x0022, 0x0021, 0x0021, 0x0021, 0x0021, 0x0021, 0x0021,
  0x0021, 0x0021, 0x0021, 0x0021, 0x0021, 0x0021, 0x0020, 0x0020,
  0x0041, 0x0041, 0x0040, 0x0060, 0x0080, 0x00A0, 0x00C0, 0x00E0,
  0x0120, 0x0140, 0x01C0, 0x02C1, 0x1340, 0x1BC0, 0x1C00, 0x3C40,
  0x7D23, 0xAE26, 0xCEE8, 0xDF05, 0xBE44, 0x9525, 0x5BA3, 0x1386,
  0x23C5, 0x23E5, 0x2C26, 0x4C45, 0x6485, 0x7463, 0x73E1, 0x5B40,
  0x3A80, 0x19E0, 0x1180, 0x00C0, 0x0060, 0x00A0, 0x0020, 0x0821,
  0x0880, 0x10A0, 0x0821, 0x0821, 0x10E0, 0x0821, 0x0020, 0x0020,
  0x0821, 0x0821, 0x0821, 0x0821, 0x0020, 0x0821, 0x0821, 0x0821,
  0x0040, 0x0020, 0x0821, 0x0821, 0x0821, 0x0821, 0x0821, 0x0821,
  0x0821, 0x0821, 0x0821, 0x0821, 0x0821, 0x0821, 0x0821, 0x0821,
  0x0821, 0x0821, 0x0821, 0x0821, 0x0821, 0x0821, 0x0821, 0x0821,
  0x0821, 0x0821, 0x0821, 0x0821, 0x0821, 0x0821, 0x0821, 0x0821,
  0x0821, 0x0800, 0x0800, 0x0800, 0x0800, 0x0800, 0x0800, 0x0800,
  0x0800, 0x1060, 0x0821, 0x0821, 0x0821, 0x0821, 0x1080, 0x0821,
  0x0821, 0x0821, 0x0821, 0x0821, 0x0821, 0x0821, 0x0821, 0x0821,
  0x0020, 0x0021, 0x0041, 0x0021, 0x0021, 0x0021, 0x0081, 0x0041,
  0x00C1, 0x10A2, 0x2102, 0x0041, 0x0041, 0x0061, 0x0021, 0x0040,
  0x1860, 0x1060, 0x0020, 0x10A1, 0xABE6, 0x942F, 0x3984, 0x3964,
  0x3965, 0x3165, 0x3145, 0x3145, 0x2945, 0x2945, 0x2924, 0x2924,
  0x2124, 0x2145, 0x49E3, 0xDEA8, 0xFFE9, 0xFFE9, 0xFFE8, 0xFFC8,
  0xB544, 0x3184, 0x08E5, 0x3209, 0x530D, 0x4ACC, 0x3A6B, 0x1989,
  0x00E7, 0x00E7, 0x00E7, 0x0108, 0x0108, 0x098A, 0xAE19, 0x23D4,
  0x057B, 0x2F1E, 0x6FFF, 0x9FFF, 0xB7FF, 0xB7FF, 0xA7FF, 0x77BF,
  0x26BE, 0x051C, 0x03D8, 0x02D3, 0x01AE, 0x0109, 0x00E9, 0x014B,
  0x01AD, 0x01AD, 0x01CE, 0x012A, 0x0064, 0x0022, 0x0021, 0x0021,
  0x0021, 0x0020, 0x0821, 0x0821, 0x0821, 0x0821, 0x0821, 0x0821,
  0x0821, 0x0821, 0x0821, 0x0821, 0x0821, 0x0821, 0x0821, 0x0821,
  0x0821, 0x0821, 0x0821, 0x0821, 0x0821, 0x0821, 0x1800, 0x0821,
  0x4820, 0x4000, 0x3000, 0x3000, 0x2800, 0x3800, 0x6020, 0x8800,
  0xC0E0, 0xF2A0, 0xFBC0, 0xFCA1, 0xFC63, 0xE281, 0xB120, 0x98A0,
  0x9061, 0x9041, 0x7041, 0x6061, 0x4061, 0x2062, 0x1082, 0x10A3,
  0x08A4, 0x00C4, 0x00C4, 0x00E4, 0x00E5, 0x0105, 0x0905, 0x0925,
  0x0125, 0x0125, 0x0125, 0x0126, 0x0126, 0x0125, 0x0105, 0x0105,
  0x0292, 0x04BF, 0x04FF, 0x04FF, 0x04FF, 0x04BE, 0x00E6, 0x00A3,
  0x00A3, 0x00A3, 0x00A3, 0x00A3, 0x00A2, 0x00A2, 0x00A2, 0x00A2,
  0x00A2, 0x00A2, 0x00A2, 0x00A2, 0x00A2, 0x00C2, 0x00C2, 0x00C2,
  0x00C2, 0x00E2, 0x00E2, 0x0102, 0x0122, 0x0142, 0x0161, 0x01A1,
  0x01E1, 0x0221, 0x0281, 0x02E1, 0x0B61, 0x13E1, 0x1C20, 0x44A1,
  0x7D24, 0xB607, 0xD6CA, 0xD6C9, 0xBE06, 0x8CE4, 0x43C1, 0x13A2,
  0x0C08, 0x044B, 0x0304, 0x22E1, 0x4301, 0x5B82, 0x6BE2, 0x63C0,
  0x5320, 0x3A40, 0x1160, 0x00E0, 0x0080, 0x0060, 0x0020, 0x0020,
  0x0821, 0x0020, 0x0020, 0x0821, 0x0821, 0x0821, 0x0821, 0x0821,
  0x0821, 0x0821, 0x0821, 0x0060, 0x0821, 0x0821, 0x0821, 0x0821,
  0x0821, 0x0821, 0x0821, 0x0821, 0x0821, 0x0821, 0x0821, 0x0821,
  0x0821, 0x0821, 0x0821, 0x0821, 0x0821, 0x0821, 0x0821, 0x0821,
  0x0821, 0x0821, 0x0821, 0x0821, 0x0821, 0x0821, 0x0821, 0x0821,
  0x0821, 0x0821, 0x0821, 0x0821, 0x0821, 0x0821, 0x0821, 0x0821,
  0x0821, 0x0821, 0x0800, 0x0800, 0x0800, 0x0800, 0x0800, 0x0800,
  0x0800, 0x0800, 0x0800, 0x0800, 0x0800, 0x0800, 0x1860, 0x0800,
  0x1020, 0x0800, 0x0821, 0x0821, 0x0821, 0x0821, 0x0821, 0x0821,
  0x0821, 0x0821, 0x0020, 0x0020, 0x0041, 0x0041, 0x0041, 0x0021,
  0x0041, 0x0041, 0x0082, 0x0042, 0x0042, 0x0062, 0x0062, 0x0062,
  0x0082, 0x0062, 0x0082, 0x0041, 0x0041, 0x0860, 0x0103, 0x49A2,
  0x8B25, 0x736D, 0x3164, 0x3164, 0x3144, 0x3144, 0x2944, 0x2944,
  0x2924, 0x2924, 0x2924, 0x2124, 0x2124, 0x2124, 0x2944, 0xACE4,
  0xF787, 0xFFC8, 0xFFC8, 0xDEA6, 0x7301, 0x1905, 0x322A, 0x536F,
  0x75BA, 0x765D, 0x5D7A, 0x2ACE, 0x0129, 0x00E7, 0x00E7, 0x00E7,
  0x0108, 0x84D4, 0x6433, 0x0437, 0x05BC, 0x97FF, 0xD7FF, 0xBFFF,
  0x7FDF, 0x375F, 0x0E3D, 0x0479, 0x02D3, 0x020F, 0x016C, 0x01EF,
  0x0292, 0x0252, 0x0210, 0x01CE, 0x00E8, 0x0064, 0x0064, 0x0022,
  0x0021, 0x0021, 0x0021, 0x0021, 0x0021, 0x0821, 0x0821, 0x0821,
  0x0821, 0x0821, 0x0821, 0x0821, 0x0821, 0x0821, 0x0821, 0x0821,
  0x0821, 0x0821, 0x0821, 0x0821, 0x0821, 0x0821, 0x0821, 0x0821,
  0x0821, 0x0821, 0x0821, 0x0821, 0x3000, 0x0821, 0x0800, 0x1000,
  0x3000, 0x5000, 0x6800, 0x7820, 0x8800, 0xB000, 0xD860, 0xF100,
  0xF2C0, 0xF363, 0xE3C6, 0xD4A8, 0xCD6A, 0xBD29, 0x93C7, 0x8AE6,
  0x8A05, 0x8986, 0x8147, 0x7927, 0x7127, 0x6969, 0x5169, 0x4149,
  0x3929, 0x2949, 0x1969, 0x116A, 0x0989, 0x098A, 0x09AA, 0x018A,
  0x018A, 0x098A, 0x0969, 0x098A, 0x0A91, 0x14DB, 0x1D3C, 0x253C,
  0x251B, 0x24DA, 0x09EA, 0x01C8, 0x01A8, 0x0187, 0x0187, 0x01A7,
  0x01A8, 0x01A8, 0x01A8, 0x01C8, 0x01C8, 0x01E8, 0x01E8, 0x01E8,
  0x0208, 0x0208, 0x0228, 0x0228, 0x0227, 0x0247, 0x0267, 0x0286,
  0x02A5, 0x0AE5, 0x0B25, 0x1364, 0x1BE3, 0x1C42, 0x34A2, 0x5D03,
  0x95C8, 0xBEAD, 0xDF2F, 0xDEEE, 0xBDEA, 0x84A5, 0x4C05, 0x2C49,
  0x2C48, 0x1BE6, 0x13E7, 0x0BE9, 0x1386, 0x3300, 0x4B20, 0x4B00,
  0x4280, 0x2A00, 0x1960, 0x00E0, 0x0080, 0x0040, 0x0020, 0x0040,
  0x0020, 0x0821, 0x0821, 0x0821, 0x0821, 0x0821, 0x0821, 0x0821,
  0x0821, 0x0821, 0x0821, 0x0821, 0x0821, 0x0821, 0x00A0, 0x0060,
  0x0821, 0x0821, 0x0821, 0x0821, 0x0821, 0x0821, 0x0821, 0x0821,
  0x0821, 0x0821, 0x0821, 0x0821, 0x0821, 0x0821, 0x0020, 0x0020,
  0x0020, 0x0821, 0x0821, 0x0821, 0x0821, 0x0821, 0x0821, 0x0821,
  0x0821, 0x0821, 0x0821, 0x0821, 0x0821, 0x0821, 0x0821, 0x0821,
  0x0821, 0x0821, 0x0821, 0x0821, 0x0800, 0x0800, 0x0800, 0x0800,
  0x0800, 0x0800, 0x0800, 0x0800, 0x0800, 0x0800, 0x0800, 0x0800,
  0x0800, 0x0800, 0x0800, 0x0800, 0x0800, 0x0800, 0x0800, 0x0800,
  0x0821, 0x0821, 0x0821, 0x0821, 0x0821, 0x0821, 0x0021, 0x0021,
  0x0062, 0x0021, 0x0082, 0x0042, 0x0042, 0x0042, 0x0062, 0x0063,
  0x00A3, 0x00C4, 0x0105, 0x00A3, 0x00A3, 0x0083, 0x0062, 0x0082,
  0x0061, 0x0861, 0x0020, 0x59C1, 0x6A23, 0x630B, 0x39C6, 0x3144,
  0x2944, 0x2944, 0x2924, 0x2924, 0x2924, 0x2124, 0x2124, 0x2124,
  0x2124, 0x2124, 0x2124, 0x2922, 0x93E1, 0xB4E2, 0xA483, 0x6AE2,
  0x2103, 0x10E6, 0x21EA, 0x4D5D, 0x3DFF, 0x3DDF, 0x359F, 0x147B,
  0x014B, 0x00C7, 0x00C7, 0x00E7, 0x42AC, 0x8D16, 0x0313, 0x0376,
  0x05BC, 0x1F3F, 0x271E, 0x163C, 0x04B8, 0x0376, 0x0271, 0x0292,
  0x0375, 0x0459, 0x043A, 0x03D8, 0x0271, 0x012A, 0x0085, 0x0064,
  0x0085, 0x0022, 0x0021, 0x0021, 0x0021, 0x0021, 0x0021, 0x0821,
  0x0022, 0x0821, 0x0821, 0x0821, 0x0821, 0x0821, 0x0821, 0x0821,
  0x0821, 0x0821, 0x0821, 0x0821, 0x0821, 0x0821, 0x0821, 0x0821,
  0x0821, 0x0821, 0x0821, 0x0821, 0x0821, 0x0821, 0x0821, 0x0821,
  0x1800, 0x0821, 0x0821, 0x0821, 0x0821, 0x0800, 0x2000, 0x2800,
  0x5000, 0x6800, 0x8000, 0xA000, 0xA800, 0xA020, 0x9820, 0x8840,
  0x80C0, 0x8AA3, 0xA427, 0xBD0A, 0xCDAC, 0xCDEC, 0xCE0D, 0xB58D,
  0xA48D, 0x836D, 0x726E, 0x6A2F, 0x722F, 0x822F, 0x9A4F, 0x9A6F,
  0x928E, 0x8AB0, 0x82B1, 0x7290, 0x626F, 0x526F, 0x424F, 0x3A6F,
  0x32AF, 0x330F, 0x432F, 0x434F, 0x432E, 0x430D, 0x3ACC, 0x32CC,
  0x3AAB, 0x328B, 0x2A8B, 0x228B, 0x228B, 0x228C, 0x22AC, 0x22AB,
  0x1AEC, 0x230D, 0x2B0C, 0x336E, 0x43EF, 0x4C2F, 0x4C4F, 0x444F,
  0x3C2E, 0x342C, 0x2C6C, 0x2C69, 0x4488, 0x6D08, 0x8D86, 0xA605,
  0xB6A5, 0xD728, 0xE76A, 0xE6EB, 0xBDEA, 0x8CC7, 0x5BC3, 0x3B61,
  0x3342, 0x2B42, 0x1B24, 0x0AC3, 0x0A82, 0x0A81, 0x2AC0, 0x4380,
  0x4B80, 0x4300, 0x3240, 0x1140, 0x00A0, 0x0060, 0x0040, 0x0040,
  0x0020, 0x0020, 0x0020, 0x0821, 0x0821, 0x0821, 0x0821, 0x0821,
  0x0821, 0x0821, 0x0821, 0x0821, 0x0060, 0x0821, 0x0821, 0x0821,
  0x0821, 0x0821, 0x0821, 0x0821, 0x0821, 0x0821, 0x0821, 0x0821,
  0x0821, 0x0821, 0x0821, 0x0821, 0x0821, 0x0821, 0x0821, 0x0821,
  0x0821, 0x0020, 0x0820, 0x0820, 0x0820, 0x0820, 0x0020, 0x0821,
  0x0821, 0x0821, 0x0821, 0x0821, 0x0821, 0x0821, 0x0020, 0x0020,
  0x0020, 0x0821, 0x0821, 0x0821, 0x0821, 0x0821, 0x0821, 0x0800,
  0x0800, 0x0800, 0x0800, 0x1000, 0x1000, 0x1000, 0x1000, 0x1000,
  0x1000, 0x1000, 0x1000, 0x1000, 0x1000, 0x1000, 0x0800, 0x0800,
  0x0800, 0x0800, 0x0800, 0x0800, 0x0800, 0x0800, 0x0821, 0x0821,
  0x0821, 0x0001, 0x0021, 0x0021, 0x0062, 0x0042, 0x0022, 0x0042,
  0x0043, 0x0063, 0x0063, 0x0084, 0x00C4, 0x00C4, 0x0106, 0x0105,
  0x0105, 0x0126, 0x00E4, 0x0083, 0x0082, 0x0041, 0x0021, 0x4121,
  0x9AC2, 0x2924, 0x630C, 0x39C7, 0x2924, 0x2924, 0x2924, 0x2124,
  0x2124, 0x2124, 0x2124, 0x2164, 0x2164, 0x2124, 0x2124, 0x2124,
  0x2103, 0x2103, 0x2103, 0x18E4, 0x10E4, 0x08E6, 0x1A4F, 0x1CBF,
  0x251F, 0x253F, 0x1CDF, 0x0C1C, 0x01AE, 0x00A6, 0x00C6, 0x0107,
  0x9556, 0x1A2E, 0x0292, 0x0376, 0x03B6, 0x0394, 0x02F3, 0x02F4,
  0x0396, 0x0499, 0x051B, 0x04FA, 0x0416, 0x02D3, 0x018C, 0x0108,
  0x0065, 0x0043, 0x0042, 0x0042, 0x0022, 0x0021, 0x0021, 0x0022,
  0x0022, 0x0821, 0x0021, 0x0821, 0x0821, 0x0821, 0x0821, 0x0821,
  0x0022, 0x0821, 0x0821, 0x0821, 0x0821, 0x0821, 0x0821, 0x0821,
  0x0821, 0x0821, 0x0821, 0x0821, 0x0821, 0x0821, 0x0821, 0x0821,
  0x0821, 0x0821, 0x0821, 0x0821, 0x0821, 0x0821, 0x2800, 0x3800,
  0x0821, 0x0821, 0x1000, 0x0800, 0x0800, 0x2800, 0x3800, 0x4800,
  0x6000, 0x6800, 0x6000, 0x5800, 0x6000, 0x6020, 0x5020, 0x4840,
  0x5080, 0x6900, 0x8A20, 0xA3A3, 0xC506, 0xCDA4, 0xD5E4, 0xD604,
  0xD625, 0xCE07, 0xC5A8, 0xB4E7, 0xAC45, 0xA3A4, 0x9B22, 0xA2E1,
  0xAAC0, 0xB2C0, 0xB2C0, 0xBAE0, 0xBAE0, 0xB300, 0xBB20, 0xC361,
  0xC3C1, 0xC3E0, 0xC400, 0xCC20, 0xCC20, 0xCC60, 0xC460, 0xC460,
  0xC440, 0xBC20, 0xB3C0, 0xABC0, 0xAC00, 0xB441, 0xB461, 0xAC81,
  0xA4A2, 0xA502, 0xB582, 0xB5A1, 0xC5E0, 0xCE20, 0xDE60, 0xEEA0,
  0xEEE0, 0xF744, 0xFF86, 0xF76A, 0xD6A9, 0xADC5, 0x74E1, 0x2C41,
  0x1C01, 0x1381, 0x0B00, 0x02C0, 0x0280, 0x0240, 0x0A20, 0x1A20,
  0x2240, 0x32A0, 0x3AC0, 0x2220, 0x0140, 0x0100, 0x0060, 0x0040,
  0x0040, 0x0020, 0x0020, 0x0020, 0x0020, 0x0020, 0x0020, 0x0821,
  0x0821, 0x0821, 0x0821, 0x0821, 0x0821, 0x0821, 0x0821, 0x0821,
  0x0821, 0x0821, 0x0821, 0x0821, 0x0821, 0x0821, 0x0821, 0x0821,
  0x0821, 0x0821, 0x0821, 0x0821, 0x0821, 0x0821, 0x0821, 0x0821,
  0x0821, 0x0821, 0x0821, 0x0821, 0x0020, 0x0820, 0x0820, 0x0820,
  0x0820, 0x0820, 0x0820, 0x0020, 0x0821, 0x0821, 0x0821, 0x0821,
  0x0020, 0x0020, 0x0040, 0x0060, 0x0060, 0x0040, 0x0020, 0x0020,
  0x0821, 0x0821, 0x0800, 0x0800, 0x0800, 0x0800, 0x1000, 0x1000,
  0x1800, 0x1800, 0x1800, 0x1800, 0x1800, 0x1000, 0x1000, 0x1000,
  0x1000, 0x1000, 0x1000, 0x1000, 0x0800, 0x0800, 0x0800, 0x0800,
  0x0800, 0x0800, 0x0800, 0x0821, 0x0001, 0x0001, 0x0022, 0x0022,
  0x0022, 0x0023, 0x0043, 0x0043, 0x0064, 0x0084, 0x00A5, 0x00C5,
  0x0106, 0x0126, 0x01C8, 0x01E9, 0x01E9, 0x022A, 0x01A7, 0x00C3,
  0x0082, 0x0061, 0x0021, 0x0861, 0xD420, 0x8AA1, 0x3123, 0x5AEB,
  0x528A, 0x2924, 0x2124, 0x2124, 0x2104, 0x1904, 0x1904, 0x2A63,
  0x7CC6, 0x4A24, 0x5963, 0x2104, 0x2104, 0x1904, 0x18E4, 0x10C4,
  0x10C4, 0x08C5, 0x098C, 0x0BDE, 0x0C3F, 0x143F, 0x0C1F, 0x02B6,
  0x012A, 0x00A5, 0x00A6, 0x7C73, 0x63D1, 0x022F, 0x0291, 0x0335,
  0x01CE, 0x0375, 0x0D1B, 0x055C, 0x04B9, 0x0333, 0x01AD, 0x0108,
  0x00C7, 0x00E7, 0x0148, 0x0063, 0x0085, 0x0043, 0x0042, 0x0022,
  0x0021, 0x0021, 0x0021, 0x0021, 0x0001, 0x0821, 0x0821, 0x0821,
  0x0821, 0x0821, 0x0821, 0x0821, 0x0023, 0x0821, 0x0821, 0x0821,
  0x0821, 0x0821, 0x0821, 0x0821, 0x0821, 0x0821, 0x0821, 0x0821,
  0x0821, 0x0821, 0x0821, 0x0821, 0x0821, 0x0821, 0x0800, 0x0821,
  0x0821, 0x0821, 0x0821, 0x0800, 0x0821, 0x0821, 0x0821, 0x0800,
  0x0800, 0x1800, 0x1000, 0x1800, 0x2800, 0x2800, 0x3000, 0x2000,
  0x4000, 0x4800, 0x4800, 0x5000, 0x5820, 0x5040, 0x5860, 0x60A0,
  0x60C0, 0x68E0, 0x7140, 0x7140, 0x7180, 0x7A61, 0xA3A5, 0xB4A6,
  0xBD28, 0xCDC9, 0xD629, 0xDE6A, 0xE68B, 0xE6AB, 0xE6CC, 0xE6ED,
  0xE6EF, 0xE6EF, 0xE6CF, 0xDEAF, 0xDEAF, 0xDE8F, 0xDE8F, 0xDE6F,
  0xD66D, 0xDE8D, 0xD68E, 0xD68E, 0xD68E, 0xDEAE, 0xDEAC, 0xD68A,
  0xD689, 0xDEA8, 0xDEA7, 0xDEC7, 0xDEC5, 0xD663, 0xD642, 0xE6A1,
  0xF741, 0xFF82, 0xFF83, 0xEF22, 0xD662, 0xB5A2, 0x8D21, 0x5D21,
  0x3DC1, 0x3E20, 0x4E80, 0x5680, 0x5620, 0x3CC0, 0x2360, 0x1AE0,
  0x1260, 0x1200, 0x11E0, 0x0160, 0x0120, 0x00E0, 0x00A0, 0x00A0,
  0x0080, 0x0040, 0x0020, 0x0020, 0x0040, 0x0020, 0x0020, 0x0020,
  0x0020, 0x0020, 0x0020, 0x0020, 0x0040, 0x0821, 0x0821, 0x0821,
  0x0821, 0x0821, 0x0821, 0x0821, 0x0821, 0x0821, 0x0821, 0x0821,
  0x0821, 0x0821, 0x0821, 0x0821, 0x0821, 0x0821, 0x0821, 0x0821,
  0x0821, 0x0821, 0x0821, 0x0821, 0x0821, 0x0821, 0x0821, 0x0020,
  0x0820, 0x0820, 0x0820, 0x0820, 0x0820, 0x0820, 0x0820, 0x0820,
  0x0821, 0x0821, 0x0821, 0x0020, 0x0040, 0x0080, 0x00A0, 0x08C0,
  0x08C0, 0x08A0, 0x0880, 0x0840, 0x0820, 0x0800, 0x0800, 0x0800,
  0x0800, 0x1000, 0x1000, 0x1800, 0x2000, 0x2000, 0x2000, 0x2000,
  0x2000, 0x1800, 0x1800, 0x1800, 0x1000, 0x1000, 0x1000, 0x1000,
  0x1000, 0x1000, 0x0800, 0x0800, 0x0800, 0x0800, 0x0800, 0x0001,
  0x0001, 0x0002, 0x0003, 0x0003, 0x0024, 0x0024, 0x0024, 0x0044,
  0x0065, 0x0085, 0x00A6, 0x0107, 0x0168, 0x01C9, 0x028C, 0x034F,
  0x036F, 0x036F, 0x01C8, 0x0105, 0x00A3, 0x0062, 0x0082, 0x00A2,
  0x7A01, 0xA301, 0xAB21, 0x5161, 0x39A6, 0x52AA, 0x4228, 0x2104,
  0x1904, 0x1904, 0x1904, 0x10A2, 0x31C3, 0x9AC2, 0xC2E2, 0x18E3,
  0x18E3, 0x10E4, 0x10C4, 0x08C4, 0x08A4, 0x00A4, 0x0063, 0x0A11,
  0x1339, 0x1359, 0x02D4, 0x018B, 0x0064, 0x00A5, 0x426B, 0x9D36,
  0x01AD, 0x022F, 0x0314, 0x0356, 0x0356, 0x0313, 0x020F, 0x0109,
  0x00C8, 0x0129, 0x0064, 0x0063, 0x00A5, 0x00A5, 0x0148, 0x0063,
  0x0063, 0x0043, 0x0063, 0x0022, 0x0021, 0x0043, 0x0021, 0x0020,
  0x0821, 0x0821, 0x0821, 0x0821, 0x0821, 0x0821, 0x0821, 0x0821,
  0x0821, 0x0821, 0x0821, 0x0821, 0x0821, 0x0821, 0x0821, 0x0821,
  0x0821, 0x0821, 0x0821, 0x0821, 0x0821, 0x0821, 0x0821, 0x0821,
  0x0821, 0x0821, 0x0821, 0x0821, 0x0821, 0x0821, 0x0821, 0x0821,
  0x0821, 0x0821, 0x0821, 0x0821, 0x0821, 0x1000, 0x0821, 0x1000,
  0x0800, 0x0800, 0x2000, 0x0800, 0x2820, 0x0800, 0x0821, 0x0800,
  0x0800, 0x1000, 0x2820, 0x3820, 0x3820, 0x4020, 0x5080, 0x58E0,
  0x5900, 0x5900, 0x5900, 0x6140, 0x6940, 0x6940, 0x71A0, 0x79C0,
  0x71A0, 0x79A0, 0x81A0, 0x8A00, 0xA2A1, 0xA303, 0xA345, 0xAB66,
  0xAB86, 0xABA7, 0xABE7, 0xABE7, 0xA3C6, 0xA3C6, 0xA3C6, 0x9BA5,
  0x9364, 0x9BA4, 0x9362, 0x7AC0, 0x72A0, 0x8320, 0x9C40, 0xBD80,
  0xDEA1, 0xEEE1, 0xE6A0, 0xD620, 0xB561, 0x94A0, 0x6BE0, 0x53C0,
  0x4460, 0x4D80, 0x5E80, 0x7F23, 0xA7AA, 0xBFCD, 0xC7CE, 0xC78E,
  0xB6CA, 0x6461, 0x0A20, 0x0180, 0x8C91, 0xCE99, 0xCE99, 0xCE79,
  0x9CF3, 0x0060, 0x0040, 0x0040, 0x0040, 0x0020, 0x0020, 0x0020,
  0x0020, 0x6B4D, 0xCE59, 0xCE59, 0xCE59, 0xA534, 0x0020, 0x0020,
  0x0821, 0x0821, 0x0821, 0x0821, 0x0821, 0x0821, 0x0821, 0x0821,
  0x0821, 0x0821, 0x0821, 0x0821, 0x0821, 0x31A6, 0x9CD3, 0x9CD3,
  0x8430, 0x0821, 0x0821, 0x0821, 0x0821, 0x0821, 0x0821, 0x0821,
  0x0821, 0x0821, 0x0821, 0x0820, 0x0820, 0x39C7, 0xC5F7, 0xD6BA,
  0x9491, 0x0840, 0x0820, 0x0820, 0x0020, 0x0821, 0x0020, 0x0040,
  0x00A0, 0x5B03, 0xDECB, 0xDEEB, 0xDEEB, 0xCE49, 0x2980, 0x0880,
  0x0840, 0x0820, 0x0800, 0x0800, 0x1000, 0x1000, 0x38E3, 0xDD11,
  0xED72, 0xED52, 0xED52, 0xABAC, 0x2000, 0x2000, 0x1800, 0x1800,
  0x1800, 0x1000, 0x1000, 0x1000, 0x1000, 0x61A6, 0xE470, 0xEC71,
  0xEC50, 0xE430, 0x8208, 0x0801, 0x0002, 0x7493, 0xC75D, 0xBF5D,
  0xBF3D, 0xB73D, 0xB73D, 0xB73D, 0xB73D, 0xB73D, 0xB73D, 0xB73D,
  0xB73D, 0xAEFC, 0x965A, 0x4DB8, 0x05D8, 0x03F0, 0x0229, 0x0146,
  0x0924, 0x0062, 0x0062, 0x0061, 0x4922, 0x28A1, 0x59A1, 0x9AA0,
  0x9261, 0x3902, 0x41E7, 0x52CB, 0x4229, 0x1904, 0x18E4, 0x18E4,
  0x10C3, 0x20A2, 0x30C1, 0x10C3, 0x10C3, 0x10C4, 0x08C4, 0x08A4,
  0x00A4, 0x00A4, 0x0084, 0x0063, 0x0043, 0x0064, 0x0043, 0x0063,
  0x0064, 0x00A5, 0x9516, 0x21EC, 0x01EE, 0x022F, 0x022F, 0x00A6,
  0x0085, 0x0085, 0x00E8, 0x026F, 0x0B93, 0x0085, 0x0083, 0x00A4,
  0x0042, 0x0063, 0x0043, 0x0042, 0x0022, 0x0022, 0x0063, 0x0001,
  0x0063, 0x0042, 0x0021, 0x0821, 0x0821, 0x0821, 0x0001, 0x0821,
  0x0821, 0x0821, 0x0821, 0x0821, 0x0821, 0x0821, 0x0821, 0x0821,
  0x0821, 0x0821, 0x0821, 0x0821, 0x0821, 0x0821, 0x0821, 0x0821,
  0x0821, 0x0821, 0x0821, 0x0821, 0x0821, 0x0821, 0x0821, 0x0821,
  0x0821, 0x0821, 0x0821, 0x0821, 0x0821, 0x0821, 0x0821, 0x0821,
  0x0821, 0x0820, 0x0821, 0x0821, 0x0821, 0x0821, 0x0821, 0x0821,
  0x1800, 0x0820, 0x0821, 0x0821, 0x0821, 0x0821, 0x0800, 0x0821,
  0x0821, 0x0800, 0x1000, 0x2020, 0x2020, 0x2840, 0x2840, 0x3060,
  0x3060, 0x40A0, 0x38A0, 0x40C0, 0x48E0, 0x48E0, 0x5100, 0x5900,
  0x5920, 0x6120, 0x6940, 0x6960, 0x6940, 0x6960, 0x6980, 0x71A0,
  0x71A0, 0x6960, 0x6180, 0x61A0, 0x7260, 0x9BE0, 0xBD00, 0xC580,
  0xC5C0, 0xCE00, 0xC5C0, 0xACE0, 0x83C0, 0x5280, 0x3200, 0x2A20,
  0x2240, 0x22C0, 0x5C81, 0x8605, 0xA6E8, 0xB74A, 0xBF4C, 0xAF0D,
  0x9ECA, 0x7664, 0x4DC0, 0x2CC0, 0x1380, 0x01C0, 0x0120, 0x00A0,
  0xBE18, 0xFFFF, 0xFFFF, 0xFFFF, 0xFFDF, 0x5B0C, 0x0040, 0x0040,
  0x0080, 0x0020, 0x0020, 0x0020, 0x10C3, 0xDEFC, 0xFFFF, 0xFFFF,
  0xFFFF, 0xDEDB, 0x0040, 0x0020, 0x0020, 0x0020, 0x0821, 0x0821,
  0x0821, 0x0821, 0x0821, 0x0821, 0x0821, 0x0821, 0x0821, 0x0821,
  0x0821, 0x632C, 0xFFFF, 0xFFFF, 0xDEFB, 0x0821, 0x0821, 0x0821,
  0x0821, 0x0821, 0x0821, 0x0841, 0x0821, 0x0821, 0x0020, 0x0820,
  0x0840, 0xB596, 0xFFFF, 0xFFFF, 0xF7BE, 0x3185, 0x0820, 0x0820,
  0x0020, 0x0020, 0x0040, 0x0080, 0x08E0, 0xD689, 0xFFEB, 0xFFEB,
  0xFFEB, 0xFFEB, 0xAD46, 0x08E0, 0x0880, 0x0840, 0x0800, 0x0800,
  0x1000, 0x1800, 0x61A5, 0xFD70, 0xFD70, 0xFD50, 0xFD50, 0xFD30,
  0x79E6, 0x2000, 0x2000, 0x1800, 0x1800, 0x1800, 0x1800, 0x1800,
  0x2020, 0xDBAE, 0xFC50, 0xFC50, 0xFC30, 0xFC30, 0xAA8A, 0x0801,
  0x0003, 0x7D14, 0xBFFF, 0xBFFF, 0xC7FF, 0xC7FF, 0xC7FF, 0xC7FF,
  0xC7FF, 0xC7FF, 0xC7FF, 0xC7FF, 0xC7FF, 0xC7FF, 0xD7FF, 0xD7FF,
  0x7F7E, 0x04B3, 0x02AB, 0x01A7, 0x0145, 0x00A3, 0x0041, 0x0021,
  0x0841, 0x38A1, 0x2060, 0x1040, 0x5161, 0x8A41, 0x69C1, 0x28E2,
  0x4208, 0x4A8A, 0x39C8, 0x18E4, 0x18E4, 0x18E4, 0x10C4, 0x10C3,
  0x08C4, 0x08A4, 0x08A4, 0x00A4, 0x00A4, 0x0084, 0x0084, 0x0084,
  0x0084, 0x0064, 0x0064, 0x0064, 0x0064, 0x6BF1, 0x63B0, 0x01CD,
  0x01EE, 0x0270, 0x0064, 0x0043, 0x0043, 0x0064, 0x0043, 0x0128,
  0x01AA, 0x0042, 0x00E5, 0x00E6, 0x0042, 0x0022, 0x0022, 0x0022,
  0x0021, 0x0021, 0x0084, 0x0022, 0x0001, 0x0821, 0x0084, 0x0001,
  0x0821, 0x0821, 0x0821, 0x0821, 0x0821, 0x0821, 0x0821, 0x0023,
  0x0821, 0x0821, 0x0821, 0x0821, 0x0821, 0x0821, 0x0821, 0x0821,
  0x0821, 0x0821, 0x0821, 0x0821, 0x0821, 0x0821, 0x0821, 0x0821,
  0x0821, 0x0821, 0x0821, 0x0821, 0x0821, 0x0821, 0x0821, 0x0821,
  0x0821, 0x0821, 0x0821, 0x0821, 0x0821, 0x0821, 0x0821, 0x0821,
  0x0800, 0x0821, 0x0821, 0x0821, 0x0821, 0x0821, 0x0821, 0x0821,
  0x0821, 0x0821, 0x0800, 0x0821, 0x0821, 0x0821, 0x0821, 0x0821,
  0x0821, 0x0820, 0x2020, 0x3060, 0x3880, 0x38A0, 0x48C0, 0x5920,
  0x6980, 0x5960, 0x5960, 0x59A0, 0x61E0, 0x6A60, 0x6A80, 0x7280,
  0x72E0, 0x7B40, 0x83C1, 0x9441, 0x9462, 0x9C81, 0x9461, 0x9C80,
  0x8C40, 0x7BE0, 0x6300, 0x4220, 0x3180, 0x2160, 0x29C0, 0x2180,
  0x1980, 0x4340, 0x6441, 0x6CE1, 0x6D02, 0x7542, 0x7D64, 0x5CA3,
  0x3C40, 0x3400, 0x23C0, 0x13A0, 0x0AE0, 0x0220, 0x01A0, 0x0180,
  0x01A0, 0x0080, 0x00A0, 0x0040, 0xBDF7, 0xFFFF, 0xFFFF, 0xFFFF,
  0xFFFF, 0xCE9A, 0x0061, 0x0040, 0x0040, 0x0020, 0x0020, 0x0020,
  0x9CF3, 0xFFFF, 0xFFFF, 0xFFFF, 0xFFFF, 0xDEDB, 0x0040, 0x0020,
  0x0821, 0x0821, 0x0821, 0x0821, 0x0821, 0x0821, 0x0821, 0x0821,
  0x0821, 0x0821, 0x0821, 0x0821, 0x0821, 0x6B2D, 0xFFFF, 0xFFFF,
  0xDEFB, 0x0821, 0x0821, 0x0821, 0xB5B6, 0xF79E, 0xF7BE, 0x8C71,
  0x0821, 0x0821, 0x0820, 0x0820, 0x0840, 0x94B2, 0xFFFF, 0xFFFF,
  0xEF3C, 0x2103, 0x0820, 0x0820, 0x0020, 0x0020, 0x0060, 0x00C0,
  0x6B83, 0xFFC9, 0xFFE9, 0xFFC8, 0xFFE9, 0xFFE9, 0xF788, 0x4241,
  0x08C0, 0x0860, 0x0820, 0x0800, 0x1000, 0x1800, 0x6183, 0xFCCC,
  0xFCCC, 0xFCCC, 0xFCAC, 0xFC8C, 0xE3CB, 0x3040, 0x2000, 0x2000,
  0x1800, 0x1800, 0x1800, 0x1800, 0xA248, 0xFBAD, 0xFB8D, 0xFB8D,
  0xFB6D, 0xFB6D, 0xAA08, 0x0801, 0x0023, 0x6515, 0xA7FF, 0xA7FF,
  0xAFFF, 0xAF7E, 0xAF5E, 0xAF5E, 0xB77E, 0xB77E, 0xB77E, 0xB79E,
  0xB7BE, 0xBFFF, 0xC7FF, 0xBFFF, 0xAFFF, 0x3CD3, 0x024A, 0x0166,
  0x00E4, 0x0083, 0x0041, 0x0081, 0x0021, 0x0020, 0x1840, 0x2881,
  0x1860, 0x0840, 0x4100, 0x6180, 0x5920, 0x20A2, 0x39E8, 0x4A6A,
  0x39E8, 0x10E4, 0x10C4, 0x10C4, 0x08A4, 0x08A4, 0x00A4, 0x00A4,
  0x0084, 0x0084, 0x0084, 0x0084, 0x0063, 0x0063, 0x0063, 0x0064,
  0x3A09, 0x9515, 0x016B, 0x01CD, 0x0250, 0x018B, 0x0042, 0x0022,
  0x0022, 0x0022, 0x0022, 0x00A5, 0x0084, 0x0083, 0x0021, 0x0042,
  0x0021, 0x0021, 0x0021, 0x0043, 0x0021, 0x0021, 0x0021, 0x0021,
  0x0001, 0x0821, 0x0043, 0x0001, 0x0821, 0x0821, 0x0821, 0x0821,
  0x0821, 0x0821, 0x0821, 0x0821, 0x0821, 0x0821, 0x0821, 0x0821,
  0x0821, 0x0821, 0x0821, 0x0821, 0x0821, 0x0821, 0x0821, 0x0821,
  0x0821, 0x0821, 0x0821, 0x0821, 0x0821, 0x0821, 0x0821, 0x0821,
  0x0821, 0x0821, 0x0821, 0x0821, 0x0821, 0x0821, 0x0821, 0x0821,
  0x0821, 0x2800, 0x0820, 0x2000, 0x0821, 0x0821, 0x0821, 0x0821,
  0x0821, 0x1000, 0x4000, 0x0821, 0x0821, 0x0821, 0x0821, 0x0821,
  0x0821, 0x0821, 0x0821, 0x1000, 0x0820, 0x0821, 0x0821, 0x0800,
  0x0821, 0x1000, 0x0821, 0x0821, 0x2040, 0x0800, 0x2860, 0x2080,
  0x28E0, 0x28E0, 0x20C0, 0x20C0, 0x20C0, 0x1080, 0x18E0, 0x08A0,
  0x08A0, 0x0880, 0x0880, 0x0880, 0x0880, 0x10C0, 0x0860, 0x10E0,
  0x29C0, 0x3A60, 0x4AE0, 0x5B60, 0x5BE0, 0x5C01, 0x3AE0, 0x11E0,
  0x0980, 0x0140, 0x0140, 0x0160, 0x0120, 0x0080, 0x0100, 0x0140,
  0x1A40, 0x0060, 0x0140, 0x0060, 0x0040, 0x0060, 0x0040, 0x0020,
  0xBDF8, 0xFFFF, 0xFFFF, 0xFFFF, 0xFFFF, 0xFFFF, 0x7C10, 0x0041,
  0x0020, 0x0020, 0x0020, 0x3A08, 0xEF9E, 0xFFFF, 0xFFFF, 0xFFFF,
  0xFFFF, 0xD6DB, 0x0020, 0x0020, 0x0821, 0x0821, 0x0821, 0x0821,
  0x0821, 0x0821, 0x0821, 0x0821, 0x0821, 0x0821, 0x0821, 0x0821,
  0x0821, 0x632D, 0xFFFF, 0xFFFF, 0xDEFB, 0x0821, 0x0821, 0x0821,
  0xC638, 0xFFFF, 0xFFFF, 0x94B2, 0x0821, 0x0821, 0x0820, 0x0820,
  0x0840, 0x1060, 0x840F, 0xA513, 0x4A48, 0x1040, 0x0820, 0x0820,
  0x0020, 0x0040, 0x0080, 0x0900, 0xD686, 0xFFE7, 0xFFE7, 0xD6A5,
  0xE726, 0xFFE6, 0xFFE7, 0xB5A4, 0x1100, 0x10A0, 0x0840, 0x1020,
  0x1000, 0x2000, 0x6162, 0xFC68, 0xFC68, 0xFC48, 0xFC28, 0xFC08,
  0xFBE8, 0xAA65, 0x2000, 0x2000, 0x2000, 0x1800, 0x1800, 0x58E2,
  0xF30A, 0xFB0A, 0xFAEA, 0xFAEA, 0xFACA, 0xFACB, 0xA9C7, 0x0001,
  0x0023, 0x5515, 0x87DF, 0x87DF, 0x7FBF, 0x0989, 0x0107, 0x0127,
  0x0168, 0x01A9, 0x022A, 0x02CD, 0x13F0, 0x65F8, 0x9FFF, 0x97FF,
  0x97FF, 0x6618, 0x01A8, 0x0166, 0x00E4, 0x0083, 0x0082, 0x0021,
  0x0021, 0x0040, 0x0821, 0x0821, 0x1860, 0x1061, 0x1061, 0x0820,
  0x3080, 0x50E0, 0x40A0, 0x1882, 0x39E8, 0x52CB, 0x424A, 0x10C4,
  0x08A4, 0x00A4, 0x00A4, 0x0084, 0x0084, 0x0084, 0x0084, 0x0063,
  0x0063, 0x0063, 0x0063, 0x0084, 0x9515, 0x29EA, 0x01AC, 0x01EE,
  0x0250, 0x0042, 0x0021, 0x0042, 0x0021, 0x0021, 0x0021, 0x00A5,
  0x0084, 0x0021, 0x0021, 0x0021, 0x0022, 0x0021, 0x0021, 0x0128,
  0x0021, 0x0021, 0x0001, 0x0021, 0x0821, 0x0821, 0x0021, 0x0821,
  0x0821, 0x0821, 0x0821, 0x0821, 0x0821, 0x0821, 0x0821, 0x0821,
  0x0821, 0x0821, 0x0821, 0x0821, 0x0821, 0x0821, 0x0821, 0x0821,
  0x0821, 0x0821, 0x0821, 0x0821, 0x0821, 0x0821, 0x0821, 0x0821,
  0x0821, 0x0821, 0x0821, 0x0821, 0x0821, 0x0821, 0x0821, 0x0821,
  0x0821, 0x0821, 0x0821, 0x0821, 0x0821, 0x1000, 0x0821, 0x0821,
  0x0821, 0x0821, 0x0821, 0x0821, 0x0821, 0x0800, 0x0800, 0x0800,
  0x0821, 0x0821, 0x0821, 0x0821, 0x0821, 0x3800, 0x0800, 0x0821,
  0x0821, 0x0821, 0x0821, 0x0821, 0x0821, 0x0821, 0x0821, 0x0821,
  0x1820, 0x0821, 0x0020, 0x0020, 0x0020, 0x0040, 0x0020, 0x0040,
  0x0020, 0x0820, 0x20E0, 0x18C0, 0x0060, 0x0860, 0x18A0, 0x20E0,
  0x2940, 0x31A0, 0x4200, 0x4240, 0x31E0, 0x1940, 0x08C0, 0x0080,
  0x0080, 0x0060, 0x0060, 0x0040, 0x0060, 0x0120, 0x0100, 0x0060,
  0x0040, 0x0060, 0x0040, 0x0080, 0x1A40, 0x0060, 0x0080, 0x0020,
  0x00A0, 0x0020, 0x0821, 0x0821, 0xBDF8, 0xFFFF, 0xFFFF, 0xFFDF,
  0xFFFF, 0xFFFF, 0xDF1C, 0x10C3, 0x0020, 0x0020, 0x0020, 0xBE18,
  0xFFFF, 0xFFFF, 0xFFDF, 0xFFFF, 0xFFFF, 0xD6DB, 0x0020, 0x0020,
  0x2124, 0x3186, 0x2965, 0x0020, 0x0821, 0x0821, 0x0821, 0x0821,
  0x0861, 0x2124, 0x2945, 0x18E3, 0x0821, 0x632C, 0xFFFF, 0xFFFF,
  0xDEFB, 0x0821, 0x18C3, 0x2965, 0xCE58, 0xFFFF, 0xFFFF, 0x9CD3,
  0x2924, 0x3165, 0x3186, 0x2104, 0x0820, 0x1081, 0x3165, 0x3185,
  0x2944, 0x0840, 0x0820, 0x0820, 0x0020, 0x0060, 0x00A0, 0x73E2,
  0xFFE6, 0xFFE6, 0xFFC6, 0x6BC1, 0x8CC2, 0xFFE4, 0xFFE5, 0xF7A4,
  0x4AA0, 0x10C0, 0x1060, 0x1020, 0x1000, 0x1800, 0x6161, 0xFC05,
  0xFC05, 0xFBE5, 0xEB45, 0xFB85, 0xFB66, 0xF346, 0x60E1, 0x2000,
  0x2000, 0x2000, 0x2000, 0xD267, 0xFAC9, 0xFAA9, 0xF268, 0xF248,
  0xFA49, 0xFA49, 0xA986, 0x0002, 0x0023, 0x3D15, 0x5FBF, 0x5FBF,
  0x5F9F, 0x0168, 0x0085, 0x0085, 0x00A5, 0x00E5, 0x0126, 0x0188,
  0x024A, 0x02ED, 0x671C, 0x77DF, 0x77DF, 0x569B, 0x0146, 0x00E5,
  0x00C3, 0x0062, 0x0041, 0x0021, 0x0021, 0x0020, 0x10E0, 0x0020,
  0x0880, 0x0821, 0x0820, 0x1061, 0x1061, 0x0820, 0x1040, 0x2040,
  0x1041, 0x0062, 0x29A8, 0x52EC, 0x4AAB, 0x1926, 0x0084, 0x0084,
  0x0084, 0x0084, 0x0063, 0x0063, 0x0063, 0x0063, 0x0063, 0x73F1,
  0x638F, 0x016B, 0x01AC, 0x0250, 0x0108, 0x0021, 0x0021, 0x0021,
  0x0042, 0x0021, 0x0042, 0x0021, 0x0042, 0x0021, 0x0021, 0x0021,
  0x0108, 0x0001, 0x0021, 0x0021, 0x0021, 0x0821, 0x0821, 0x0001,
  0x0821, 0x0043, 0x0021, 0x0821, 0x0821, 0x0821, 0x0821, 0x0821,
  0x0821, 0x0821, 0x0821, 0x0821, 0x0821, 0x0821, 0x0821, 0x0821,
  0x0821, 0x0821, 0x0821, 0x0821, 0x0821, 0x0821, 0x0821, 0x0821,
  0x0821, 0x0821, 0x0821, 0x0821, 0x0821, 0x0821, 0x0821, 0x0821,
  0x0821, 0x0821, 0x0821, 0x0821, 0x0821, 0x0821, 0x0821, 0x0821,
  0x0821, 0x0800, 0x0821, 0x0821, 0x0821, 0x0821, 0x0821, 0x0821,
  0x0821, 0x0800, 0x0821, 0x0821, 0x0821, 0x0821, 0x0821, 0x0821,
  0x0821, 0x0821, 0x0821, 0x0821, 0x0821, 0x0821, 0x0821, 0x0821,
  0x0821, 0x0821, 0x0821, 0x0821, 0x0821, 0x0821, 0x0800, 0x0820,
  0x0020, 0x0040, 0x0020, 0x0020, 0x0840, 0x4100, 0x20C0, 0x20A0,
  0x18A0, 0x18C0, 0x18C0, 0x10A0, 0x0880, 0x0880, 0x0040, 0x0020,
  0x0020, 0x0040, 0x0040, 0x0040, 0x0920, 0x0080, 0x00C0, 0x0020,
  0x00A0, 0x0100, 0x0080, 0x0040, 0x0040, 0x0020, 0x0020, 0x0060,
  0x22C0, 0x0060, 0x0900, 0x0020, 0x00C0, 0x0020, 0x0020, 0x0821,
  0xBDF7, 0xFFFF, 0xFFFF, 0xCE9A, 0xE77D, 0xF7DF, 0xF7DF, 0x9CF3,
  0x0020, 0x0020, 0x6B6D, 0xEFBF, 0xF7DF, 0xF7DF, 0xBDF7, 0xFFFF,
  0xFFFF, 0xD6BA, 0x0821, 0x0821, 0xEF5D, 0xFFDF, 0xF7BE, 0x39E7,
  0x0821, 0x0821, 0x0821, 0x0821, 0xA534, 0xF7BE, 0xFFDF, 0xBDD7,
  0x0821, 0x634D, 0xFFFF, 0xFFFF, 0xDEFB, 0x0821, 0xE71C, 0xFFDF,
  0xFFFF, 0xFFFF, 0xFFFF, 0xFFDF, 0xFFDF, 0xFFDF, 0xFFDF, 0xCE79,
  0x0820, 0x73AE, 0xFFDF, 0xFFDF, 0xD6BA, 0x0820, 0x0820, 0x0820,
  0x0040, 0x0080, 0x0900, 0xCEC4, 0xF7E5, 0xF7E5, 0xC664, 0x1180,
  0x21C0, 0xD6E3, 0xF7E4, 0xF7E3, 0xB5E3, 0x1100, 0x1080, 0x1040,
  0x1000, 0x1800, 0x6121, 0xFBA4, 0xFBA4, 0xFBA4, 0x91C2, 0xEAE4,
  0xFB05, 0xFB05, 0xDA65, 0x2800, 0x2000, 0x2000, 0x9984, 0xFA87,
  0xFA88, 0xFA68, 0x9944, 0xE1E7, 0xFA08, 0xFA08, 0xA965, 0x0001,
  0x0023, 0x24D5, 0x375F, 0x375F, 0x2F3F, 0x0128, 0x0044, 0x0044,
  0x0044, 0x0064, 0x0085, 0x00C5, 0x0127, 0x0189, 0x3EBC, 0x47BF,
  0x47BF, 0x367C, 0x00E5, 0x00A4, 0x0083, 0x0062, 0x0041, 0x0021,
  0x0021, 0x0020, 0x0020, 0x0821, 0x0060, 0x0821, 0x0821, 0x0821,
  0x0020, 0x0861, 0x0861, 0x0820, 0x0820, 0x0820, 0x0021, 0x0042,
  0x2146, 0x4AAC, 0x4AAC, 0x29A8, 0x0084, 0x0084, 0x0063, 0x0063,
  0x0063, 0x0084, 0x636F, 0x638F, 0x0129, 0x018C, 0x01CD, 0x01CC,
  0x0001, 0x0021, 0x0084, 0x0021, 0x0022, 0x0021, 0x0042, 0x0042,
  0x0042, 0x00C5, 0x0021, 0x0021, 0x0001, 0x0001, 0x0001, 0x0001,
  0x0021, 0x0001, 0x0001, 0x0022, 0x0001, 0x0821, 0x0821, 0x0821,
  0x0821, 0x0821, 0x0821, 0x0821, 0x0821, 0x0821, 0x0821, 0x0821,
  0x0821, 0x0821, 0x0821, 0x0821, 0x0821, 0x0821, 0x0821, 0x0821,
  0x0821, 0x0821, 0x0821, 0x0821, 0x0821, 0x0821, 0x0821, 0x0821,
  0x0821, 0x0821, 0x0821, 0x0821, 0x0821, 0x0821, 0x0821, 0x0821,
  0x0821, 0x0821, 0x0821, 0x0821, 0x0821, 0x0821, 0x0821, 0x0821,
  0x0821, 0x0821, 0x0821, 0x0821, 0x0821, 0x0800, 0x0821, 0x0821,
  0x3800, 0x0821, 0x1000, 0x0821, 0x0821, 0x0821, 0x0821, 0x0821,
  0x0800, 0x0821, 0x0821, 0x0821, 0x0821, 0x0821, 0x0821, 0x0821,
  0x0821, 0x2000, 0x1800, 0x0821, 0x0020, 0x0020, 0x0020, 0x0020,
  0x0020, 0x0860, 0x48C0, 0x0020, 0x0020, 0x0020, 0x0020, 0x09E0,
  0x0060, 0x0020, 0x0020, 0x0020, 0x0020, 0x0020, 0x0020, 0x0020,
  0x0020, 0x00E0, 0x00E0, 0x0020, 0x0020, 0x0040, 0x0040, 0x0020,
  0x0040, 0x0920, 0x0060, 0x0080, 0x0040, 0x00C0, 0x00C0, 0x0960,
  0x0040, 0x0821, 0x0821, 0x0821, 0xB5D7, 0xF7BF, 0xEFBE, 0xBE18,
  0x94B3, 0xEFBF, 0xEFBF, 0xE75D, 0x4228, 0x0882, 0xCE9A, 0xEFBE,
  0xEFBF, 0xCE9A, 0x9492, 0xFFFF, 0xFFFF, 0xD6BA, 0x0821, 0x0821,
  0xEF7D, 0xFFFF, 0xFFDF, 0x39C7, 0x0821, 0x0821, 0x0821, 0x0821,
  0xAD75, 0xFFFF, 0xFFFF, 0xBDF7, 0x0821, 0x634D, 0xFFFF, 0xFFFF,
  0xDF1B, 0x0821, 0xEF5D, 0xFFFF, 0xFFFF, 0xFFFF, 0xFFFF, 0xFFFF,
  0xFFFF, 0xFFFF, 0xFFFF, 0xCE99, 0x0820, 0x7BEF, 0xFFFF, 0xFFFF,
  0xDEFB, 0x0820, 0x0820, 0x0820, 0x0060, 0x08C0, 0x7422, 0xE7C5,
  0xE7E5, 0xE7C4, 0x6381, 0x1160, 0x1160, 0x7C41, 0xE7C3, 0xE7C3,
  0xDF83, 0x5301, 0x10C0, 0x1060, 0x1020, 0x1800, 0x6100, 0xFB43,
  0xFB43, 0xFB43, 0x7941, 0x99A2, 0xFAC4, 0xFAA4, 0xFAA5, 0x9983,
  0x2000, 0x5081, 0xF246, 0xFA66, 0xFA47, 0xD1C6, 0x2000, 0xE1C6,
  0xF9E7, 0xF9E7, 0xA945, 0x0001, 0x0023, 0x0C95, 0x0EFF, 0x0F1F,
  0x0EFF, 0x0107, 0x0044, 0x0044, 0x0044, 0x0044, 0x0065, 0x0085,
  0x00C6, 0x0B30, 0x1F3F, 0x1F5F, 0x1F5F, 0x15B9, 0x00C4, 0x00A3,
  0x0062, 0x0041, 0x0021, 0x0021, 0x0020, 0x0821, 0x0821, 0x0821,
  0x0080, 0x0821, 0x0022, 0x0821, 0x0821, 0x0821, 0x0020, 0x0862,
  0x0862, 0x0020, 0x0821, 0x0001, 0x0022, 0x0043, 0x08C5, 0x426A,
  0x52ED, 0x52ED, 0x52CC, 0x5B0D, 0x6BD0, 0x7C32, 0x52ED, 0x0108,
  0x018B, 0x01AC, 0x024F, 0x0063, 0x0001, 0x0021, 0x0001, 0x0021,
  0x0021, 0x0001, 0x0043, 0x0042, 0x0042, 0x0021, 0x0021, 0x0021,
  0x0021, 0x0001, 0x0001, 0x0821, 0x0021, 0x0001, 0x0083, 0x0021,
  0x0821, 0x0821, 0x0821, 0x0001, 0x0821, 0x0821, 0x0821, 0x0821,
  0x0001, 0x0821, 0x0022, 0x0821, 0x0821, 0x0821, 0x0821, 0x0821,
  0x0821, 0x0821, 0x0821, 0x0821, 0x0821, 0x0821, 0x0821, 0x0821,
  0x0821, 0x0821, 0x0821, 0x0821, 0x0821, 0x0821, 0x0821, 0x0821,
  0x0821, 0x0821, 0x0821, 0x0821, 0x0821, 0x0821, 0x0821, 0x0821,
  0x0821, 0x0821, 0x0821, 0x0821, 0x1800, 0x0821, 0x0821, 0x0821,
  0x0821, 0x0821, 0x0821, 0x0821, 0x1000, 0x0821, 0x0821, 0x0821,
  0x0821, 0x0821, 0x0821, 0x0821, 0x0821, 0x0821, 0x0821, 0x0821,
  0x0821, 0x0821, 0x0821, 0x0821, 0x0821, 0x0821, 0x0821, 0x0821,
  0x0821, 0x0020, 0x0020, 0x0040, 0x08C0, 0x0040, 0x0020, 0x0821,
  0x0821, 0x0020, 0x0020, 0x0821, 0x0821, 0x0020, 0x0821, 0x0821,
  0x0020, 0x0821, 0x0020, 0x0020, 0x0020, 0x0040, 0x0020, 0x0020,
  0x0020, 0x0020, 0x0020, 0x0020, 0x00E0, 0x0020, 0x0040, 0x00E0,
  0x0060, 0x0821, 0x0821, 0x0821, 0x0821, 0x0821, 0x0821, 0x0821,
  0xAD96, 0xE75D, 0xE75D, 0xADB7, 0x08A2, 0xC67A, 0xDF5E, 0xDF5E,
  0xAD97, 0x8472, 0xE77E, 0xE77E, 0xDF5E, 0x5B0C, 0x8C72, 0xEFBF,
  0xEFBE, 0xCE7A, 0x0821, 0x0020, 0xEF7D, 0xFFDF, 0xF7BE, 0x39E7,
  0x0821, 0x0821, 0x0821, 0x0821, 0xAD75, 0xFFDF, 0xF7DF, 0xBDD7,
  0x0821, 0x632C, 0xF7DF, 0xF7DF, 0xD6FB, 0x0821, 0x4A69, 0x5AEB,
  0xCE79, 0xFFFF, 0xFFFF, 0xAD55, 0x632C, 0x630C, 0x630C, 0x4A49,
  0x0820, 0x7BEF, 0xFFFF, 0xFFFF, 0xDEFB, 0x0820, 0x0820, 0x0840,
  0x0880, 0x1120, 0xBEC3, 0xD7A4, 0xD7A4, 0xAE43, 0x0940, 0x0940,
  0x0940, 0x11A0, 0xB6A2, 0xCFA3, 0xCFA3, 0xA622, 0x10E0, 0x1080,
  0x1040, 0x1000, 0x58E0, 0xFAE3, 0xFAE3, 0xFAC3, 0x7921, 0x2800,
  0xD203, 0xFA44, 0xFA44, 0xEA24, 0x5881, 0xC9A4, 0xFA25, 0xFA25,
  0xF205, 0x60A2, 0x1800, 0xE185, 0xF9C6, 0xF9C6, 0xA924, 0x0001,
  0x0023, 0x0455, 0x069F, 0x069F, 0x067F, 0x0D3A, 0x055A, 0x0D5A,
  0x0D3A, 0x0D3A, 0x0D5A, 0x0D7B, 0x0DBC, 0x0E9F, 0x0EBF, 0x06BF,
  0x06BF, 0x0371, 0x0083, 0x0062, 0x0042, 0x0041, 0x0021, 0x0041,
  0x0020, 0x0821, 0x0821, 0x0020, 0x0020, 0x0821, 0x0821, 0x0821,
  0x0043, 0x0043, 0x0821, 0x0821, 0x0020, 0x0062, 0x0062, 0x0021,
  0x0021, 0x0021, 0x0042, 0x0063, 0x0063, 0x08A4, 0x2987, 0x31C8,
  0x1926, 0x00A5, 0x0108, 0x014A, 0x018B, 0x0230, 0x016A, 0x0821,
  0x00E5, 0x0001, 0x0001, 0x0021, 0x0021, 0x0001, 0x0001, 0x0042,
  0x0042, 0x0042, 0x0021, 0x0821, 0x0064, 0x0021, 0x0821, 0x0021,
  0x0106, 0x0042, 0x0021, 0x0020, 0x0821, 0x0821, 0x0821, 0x0821,
  0x0821, 0x0821, 0x0821, 0x0821, 0x0821, 0x0821, 0x0821, 0x0821,
  0x0821, 0x0821, 0x0821, 0x0821, 0x0821, 0x0821, 0x0821, 0x0821,
  0x0821, 0x0821, 0x0821, 0x0821, 0x0821, 0x0821, 0x0821, 0x0821,
  0x0821, 0x0821, 0x0821, 0x0821, 0x0821, 0x0821, 0x0821, 0x0821,
  0x0821, 0x0821, 0x0821, 0x0821, 0x0821, 0x0821, 0x0821, 0x0821,
  0x0800, 0x0821, 0x0821, 0x0821, 0x0821, 0x0821, 0x0800, 0x0821,
  0x0821, 0x0821, 0x0821, 0x0821, 0x0821, 0x0821, 0x0821, 0x0821,
  0x0821, 0x0821, 0x0821, 0x0821, 0x0821, 0x0821, 0x0821, 0x0821,
  0x0821, 0x0821, 0x0821, 0x0821, 0x0821, 0x0020, 0x0020, 0x0020,
  0x0020, 0x0020, 0x0020, 0x0821, 0x0821, 0x0020, 0x0821, 0x0821,
  0x0821, 0x0020, 0x0821, 0x0821, 0x0821, 0x0821, 0x0020, 0x0020,
  0x0060, 0x0020, 0x0060, 0x0020, 0x0020, 0x0020, 0x0020, 0x0020,
  0x00A0, 0x0020, 0x0020, 0x0060, 0x0100, 0x0821, 0x0821, 0x0821,
  0x0821, 0x0821, 0x0821, 0x0821, 0x9D56, 0xD71D, 0xD71D, 0xA597,
  0x0020, 0x5B2D, 0xD71D, 0xD73D, 0xD71D, 0xCEDC, 0xD73D, 0xDF3D,
  0x9D55, 0x0821, 0x8451, 0xE75E, 0xE75D, 0xBE39, 0x0821, 0x0841,
  0xDF1C, 0xEF7E, 0xE77E, 0x39C7, 0x0821, 0x0821, 0x0821, 0x0821,
  0xA535, 0xEF9E, 0xEF9E, 0xADB6, 0x0821, 0x5B0C, 0xE77E, 0xE77E,
  0xCE9A, 0x0821, 0x0821, 0x0821, 0xBDF7, 0xEF9E, 0xEF9E, 0x8C92,
  0x0820, 0x0820, 0x0820, 0x0820, 0x0820, 0x73CF, 0xEFBE, 0xEFBE,
  0xD6BA, 0x0820, 0x0820, 0x0860, 0x08A0, 0x6441, 0xBF84, 0xBF64,
  0xBF44, 0x53A1, 0x11A0, 0x1180, 0x1180, 0x11A0, 0x5BE0, 0xB762,
  0xB763, 0xB743, 0x4320, 0x08A0, 0x1040, 0x1020, 0x58C0, 0xF283,
  0xF283, 0xF283, 0x7101, 0x2000, 0x5880, 0xEA23, 0xF224, 0xF224,
  0xE1E4, 0xF205, 0xF205, 0xFA05, 0xA143, 0x1800, 0x1000, 0xE185,
  0xF9A6, 0xF9A6, 0xA924, 0x0001, 0x0023, 0x0415, 0x061F, 0x061F,
  0x061F, 0x05FF, 0x061F, 0x061F, 0x061F, 0x061F, 0x061F, 0x063F,
  0x063F, 0x063F, 0x063F, 0x063F, 0x04B9, 0x0084, 0x0083, 0x0042,
  0x0041, 0x0041, 0x0021, 0x0020, 0x0821, 0x0821, 0x0821, 0x0821,
  0x0821, 0x0821, 0x0821, 0x0821, 0x0021, 0x0821, 0x0821, 0x0821,
  0x0821, 0x0821, 0x0020, 0x0042, 0x0042, 0x0022, 0x0021, 0x0022,
  0x0022, 0x0063, 0x0084, 0x0085, 0x00C6, 0x00E7, 0x0128, 0x014A,
  0x01AC, 0x01CD, 0x00A4, 0x0821, 0x0001, 0x0001, 0x0021, 0x0821,
  0x0064, 0x0021, 0x0821, 0x0821, 0x0821, 0x0821, 0x0821, 0x0821,
  0x0043, 0x0821, 0x0821, 0x0084, 0x0821, 0x0821, 0x0821, 0x0821,
  0x0821, 0x0821, 0x0821, 0x0821, 0x0821, 0x0821, 0x0821, 0x0821,
  0x0821, 0x0821, 0x0821, 0x0001, 0x0821, 0x0821, 0x0821, 0x0821,
  0x0821, 0x0821, 0x0821, 0x0821, 0x0821, 0x0821, 0x0821, 0x0821,
  0x0821, 0x0821, 0x0821, 0x0821, 0x0821, 0x0821, 0x0821, 0x0821,
  0x0821, 0x0821, 0x0821, 0x0821, 0x0821, 0x0821, 0x0821, 0x0821,
  0x0821, 0x0821, 0x0821, 0x0821, 0x0821, 0x0821, 0x0821, 0x0821,
  0x0821, 0x0821, 0x0821, 0x0821, 0x0800, 0x0821, 0x0821, 0x0821,
  0x0821, 0x0821, 0x0821, 0x0821, 0x0821, 0x0821, 0x0821, 0x0821,
  0x0821, 0x0821, 0x0821, 0x0821, 0x0821, 0x0821, 0x0821, 0x0821,
  0x0821, 0x0821, 0x0821, 0x0020, 0x0020, 0x0821, 0x0020, 0x0020,
  0x0821, 0x0821, 0x0821, 0x0020, 0x0821, 0x0821, 0x0821, 0x0821,
  0x0821, 0x0821, 0x0821, 0x0020, 0x0020, 0x0020, 0x0080, 0x0821,
  0x0020, 0x0020, 0x0020, 0x0020, 0x0020, 0x0020, 0x0020, 0x0060,
  0x0020, 0x0821, 0x0821, 0x0020, 0x0821, 0x0821, 0x0821, 0x0821,
  0x9535, 0xCEFD, 0xCEFD, 0x9D76, 0x0021, 0x0021, 0x9D56, 0xCF1D,
  0xCEFD, 0xCEFD, 0xCF1D, 0xC69B, 0x2145, 0x0821, 0x7C11, 0xD71D,
  0xD71D, 0xB619, 0x0821, 0x0841, 0xD6DC, 0xDF3D, 0xDF1D, 0x31A7,
  0x0821, 0x0821, 0x0821, 0x0821, 0x9D14, 0xE75D, 0xE75D, 0xA576,
  0x0821, 0x5AEC, 0xDF3D, 0xDF3D, 0xC65A, 0x0821, 0x0821, 0x0821,
  0xADB7, 0xE75D, 0xE75D, 0x8451, 0x0020, 0x0820, 0x0820, 0x0820,
  0x0820, 0x73AF, 0xE77E, 0xE75E, 0xC67A, 0x0820, 0x0840, 0x0880,
  0x0920, 0x96A3, 0xA744, 0xA744, 0x9F44, 0x9F24, 0x9F24, 0x9F44,
  0x9F24, 0x9F23, 0x9F23, 0x9F23, 0x9F23, 0x9F23, 0x7DE2, 0x08C0,
  0x0860, 0x1020, 0x58A0, 0xF263, 0xF263, 0xF263, 0x70E1, 0x2000,
  0x2000, 0x9942, 0xF224, 0xF204, 0xF1E4, 0xF1E4, 0xF205, 0xD9C4,
  0x2000, 0x1000, 0x1000, 0xE185, 0xF9A6, 0xF9A6, 0xA924, 0x0001,
  0x0023, 0x03D5, 0x05BF, 0x05BF, 0x05BF, 0x059F, 0x057F, 0x059F,
  0x059F, 0x059F, 0x059F, 0x05BF, 0x05BF, 0x059E, 0x051C, 0x0373,
  0x0084, 0x0042, 0x0042, 0x0021, 0x0021, 0x0021, 0x0021, 0x0020,
  0x0821, 0x0821, 0x0821, 0x0821, 0x0821, 0x0821, 0x0821, 0x0821,
  0x0821, 0x0821, 0x0821, 0x0021, 0x0821, 0x0021, 0x0821, 0x0821,
  0x0821, 0x0063, 0x0084, 0x0043, 0x0022, 0x0042, 0x0043, 0x0064,
  0x00A5, 0x00E7, 0x0128, 0x014A, 0x020E, 0x0043, 0x0063, 0x0821,
  0x0064, 0x0001, 0x0001, 0x0042, 0x0001, 0x0821, 0x0001, 0x0821,
  0x0821, 0x0821, 0x0821, 0x0021, 0x0821, 0x0821, 0x0821, 0x0821,
  0x0821, 0x0821, 0x0821, 0x0821, 0x0821, 0x0821, 0x0821, 0x0821,
  0x0821, 0x0821, 0x0821, 0x0821, 0x0821, 0x0821, 0x0821, 0x0001,
  0x0821, 0x0821, 0x0821, 0x0821, 0x0821, 0x0821, 0x0821, 0x0821,
  0x0821, 0x0821, 0x0821, 0x0821, 0x0821, 0x0821, 0x0821, 0x0821,
  0x0821, 0x0821, 0x0821, 0x0821, 0x0821, 0x0821, 0x0821, 0x0821,
  0x0821, 0x0821, 0x0821, 0x0821, 0x0821, 0x0821, 0x0821, 0x0821,
  0x0821, 0x0821, 0x0821, 0x0821, 0x0821, 0x0821, 0x0821, 0x0821,
  0x0821, 0x0821, 0x0821, 0x0821, 0x0821, 0x0821, 0x0821, 0x0821,
  0x0821, 0x0821, 0x0821, 0x0821, 0x0821, 0x0821, 0x0821, 0x0821,
  0x0821, 0x0821, 0x0821, 0x0821, 0x0821, 0x0821, 0x0020, 0x0821,
  0x0821, 0x0821, 0x0821, 0x0020, 0x0020, 0x0821, 0x0020, 0x0020,
  0x0880, 0x0040, 0x0821, 0x0821, 0x0821, 0x0020, 0x0020, 0x0040,
  0x0821, 0x0040, 0x0020, 0x0020, 0x0040, 0x0900, 0x0060, 0x0821,
  0x0821, 0x0060, 0x0821, 0x0160, 0x00A0, 0x0821, 0x0020, 0x0821,
  0x0821, 0x0821, 0x0821, 0x0821, 0x9515, 0xC6DC, 0xC6DD, 0x9D77,
  0x0021, 0x0020, 0x31A7, 0xC6BB, 0xCEFD, 0xCEFD, 0xCEFD, 0x73D0,
  0x0821, 0x0821, 0x73F0, 0xD71D, 0xD71D, 0xB619, 0x0821, 0x0861,
  0xC69B, 0xD71D, 0xD6FD, 0x39E7, 0x0821, 0x0821, 0x0821, 0x0821,
  0x94F4, 0xD71D, 0xD71D, 0x9D55, 0x0821, 0x52EC, 0xD71D, 0xD71D,
  0xBE39, 0x0821, 0x0821, 0x0821, 0xA596, 0xD71D, 0xD73D, 0x7C31,
  0x0821, 0x0820, 0x0820, 0x0820, 0x0820, 0x6B8E, 0xDF3D, 0xDF3D,
  0xBE5A, 0x0020, 0x0040, 0x0080, 0x4C41, 0x8F23, 0x8F24, 0x8F24,
  0x9724, 0x8F24, 0x9724, 0x9724, 0x9724, 0x9724, 0x9724, 0x8F03,
  0x8F03, 0x8F03, 0x8F03, 0x3B60, 0x0880, 0x1020, 0x50A0, 0xF243,
  0xF243, 0xF243, 0x78E1, 0x1800, 0x1800, 0x2800, 0xD1C3, 0xF1E4,
  0xF1E4, 0xF1E4, 0xE9E5, 0x68C2, 0x1800, 0x1000, 0x1000, 0xE185,
  0xF9A6, 0xF9A6, 0xA924, 0x0001, 0x0023, 0x0395, 0x055F, 0x057F,
  0x055F, 0x014A, 0x00E8, 0x00E8, 0x0108, 0x0108, 0x0108, 0x0108,
  0x0108, 0x00A6, 0x0043, 0x0042, 0x0042, 0x0021, 0x0021, 0x0021,
  0x0021, 0x0020, 0x0021, 0x0020, 0x0020, 0x0821, 0x0821, 0x0821,
  0x0821, 0x0821, 0x0821, 0x0020, 0x0021, 0x0001, 0x0821, 0x0821,
  0x0821, 0x0821, 0x0821, 0x0821, 0x0821, 0x0821, 0x0021, 0x0084,
  0x00A5, 0x0084, 0x0043, 0x0064, 0x00A5, 0x00E7, 0x0129, 0x01AC,
  0x00E7, 0x0821, 0x0001, 0x0821, 0x0022, 0x0821, 0x0821, 0x0821,
  0x0821, 0x0821, 0x00C6, 0x0021, 0x0022, 0x0821, 0x0821, 0x0821,
  0x0821, 0x0821, 0x0821, 0x0821, 0x0821, 0x0821, 0x0821, 0x0821,
  0x0821, 0x0821, 0x0821, 0x0821, 0x0821, 0x0821, 0x0821, 0x0821,
  0x0821, 0x0821, 0x0821, 0x0821, 0x0821, 0x0821, 0x0821, 0x0821,
  0x0821, 0x0821, 0x0821, 0x0821, 0x0821, 0x0821, 0x0821, 0x0821,
  0x0821, 0x0821, 0x0821, 0x0821, 0x0821, 0x0821, 0x0821, 0x0821,
  0x0821, 0x0821, 0x0821, 0x0821, 0x0821, 0x0821, 0x0821, 0x0821,
  0x0821, 0x0821, 0x0821, 0x0821, 0x0821, 0x0821, 0x0821, 0x0821,
  0x0821, 0x0821, 0x0821, 0x0821, 0x0821, 0x0821, 0x0821, 0x0821,
  0x0821, 0x0821, 0x0821, 0x0821, 0x0821, 0x0821, 0x0821, 0x0821,
  0x0821, 0x0821, 0x0821, 0x0821, 0x0821, 0x0821, 0x0821, 0x0821,
  0x0821, 0x0821, 0x0821, 0x0821, 0x0821, 0x0821, 0x0821, 0x0821,
  0x0821, 0x0821, 0x0821, 0x0821, 0x0821, 0x0821, 0x0821, 0x0821,
  0x0020, 0x0080, 0x0821, 0x0821, 0x0821, 0x0020, 0x0020, 0x0020,
  0x0020, 0x00C0, 0x0821, 0x0821, 0x0821, 0x0821, 0x0020, 0x0821,
  0x0821, 0x0821, 0x0821, 0x0020, 0x0821, 0x0821, 0x0821, 0x0821,
  0x9515, 0xC6DD, 0xC6DD, 0x9D77, 0x0020, 0x0020, 0x0020, 0x7411,
  0xBE9B, 0xBE7B, 0x9D56, 0x0020, 0x0821, 0x0821, 0x7410, 0xCF1D,
  0xCF1D, 0xAE19, 0x0821, 0x0821, 0xBE5A, 0xCEFD, 0xCF1D, 0x8472,
  0x1082, 0x0841, 0x0841, 0x2966, 0xB5F9, 0xD71D, 0xD71D, 0x9515,
  0x0821, 0x52EC, 0xD71D, 0xCF1D, 0xB639, 0x0821, 0x0821, 0x0821,
  0x9D56, 0xD71D, 0xD71D, 0x9D35, 0x10A3, 0x1082, 0x1082, 0x0841,
  0x0821, 0x6B8E, 0xD73D, 0xD71D, 0xBE5A, 0x0020, 0x0060, 0x0920,
  0x7643, 0x7EE4, 0x7EE4, 0x6E03, 0x5CE3, 0x5CE3, 0x5CE3, 0x64E2,
  0x5CE2, 0x5CE2, 0x5CE2, 0x5CE2, 0x7603, 0x7EE3, 0x7EE3, 0x6E03,
  0x08C0, 0x0840, 0x50A0, 0xF223, 0xF223, 0xF223, 0x78E1, 0x1800,
  0x1800, 0x1800, 0x5881, 0xE9C4, 0xF1C4, 0xF1C4, 0xA923, 0x1800,
  0x1000, 0x1000, 0x1000, 0xE185, 0xF9A6, 0xF9A6, 0xA924, 0x0001,
  0x0023, 0x0355, 0x051F, 0x051F, 0x051F, 0x00E8, 0x0023, 0x0022,
  0x0022, 0x0022, 0x0022, 0x0022, 0x0022, 0x0022, 0x0022, 0x0021,
  0x0021, 0x0021, 0x0021, 0x0021, 0x0020, 0x0821, 0x0821, 0x0821,
  0x0821, 0x0821, 0x0020, 0x0020, 0x0821, 0x0821, 0x0821, 0x0821,
  0x0821, 0x0821, 0x0821, 0x0821, 0x0821, 0x0821, 0x0821, 0x0821,
  0x0001, 0x0821, 0x0821, 0x0063, 0x0821, 0x0083, 0x00C5, 0x00E7,
  0x0108, 0x0128, 0x0128, 0x0084, 0x0821, 0x0042, 0x00C5, 0x0821,
  0x0821, 0x0001, 0x0821, 0x0821, 0x0821, 0x0821, 0x0821, 0x0001,
  0x0021, 0x0821, 0x0821, 0x0821, 0x0821, 0x0821, 0x0821, 0x0821,
  0x0821, 0x0821, 0x0821, 0x0821, 0x0821, 0x0821, 0x0821, 0x0821,
  0x0821, 0x0821, 0x0821, 0x0821, 0x0821, 0x0821, 0x0821, 0x0821,
  0x0821, 0x0821, 0x0821, 0x0821, 0x0821, 0x0821, 0x0821, 0x0821,
  0x0821, 0x0821, 0x0821, 0x0821, 0x0821, 0x0821, 0x0821, 0x0821,
  0x0821, 0x0821, 0x0821, 0x0821, 0x0821, 0x0821, 0x0821, 0x0821,
  0x0821, 0x0821, 0x0821, 0x0821, 0x0821, 0x0821, 0x0821, 0x0821,
  0x0821, 0x0821, 0x0821, 0x0821, 0x0821, 0x0821, 0x0821, 0x0821,
  0x0821, 0x0821, 0x0821, 0x0821, 0x0821, 0x0821, 0x0821, 0x0821,
  0x0821, 0x0821, 0x0821, 0x0821, 0x0821, 0x0821, 0x0821, 0x0821,
  0x0821, 0x0821, 0x0821, 0x0821, 0x0821, 0x0821, 0x0821, 0x0821,
  0x0821, 0x0821, 0x0821, 0x0821, 0x0821, 0x0821, 0x0821, 0x0821,
  0x0821, 0x0020, 0x0821, 0x0821, 0x0821, 0x0020, 0x0821, 0x0821,
  0x0821, 0x0821, 0x0821, 0x0020, 0x0020, 0x0821, 0x0821, 0x0821,
  0x0821, 0x0821, 0x0821, 0x0060, 0x0020, 0x0821, 0x0821, 0x0821,
  0x0821, 0x0821, 0x0821, 0x0821, 0x9515, 0xC6DD, 0xC6FD, 0x9D77,
  0x0020, 0x0020, 0x0020, 0x0020, 0x0882, 0x0882, 0x0021, 0x0821,
  0x0821, 0x0821, 0x7411, 0xCF1D, 0xCF1D, 0xADF9, 0x0821, 0x0821,
  0x9D36, 0xCEFD, 0xCEFD, 0xCEFD, 0xCEDC, 0xC6BB, 0xC6BB, 0xCEDC,
  0xCEFD, 0xCF1D, 0xD71D, 0x6B8E, 0x0821, 0x5AEC, 0xD71D, 0xD71D,
  0xB63A, 0x0821, 0x0821, 0x0821, 0x7C31, 0xCEFD, 0xCEFD, 0xD71D,
  0xCEDC, 0xCEDC, 0xCEDB, 0xADB7, 0x0821, 0x6B8E, 0xD71D, 0xD71D,
  0xB63A, 0x0020, 0x0060, 0x4462, 0x76C4, 0x76C4, 0x6EA4, 0x2AA0,
  0x0080, 0x0080, 0x0080, 0x0080, 0x0080, 0x0080, 0x0080, 0x08A0,
  0x3301, 0x76C4, 0x76C4, 0x76A4, 0x3BC1, 0x0840, 0x50A0, 0xF223,
  0xF223, 0xF223, 0x78E1, 0x1000, 0x1000, 0x1000, 0x1000, 0x4040,
  0x6081, 0x5861, 0x1800, 0x1000, 0x1000, 0x0800, 0x0800, 0xE185,
  0xF9A6, 0xF9A6, 0xA924, 0x0001, 0x0023, 0x0335, 0x04DF, 0x04DF,
  0x04DF, 0x00E8, 0x0023, 0x0022, 0x0021, 0x0021, 0x0021, 0x0021,
  0x0021, 0x0021, 0x0021, 0x0021, 0x0021, 0x0021, 0x0020, 0x0821,
  0x0020, 0x0020, 0x0821, 0x0821, 0x0821, 0x0821, 0x0821, 0x0020,
  0x0821, 0x0821, 0x0821, 0x0821, 0x0821, 0x0821, 0x0821, 0x0821,
  0x0821, 0x0821, 0x0821, 0x0821, 0x0821, 0x0821, 0x0821, 0x0821,
  0x0821, 0x0821, 0x0821, 0x0821, 0x0821, 0x0821, 0x0821, 0x0821,
  0x0821, 0x0821, 0x0001, 0x0001, 0x0022, 0x0001, 0x0821, 0x0821,
  0x0821, 0x0821, 0x0821, 0x0821, 0x0821, 0x0821, 0x0821, 0x0821,
  0x0821, 0x0821, 0x0821, 0x0821, 0x0821, 0x0821, 0x0821, 0x0821,
  0x0821, 0x0821, 0x0821, 0x0821, 0x0821, 0x0821, 0x0821, 0x0821,
  0x0821, 0x0821, 0x0821, 0x0821, 0x0821, 0x0821, 0x0821, 0x0821,
  0x0821, 0x0821, 0x0821, 0x0821, 0x0821, 0x0821, 0x0821, 0x0821,
  0x0821, 0x0821, 0x0821, 0x0821, 0x0821, 0x0821, 0x0821, 0x0821,
  0x0821, 0x0821, 0x0821, 0x0821, 0x0821, 0x0821, 0x0821, 0x0821,
  0x0821, 0x0821, 0x0821, 0x0821, 0x0821, 0x0821, 0x0821, 0x0821,
  0x0821, 0x0821, 0x0821, 0x0821, 0x0821, 0x0821, 0x0821, 0x0821,
  0x0821, 0x0821, 0x0821, 0x0821, 0x0821, 0x0821, 0x0821, 0x0821,
  0x0821, 0x0821, 0x0821, 0x0821, 0x0821, 0x0821, 0x0821, 0x0821,
  0x0821, 0x0821, 0x0821, 0x0821, 0x0821, 0x0821, 0x0821, 0x0821,
  0x0821, 0x0821, 0x0821, 0x0821, 0x0821, 0x0821, 0x0821, 0x0821,
  0x0821, 0x0821, 0x0821, 0x0821, 0x0821, 0x0821, 0x0821, 0x0821,
  0x0821, 0x0821, 0x0821, 0x0821, 0x0821, 0x0821, 0x0821, 0x0821,
  0x0821, 0x0821, 0x0821, 0x0821, 0x0821, 0x0821, 0x0821, 0x0821,
  0x9515, 0xCEFD, 0xCEFD, 0xA597, 0x0020, 0x0020, 0x0020, 0x0821,
  0x0821, 0x0821, 0x0821, 0x0821, 0x0821, 0x0821, 0x7C11, 0xD71D,
  0xD71D, 0xB619, 0x0821, 0x0821, 0x2986, 0xADF8, 0xCEFD, 0xCEFC,
  0xCEFC, 0xCEFC, 0xCEFC, 0xCEFD, 0xCEFD, 0xCEFD, 0x94F4, 0x0821,
  0x0821, 0x5B0C, 0xD73D, 0xD73D, 0xBE5A, 0x0821, 0x0821, 0x0821,
  0x18C3, 0xADD8, 0xD6FD, 0xD71D, 0xD71C, 0xD6FC, 0xD6FC, 0xB618,
  0x0821, 0x6B8E, 0xD73D, 0xD73D, 0xBE5A, 0x0020, 0x19C0, 0x6E64,
  0x6EC4, 0x6EA4, 0x4D23, 0x0060, 0x0040, 0x0040, 0x0040, 0x0040,
  0x0040, 0x0040, 0x0040, 0x0060, 0x00A0, 0x5DA3, 0x6EC4, 0x6EA4,
  0x6623, 0x1100, 0x58A0, 0xF203, 0xF203, 0xF223, 0x78E1, 0x1000,
  0x1000, 0x1000, 0x1000, 0x1000, 0x1000, 0x1000, 0x1000, 0x0800,
  0x0800, 0x0800, 0x0800, 0xE185, 0xF9A6, 0xF9A6, 0xA924, 0x0001,
  0x0002, 0x0335, 0x04BF, 0x04BF, 0x04BF, 0x0108, 0x0022, 0x0021,
  0x0001, 0x0001, 0x0020, 0x0020, 0x0020, 0x0020, 0x0020, 0x0821,
  0x0821, 0x0041, 0x0821, 0x0821, 0x0821, 0x0020, 0x0021, 0x0821,
  0x0821, 0x0821, 0x0020, 0x0821, 0x0020, 0x0821, 0x0821, 0x0821,
  0x0821, 0x0821, 0x0821, 0x0821, 0x0821, 0x0821, 0x0821, 0x0821,
  0x0821, 0x0821, 0x0821, 0x0821, 0x0821, 0x0821, 0x0821, 0x0821,
  0x0821, 0x0821, 0x0821, 0x0821, 0x0821, 0x0821, 0x0001, 0x0821,
  0x0821, 0x0821, 0x0821, 0x0821, 0x0821, 0x0821, 0x0821, 0x0821,
  0x0021, 0x0821, 0x0821, 0x0821, 0x0821, 0x0821, 0x0821, 0x0821,
  0x0821, 0x0821, 0x0821, 0x0821, 0x0821, 0x0821, 0x0821, 0x0821,
  0x0821, 0x0821, 0x0821, 0x0821, 0x0821, 0x0821, 0x0821, 0x0821,
  0x0821, 0x0821, 0x0821, 0x0821, 0x0821, 0x0821, 0x0821, 0x0821,
  0x0821, 0x0821, 0x0821, 0x0821, 0x0821, 0x0821, 0x0821, 0x0821,
  0x0821, 0x0821, 0x0821, 0x0821, 0x0821, 0x0821, 0x0821, 0x0821,
  0x0821, 0x0821, 0x0821, 0x0821, 0x0821, 0x0821, 0x0821, 0x0821,
  0x0821, 0x0821, 0x0821, 0x0821, 0x0821, 0x0821, 0x0821, 0x0821,
  0x0821, 0x0821, 0x0821, 0x0821, 0x0821, 0x0821, 0x0821, 0x0821,
  0x0821, 0x0821, 0x0821, 0x0821, 0x0821, 0x0821, 0x0821, 0x0821,
  0x0821, 0x0821, 0x0821, 0x0821, 0x0821, 0x0821, 0x0821, 0x0821,
  0x0821, 0x0821, 0x0821, 0x0821, 0x0821, 0x0821, 0x0821, 0x0821,
  0x0821, 0x0821, 0x0821, 0x0821, 0x0821, 0x0821, 0x0821, 0x0821,
  0x0821, 0x0821, 0x0821, 0x0821, 0x0821, 0x0821, 0x0821, 0x0821,
  0x0821, 0x0821, 0x0821, 0x0821, 0x0821, 0x0821, 0x0821, 0x0821,
  0x0020, 0x0821, 0x0821, 0x0821, 0x5B4D, 0x84B3, 0x8CB3, 0x6BAF,
  0x0020, 0x0020, 0x0020, 0x0821, 0x0821, 0x0821, 0x0821, 0x0821,
  0x0821, 0x0821, 0x4AAB, 0x8CD3, 0x8CD3, 0x7410, 0x0821, 0x0821,
  0x0821, 0x0041, 0x52EC, 0x7C51, 0x8CB3, 0x8CB3, 0x8CD3, 0x8CB3,
  0x7C11, 0x3A29, 0x0821, 0x0821, 0x0821, 0x39E7, 0x8CD3, 0x8CD3,
  0x7C31, 0x0821, 0x0821, 0x0821, 0x0821, 0x0861, 0x634D, 0x8492,
  0x8CB3, 0x8CB3, 0x8CB3, 0x73F0, 0x0821, 0x4249, 0x8CD3, 0x8CD3,
  0x7C31, 0x0020, 0x2A81, 0x4C83, 0x4C83, 0x4463, 0x11A0, 0x0040,
  0x0020, 0x0020, 0x0020, 0x0020, 0x0020, 0x0020, 0x0020, 0x0020,
  0x0060, 0x2241, 0x4C83, 0x4C82, 0x4C82, 0x21C0, 0x3840, 0xB142,
  0xB162, 0xB162, 0x5060, 0x0800, 0x0800, 0x0800, 0x0800, 0x0800,
  0x0800, 0x0800, 0x0800, 0x0800, 0x0800, 0x0800, 0x0800, 0xA0E3,
  0xB104, 0xB104, 0x78A2, 0x0001, 0x0001, 0x020F, 0x0356, 0x0356,
  0x0336, 0x00A5, 0x0021, 0x0001, 0x0821, 0x0821, 0x0821, 0x0821,
  0x0821, 0x0821, 0x0821, 0x0821, 0x0821, 0x0821, 0x0821, 0x0821,
  0x0821, 0x0821, 0x0021, 0x0020, 0x0821, 0x0821, 0x0821, 0x0821,
  0x0821, 0x0821, 0x0821, 0x0821, 0x0821, 0x0821, 0x0821, 0x0821,
  0x0821, 0x0821, 0x0821, 0x0821, 0x0821, 0x0821, 0x0821, 0x0023,
  0x0821, 0x0821, 0x0821, 0x0821, 0x0821, 0x0821, 0x0821, 0x0821,
  0x0821, 0x0821, 0x0821, 0x0821, 0x0821, 0x0821, 0x0821, 0x0821,
  0x0821, 0x0821, 0x0821, 0x0821, 0x0821, 0x0821, 0x0821, 0x0821,
  0x0821, 0x0821, 0x0821, 0x0821, 0x0821, 0x0821, 0x0821, 0x0821,
  0x0821, 0x0821, 0x0821, 0x0821, 0x0821, 0x0821, 0x0821, 0x0821,
  0x0821, 0x0821, 0x0821, 0x0821, 0x0821, 0x0821, 0x0821, 0x0821,
  0x0821, 0x0821, 0x0821, 0x0821, 0x0821, 0x0821, 0x0821, 0x0821,
  0x0821, 0x0821, 0x0821, 0x0821, 0x0821, 0x0821, 0x0821, 0x0821,
  0x0821, 0x0821, 0x0821, 0x0821, 0x0821, 0x0821, 0x0821, 0x0821,
  0x0821, 0x0821, 0x0821, 0x0821, 0x0821, 0x0821, 0x0821, 0x0821,
  0x0821, 0x0821, 0x0821, 0x0821, 0x0821, 0x0821, 0x0821, 0x0821,
  0x0821, 0x0821, 0x0821, 0x0821, 0x0821, 0x0821, 0x0821, 0x0821,
  0x0821, 0x0821, 0x0821, 0x0821, 0x0821, 0x0821, 0x0821, 0x0821,
  0x0821, 0x0821, 0x0821, 0x0821, 0x0821, 0x0821, 0x0821, 0x0821,
  0x0821, 0x0821, 0x0821, 0x0821, 0x0821, 0x0821, 0x0821, 0x0821,
  0x0821, 0x0821, 0x0821, 0x0821, 0x0821, 0x0821, 0x0821, 0x0821,
  0x0821, 0x0821, 0x0821, 0x0821, 0x0821, 0x0821, 0x0821, 0x0821,
  0x0821, 0x0821, 0x0821, 0x0821, 0x0821, 0x0821, 0x0821, 0x0821,
  0x0821, 0x0821, 0x0821, 0x0821, 0x0821, 0x0821, 0x0821, 0x0821,
  0x0821, 0x0821, 0x0821, 0x0821, 0x0821, 0x0821, 0x0821, 0x0821,
  0x0821, 0x0821, 0x0821, 0x0821, 0x0821, 0x0821, 0x0821, 0x0821,
  0x0821, 0x0821, 0x0821, 0x0821, 0x0821, 0x0821, 0x0821, 0x0821,
  0x0821, 0x0821, 0x0821, 0x0821, 0x0821, 0x0821, 0x0821, 0x0821,
  0x0821, 0x0821, 0x0821, 0x0821, 0x0821, 0x0821, 0x0821, 0x0821,
  0x0821, 0x0821, 0x0821, 0x0821, 0x0821, 0x0821, 0x0821, 0x0020,
  0x0020, 0x0040, 0x0020, 0x0020, 0x0821, 0x0821, 0x0821, 0x0821,
  0x0821, 0x0821, 0x0821, 0x0821, 0x0020, 0x0040, 0x0040, 0x0040,
  0x0020, 0x0800, 0x0800, 0x0800, 0x0800, 0x0800, 0x0800, 0x0800,
  0x0800, 0x0800, 0x0800, 0x0800, 0x0800, 0x0800, 0x0800, 0x0800,
  0x0821, 0x0821, 0x0821, 0x0821, 0x0821, 0x0821, 0x0821, 0x0821,
  0x0001, 0x0001, 0x0001, 0x0001, 0x0001, 0x0001, 0x0001, 0x0821,
  0x0821, 0x0821, 0x0821, 0x0821, 0x0821, 0x0821, 0x0821, 0x0821,
  0x0821, 0x0821, 0x0020, 0x0821, 0x0821, 0x0821, 0x0821, 0x0020,
  0x0821, 0x0821, 0x0821, 0x0821, 0x0821, 0x0821, 0x0821, 0x0821,
  0x0821, 0x0821, 0x0821, 0x0821, 0x0821, 0x0821, 0x0821, 0x0821,
  0x0821, 0x0821, 0x0821, 0x0821, 0x0821, 0x0821, 0x0821, 0x0821,
  0x0821, 0x0821, 0x0821, 0x0821, 0x0821, 0x0821, 0x0821, 0x0821,
  0x0821, 0x0821, 0x0821, 0x0821, 0x0821, 0x0821, 0x0821, 0x0821,
  0x0821, 0x0821, 0x0821, 0x0821, 0x0821, 0x0821, 0x0821, 0x0821,
  0x0821, 0x0821, 0x0821, 0x0821, 0x0821, 0x0821, 0x0821, 0x0821,
  0x0821, 0x0821, 0x0821, 0x0821, 0x0821, 0x0821, 0x0821, 0x0821,
  0x0821, 0x0821, 0x0821, 0x0821, 0x0821, 0x0821, 0x0821, 0x0821,
  0x0821, 0x0821, 0x0821, 0x0821, 0x0821, 0x0821, 0x0821, 0x0821,
  0x0821, 0x0821, 0x0821, 0x0821, 0x0821, 0x0821, 0x0821, 0x0821,
  0x0821, 0x0821, 0x0821, 0x0821, 0x0821, 0x0821, 0x0821, 0x0821,
  0x0821, 0x0821, 0x0821, 0x0821, 0x0821, 0x0821, 0x0821, 0x0821,
  0x0821, 0x0821, 0x0821, 0x0821, 0x0821, 0x0821, 0x0821, 0x0821,
  0x0821, 0x0821, 0x0821, 0x0821, 0x0821, 0x0821, 0x0821, 0x0821,
  0x0821, 0x0821, 0x0821, 0x0821, 0x0821, 0x0821, 0x0821, 0x0821,
  0x0821, 0x0821, 0x0821, 0x0821, 0x0821, 0x0821, 0x0821, 0x0821,
  0x0821, 0x0821, 0x0821, 0x0821, 0x0821, 0x0821, 0x0821, 0x0821,
  0x0821, 0x0821, 0x0821, 0x0821, 0x0821, 0x0821, 0x0821, 0x0821,
  0x0821, 0x0821, 0x0821, 0x0821, 0x0821, 0x0821, 0x0821, 0x0821,
  0x0821, 0x0821, 0x0821, 0x0821, 0x0821, 0x0821, 0x0821, 0x0821,
  0x0821, 0x0821, 0x0821, 0x0821, 0x0821, 0x0821, 0x0821, 0x0821,
  0x0821, 0x0821, 0x0821, 0x0821, 0x0821, 0x0821, 0x0821, 0x0821,
  0x0821, 0x0821, 0x0821, 0x0821, 0x0821, 0x0821, 0x0821, 0x0821,
  0x0821, 0x0821, 0x0821, 0x0821, 0x0821, 0x0821, 0x0821, 0x0821,
  0x0821, 0x0821, 0x0821, 0x0821, 0x0821, 0x0821, 0x0821, 0x0821,
  0x0821, 0x0821, 0x0821, 0x0821, 0x0821, 0x0821, 0x0821, 0x0821,
  0x0821, 0x0821, 0x0821, 0x0821, 0x0821, 0x0821, 0x0821, 0x0821,
  0x0821, 0x0821, 0x0821, 0x0821, 0x0821, 0x0821, 0x0821, 0x0821,
  0x0821, 0x0821, 0x0821, 0x0821, 0x0821, 0x0821, 0x0821, 0x0821,
  0x0821, 0x0821, 0x0821, 0x0821, 0x0821, 0x0821, 0x0821, 0x0821,
  0x0821, 0x0821, 0x0821, 0x0821, 0x0821, 0x0821, 0x0821, 0x0821,
  0x0821, 0x0821, 0x0821, 0x0821, 0x0821, 0x0821, 0x0821, 0x0001,
  0x0001, 0x0821, 0x0821, 0x0821, 0x0821, 0x0821, 0x0821, 0x0821,
  0x0821, 0x0821, 0x0821, 0x0821, 0x0821, 0x0821, 0x0821, 0x0821,
  0x0821, 0x0040, 0x0821, 0x0821, 0x0821, 0x0821, 0x0821, 0x0821,
  0x0821, 0x0821, 0x0821, 0x0821, 0x0821, 0x0821, 0x0821, 0x0821,
  0x0821, 0x0821, 0x0821, 0x0821, 0x0821, 0x0821, 0x0821, 0x0821,
  0x0821, 0x0821, 0x0821, 0x0821, 0x0821, 0x0821, 0x0821, 0x0821,
  0x0821, 0x0821, 0x0821, 0x0821, 0x0821, 0x0821, 0x0821, 0x0821,
  0x0821, 0x0821, 0x0821, 0x0821, 0x0821, 0x0821, 0x0821, 0x0821,
  0x0821, 0x0821, 0x0821, 0x0821, 0x0821, 0x0821, 0x0821, 0x0821,
  0x0821, 0x0821, 0x0821, 0x0821, 0x0821, 0x0821, 0x0821, 0x0821,
  0x0821, 0x0821, 0x0821, 0x0821, 0x0821, 0x0821, 0x0821, 0x0821,
  0x0821, 0x0821, 0x0821, 0x0821, 0x0821, 0x0821, 0x0821, 0x0821,
  0x0821, 0x0821, 0x0821, 0x0821, 0x0821, 0x0821, 0x0821, 0x0821,
  0x0821, 0x0821, 0x0821, 0x0821, 0x0821, 0x0821, 0x0821, 0x0821,
  0x0821, 0x0821, 0x0821, 0x0821, 0x0821, 0x0821, 0x0821, 0x0821,
  0x0821, 0x0821, 0x0821, 0x0821, 0x0821, 0x0821, 0x0821, 0x0821,
  0x0821, 0x0821, 0x0821, 0x0821, 0x0821, 0x0821, 0x0821, 0x0821,
  0x0821, 0x0821, 0x0821, 0x0821, 0x0821, 0x0821, 0x0821, 0x0821,
  0x0821, 0x0821, 0x0821, 0x0821, 0x0821, 0x0821, 0x0821, 0x0821,
  0x0821, 0x0821, 0x0821, 0x0821, 0x0821, 0x0821, 0x0821, 0x0821,
  0x0821, 0x0821, 0x0821, 0x0821, 0x0821, 0x0821, 0x0821, 0x0821,
  0x0821, 0x0821, 0x0821, 0x0821, 0x0821, 0x0821, 0x0821, 0x0821,
  0x0821, 0x0821, 0x0821, 0x0821, 0x0821, 0x0821, 0x0821, 0x0821,
  0x0821, 0x0821, 0x0821, 0x0821, 0x0821, 0x0821, 0x0821, 0x0821,
  0x0821, 0x0821, 0x0821, 0x0821, 0x0821, 0x0821, 0x0821, 0x0821,
  0x0821, 0x0821, 0x0821, 0x0821, 0x0821, 0x0821, 0x0821, 0x0821,
  0x0821, 0x0821, 0x0821, 0x0821, 0x0821, 0x0821, 0x0821, 0x0821,
  0x0821, 0x0821, 0x0821, 0x0821, 0x0821, 0x0821, 0x0821, 0x0821,
  0x0821, 0x0821, 0x0821, 0x0821, 0x0821, 0x0821, 0x0821, 0x0821,
  0x0821, 0x0821, 0x0821, 0x0821, 0x0821, 0x0821, 0x0821, 0x0821,
  0x0821, 0x0821, 0x0821, 0x0821, 0x0821, 0x0821, 0x0821, 0x0821,
  0x0821, 0x0821, 0x0821, 0x0821, 0x0821, 0x0821, 0x0821, 0x0821,
  0x0821, 0x0821, 0x0821, 0x0821, 0x0821, 0x0821, 0x0821, 0x0821,
  0x0821, 0x0821, 0x0821, 0x0821, 0x0821, 0x0821, 0x0821, 0x0821,
  0x0821, 0x0821, 0x0821, 0x0821, 0x0821, 0x0821, 0x0821, 0x0821,
  0x0821, 0x0821, 0x0821, 0x0821, 0x0821, 0x0821, 0x0821, 0x0821,
  0x0821, 0x0821, 0x0821, 0x0821, 0x0821, 0x0821, 0x0821, 0x0821,
  0x0821, 0x0821, 0x0821, 0x0821, 0x0821, 0x0821, 0x0821, 0x0821,
  0x0821, 0x0821, 0x0821, 0x0821, 0x0821, 0x0821, 0x0821, 0x0821,
  0x0821, 0x0821, 0x0821, 0x0821, 0x0821, 0x0821, 0x0821, 0x0821,
  0x0821, 0x0821, 0x0821, 0x0821, 0x0821, 0x0821, 0x0821, 0x0821,
  0x0821, 0x0821, 0x0821, 0x0821, 0x0821, 0x0821, 0x0821, 0x0821,
  0x0821, 0x0821, 0x0821, 0x0821, 0x0821, 0x0821, 0x0821, 0x0821,
  0x0821, 0x0821, 0x0821, 0x0821, 0x0821, 0x0821, 0x0821, 0x0821,
  0x0821, 0x0821, 0x0821, 0x0821, 0x0821, 0x0821, 0x0821, 0x0821,
  0x0821, 0x0821, 0x0821, 0x0821, 0x0821, 0x0821, 0x0821, 0x0821,
  0x0821, 0x0821, 0x0821, 0x0821, 0x0821, 0x0821, 0x0821, 0x0821,
  0x0821, 0x0821, 0x0821, 0x0821, 0x0821, 0x0821, 0x0821, 0x0821,
  0x0821, 0x0821, 0x0821, 0x0821, 0x0821, 0x0821, 0x0821, 0x0821,
  0x0821, 0x0821, 0x0821, 0x0821, 0x0821, 0x0821, 0x0821, 0x0821,
  0x0821, 0x0821, 0x0821, 0x0821, 0x0821, 0x0821, 0x0821, 0x0821,
  0x0821, 0x0821, 0x0821, 0x0821, 0x0821, 0x0821, 0x0821, 0x0821,
  0x0821, 0x0821, 0x0821, 0x0821, 0x0821, 0x0821, 0x0821, 0x0821,
  0x0821, 0x0821, 0x0821, 0x0821, 0x0821, 0x0821, 0x0821, 0x0821,
  0x0821, 0x0821, 0x0821, 0x0821, 0x0821, 0x0821, 0x0821, 0x0821,
  0x0821, 0x0821, 0x0821, 0x0821, 0x0821, 0x0821, 0x0821, 0x0821,
  0x0821, 0x0821, 0x0821, 0x0821, 0x0821, 0x0821, 0x0821, 0x0821,
  0x0821, 0x0821, 0x0821, 0x0821, 0x0821, 0x0821, 0x0821, 0x0821,
  0x0821, 0x0821, 0x0821, 0x0821, 0x0821, 0x0821, 0x0821, 0x0821,
  0x0821, 0x0821, 0x0821, 0x0821, 0x0821, 0x0821, 0x0821, 0x0821,
  0x0821, 0x0821, 0x0821, 0x0821, 0x0821, 0x0821, 0x0821, 0x0821,
  0x0821, 0x0821, 0x0821, 0x0821, 0x0821, 0x0821, 0x0821, 0x0821,
  0x0821, 0x0821, 0x0821, 0x0821, 0x0821, 0x0821, 0x0821, 0x0821,
  0x0821, 0x0821, 0x0821, 0x0821, 0x0821, 0x0821, 0x0821, 0x0821,
  0x0821, 0x0821, 0x0821, 0x0821, 0x0821, 0x0821, 0x0821, 0x0821,
  0x0821, 0x0821, 0x0821, 0x0821, 0x0821, 0x0821, 0x0821, 0x0821,
  0x0821, 0x0821, 0x0821, 0x0821, 0x0821, 0x0821, 0x0821, 0x0821,
  0x0821, 0x0821, 0x0821, 0x0821, 0x0821, 0x0821, 0x0821, 0x0821,
  0x0821, 0x0821, 0x0821, 0x0821, 0x0821, 0x0821, 0x0821, 0x0821,
  0x0821, 0x0821, 0x0821, 0x0821, 0x0821, 0x0821, 0x0821, 0x0821,
  0x0821, 0x0821, 0x0821, 0x0821, 0x0821, 0x0821, 0x0821, 0x0821,
  0x0821, 0x0821, 0x0821, 0x0821, 0x0821, 0x0821, 0x0821, 0x0821,
  0x0821, 0x0821, 0x0821, 0x0821, 0x0821, 0x0821, 0x0821, 0x0821,
  0x0821, 0x0821, 0x0821, 0x0821, 0x0821, 0x0821, 0x0821, 0x0821,
  0x0821, 0x0821, 0x0821, 0x0821, 0x0821, 0x0821, 0x0821, 0x0821,
  0x0821, 0x0821, 0x0821, 0x0821, 0x0821, 0x0821, 0x0821, 0x0821,
  0x0821, 0x0821, 0x0821, 0x0821, 0x0821, 0x0821, 0x0821, 0x0821,
  0x0821, 0x0821, 0x0821, 0x0821, 0x0821, 0x0821, 0x0821, 0x0821,
  0x0821, 0x0821, 0x0821, 0x0821, 0x0821, 0x0821, 0x0821, 0x0821,
  0x0821, 0x0821, 0x0821, 0x0821, 0x0821, 0x0821, 0x0821, 0x0821,
  0x0821, 0x0821, 0x0821, 0x0821, 0x0821, 0x0821, 0x0821, 0x0821,
  0x0821, 0x0821, 0x0821, 0x0821, 0x0821, 0x0821, 0x0821, 0x0821,
  0x0821, 0x0821, 0x0821, 0x0821, 0x0821, 0x0821, 0x0821, 0x0821,
  0x0821, 0x0821, 0x0821, 0x0821, 0x0821, 0x0821, 0x0821, 0x0821,
  0x0821, 0x0821, 0x0821, 0x0821, 0x0821, 0x0821, 0x0821, 0x0821,
  0x0821, 0x0821, 0x0821, 0x0821, 0x0821, 0x0821, 0x0821, 0x0821,
  0x0821, 0x0821, 0x0821, 0x0821, 0x0821, 0x0821, 0x0821, 0x0821,
  0x0821, 0x0821, 0x0821, 0x0821, 0x0821, 0x0821, 0x0821, 0x0821,
  0x0821, 0x0821, 0x0821, 0x0821, 0x0821, 0x0821, 0x0821, 0x0821,
  0x0821, 0x0821, 0x0821, 0x0821, 0x0821, 0x0821, 0x0821, 0x0821,
  0x0821, 0x0821, 0x0821, 0x0821, 0x0821, 0x0821, 0x0821, 0x0821,
  0x0821, 0x0821, 0x0821, 0x0821, 0x0821, 0x0821, 0x0821, 0x0821,
  0x0821, 0x0821, 0x0821, 0x0821, 0x0821, 0x0821, 0x0821, 0x0821,
  0x0821, 0x0821, 0x0821, 0x0821, 0x0821, 0x0821, 0x0821, 0x0821,
  0x0821, 0x0821, 0x0821, 0x0821, 0x0821, 0x0821, 0x0821, 0x0821,
  0x0821, 0x0821, 0x0821, 0x0821, 0x0821, 0x0821, 0x0821, 0x0821,
  0x0821, 0x0821, 0x0821, 0x0821, 0x0821, 0x0821, 0x0821, 0x0821,
  0x0821, 0x0821, 0x0821, 0x0821, 0x0821, 0x0821, 0x0821, 0x0821,
  0x0821, 0x0821, 0x0821, 0x0821, 0x0821, 0x0821, 0x0821, 0x0821,
  0x0821, 0x0821, 0x0821, 0x0821, 0x0821, 0x0821, 0x0821, 0x0821,
  0x0821, 0x0821, 0x0821, 0x0821, 0x0821, 0x0821, 0x0821, 0x0821,
  0x0821, 0x0821, 0x0821, 0x0821, 0x0821, 0x0821, 0x0821, 0x0821,
  0x0821, 0x0821, 0x0821, 0x0821, 0x0821, 0x0821, 0x0821, 0x0821,
  0x0821, 0x0821, 0x0821, 0x0821, 0x0821, 0x0821, 0x0821, 0x0821,
  0x0821, 0x0821, 0x0821, 0x0821, 0x0821, 0x0821, 0x0821, 0x0821,
  0x0821, 0x0821, 0x0821, 0x0821, 0x0821, 0x0821, 0x0821, 0x0821,
  0x0821, 0x0821, 0x0821, 0x0821, 0x0821, 0x0821, 0x0821, 0x0821,
  0x0821, 0x0821, 0x0821, 0x0821, 0x0821, 0x0821, 0x0821, 0x0821,
  0x0821, 0x0821, 0x0821, 0x0821, 0x0821, 0x0821, 0x0821, 0x0821,
  0x0821, 0x0821, 0x0821, 0x0821, 0x0821, 0x0821, 0x0821, 0x0821,
  0x0821, 0x0821, 0x0821, 0x0821, 0x0821, 0x0821, 0x0821, 0x0821,
  0x0821, 0x0821, 0x0821, 0x0821, 0x0821, 0x0821, 0x0821, 0x0821,
  0x0821, 0x0821, 0x0821, 0x0821, 0x0821, 0x0821, 0x0821, 0x0821,
  0x0821, 0x0821, 0x0821, 0x0821, 0x0821, 0x0821, 0x0821, 0x0821,
  0x0821, 0x0821, 0x0821, 0x0821, 0x0821, 0x0821, 0x0821, 0x0821,
  0x0821, 0x0821, 0x0821, 0x0821, 0x0821, 0x0821, 0x0821, 0x0821,
  0x0821, 0x0821, 0x0821, 0x0821, 0x0821, 0x0821, 0x0821, 0x0821,
  0x0821, 0x0821, 0x0821, 0x0821, 0x0821, 0x0821, 0x0821, 0x0821
};
